date,pop_total,pop_prisons,pop_irc,pop_male,pop_female,pop_adult_male,pop_ycs,irc_in_total,uoc_total,uoc_prisons,uoc_irc,uoc_adult_male,uoc_female,uoc_ycs,headroom,headroom_published,headroom_calc,operating_margin,operating_margin_adult_male,operating_margin_female,operating_margin_ycs,hdc,layout,date_source,title,url,source,police_cells,week_gap_days
2011-01-07,82991.0,,,79009.0,3982.0,,,False,87936.0,,,,,,4945.0,,4945.0,2000.0,,,,2696.0,D1,title,Population Bulletin - Weekly 07 January 2011,https://assets.publishing.service.gov.uk/media/5a75bd65e5274a43682999b5/10004C3107012011_web_report.doc,bulletin_word_2011,,
2011-01-14,83305.0,,,79293.0,4012.0,,,False,87970.0,,,,,,4665.0,,4665.0,2000.0,,,,2665.0,D1,title,Population Bulletin - Weekly 14 January 2011,https://assets.publishing.service.gov.uk/media/5a7b856be5274a7318b8f32a/10004C3414012011_web_report.doc,bulletin_word_2011,,7.0
2011-01-21,83780.0,,,79727.0,4053.0,,,False,88000.0,,,,,,4220.0,,4220.0,2000.0,,,,2661.0,D1,title,Population Bulletin - Weekly 21 January 2011,https://assets.publishing.service.gov.uk/media/5a74d3ebed915d3c7d52841a/10004C3621012011_web_report.doc,bulletin_word_2011,,7.0
2011-01-28,84145.0,,,80079.0,4066.0,,,False,88009.0,,,,,,3864.0,,3864.0,2000.0,,,,2639.0,D1,title,Population Bulletin - Weekly 28 January 2011,https://assets.publishing.service.gov.uk/media/5a7c60f5e5274a7ee256710a/10004C3B28012011_web_report.doc,bulletin_word_2011,,7.0
2011-02-04,84469.0,,,80330.0,4139.0,,,False,88075.0,,,,,,3606.0,,3606.0,2000.0,,,,2626.0,D1,title,Population Bulletin - Weekly 04 February 2011,https://assets.publishing.service.gov.uk/media/5a7cad93ed915d6969f46921/10004C4204022011_web_report.doc,bulletin_word_2011,,7.0
2011-02-11,84785.0,,,80640.0,4145.0,,,False,88141.0,,,,,,3356.0,,3356.0,2000.0,,,,2550.0,D1,title,Population Bulletin - Weekly 11 February 2011,https://assets.publishing.service.gov.uk/media/5a7b8058ed915d131105fa64/10004C4511022011_web_report.doc,bulletin_word_2011,,7.0
2011-02-18,85072.0,,,80886.0,4186.0,,,False,88183.0,,,,,,3111.0,,3111.0,2000.0,,,,2622.0,D1,title,Population Bulletin - Weekly 18 February 2011,https://assets.publishing.service.gov.uk/media/5a7c7ffc40f0b62aff6c21ba/10004C5C18022011_web_report.doc,bulletin_word_2011,,7.0
2011-02-25,85206.0,,,80985.0,4221.0,,,False,88286.0,,,,,,3080.0,,3080.0,2000.0,,,,2638.0,D1,title,Population Bulletin - Weekly 25 February 2011,https://assets.publishing.service.gov.uk/media/5a7ce9e540f0b6629523c91a/10004C5F25022011_web_report.doc,bulletin_word_2011,,7.0
2011-03-04,85342.0,,,81089.0,4253.0,,,False,88338.0,,,,,,2996.0,,2996.0,2000.0,,,,2667.0,D1,title,Population Bulletin - Weekly 04 March 2011,https://assets.publishing.service.gov.uk/media/5a7c7ba8e5274a559005a2b9/10004C6604032011_web_report.doc,bulletin_word_2011,,7.0
2011-03-11,85381.0,,,81105.0,4276.0,,,False,88448.0,,,,,,3067.0,,3067.0,2000.0,,,,2699.0,D1,title,Population Bulletin - Weekly 11 March 2011,https://assets.publishing.service.gov.uk/media/5a7cd348ed915d63cc65d0f0/10004C6C11032011_web_report.doc,bulletin_word_2011,,7.0
2011-03-18,85419.0,,,81156.0,4263.0,,,False,88480.0,,,,,,3061.0,,3061.0,2000.0,,,,2689.0,D1,title,Population Bulletin - Weekly 18 March 2011,https://assets.publishing.service.gov.uk/media/5a7c1a66ed915d210ade1998/10004C7B18032011_web_report.doc,bulletin_word_2011,,7.0
2011-03-25,85454.0,,,81202.0,4252.0,,,False,87690.0,,,,,,2236.0,,2236.0,2000.0,,,,2673.0,D1,title,Population Bulletin - Weekly 25 March 2011,https://assets.publishing.service.gov.uk/media/5a7c314440f0b67d0b11f782/10004C7E25032011_web_report.doc,bulletin_word_2011,,7.0
2011-04-01,85447.0,84922.0,525.0,81206.0,4241.0,,,True,87717.0,87117.0,600.0,,,,2270.0,,2270.0,2000.0,,,,2671.0,D2,title,Population Bulletin - Weekly 01 April 2011,https://assets.publishing.service.gov.uk/media/5a7c8d3940f0b62aff6c277e/10004C8101042011_web_report.doc,bulletin_word_2011,,7.0
2011-04-08,85361.0,84812.0,549.0,81120.0,4241.0,,,True,87729.0,87135.0,594.0,,,,2368.0,,2368.0,2000.0,,,,2735.0,D2,title,Population Bulletin - Weekly 08 April 2011,https://assets.publishing.service.gov.uk/media/5a7cca1be5274a2c9a484211/prison-poulation-08-april-2011.doc,bulletin_word_2011,,7.0
2011-04-15,85439.0,84883.0,556.0,81199.0,4240.0,,,True,87759.0,87165.0,594.0,,,,2320.0,,2320.0,2000.0,,,,2720.0,D2,title,Population Bulletin - Weekly 15 April 2011,https://assets.publishing.service.gov.uk/media/5a7c0b5c40f0b63f7572afdf/Population-Bulletin-Weekly-015-April-2011.doc,bulletin_word_2011,,7.0
2011-05-06,84621.0,84094.0,527.0,80490.0,4131.0,,,True,87742.0,87148.0,594.0,,,,3121.0,,3121.0,2000.0,,,,2635.0,D2,title,Population Bulletin - Weekly 06 May 2011,https://assets.publishing.service.gov.uk/media/5a7cd28bed915d63cc65d0a9/prison-poulation-06-may-2011.doc,bulletin_word_2011,,21.0
2011-05-13,84761.0,84194.0,567.0,80653.0,4108.0,,,True,87735.0,87141.0,594.0,,,,2974.0,,2974.0,2000.0,,,,2695.0,D2,title,Population Bulletin - Weekly 13 May 2011,https://assets.publishing.service.gov.uk/media/5a7c3c2aed915d7d70d1d7c9/prison-poulation-13-may-2011.doc,bulletin_word_2011,,7.0
2011-05-20,84928.0,84346.0,582.0,80779.0,4149.0,,,True,87787.0,87153.0,634.0,,,,2859.0,,2859.0,2000.0,,,,2716.0,D2,title,Population Bulletin - Weekly 20 May 2011,https://assets.publishing.service.gov.uk/media/5a7c35d0e5274a1f5cc76879/prison-population-20-may-2011.doc,bulletin_word_2011,,7.0
2011-05-27,85136.0,84529.0,607.0,80964.0,4172.0,,,True,87837.0,87163.0,674.0,,,,2701.0,,2701.0,2000.0,,,,2696.0,D2,title,Population Bulletin - Weekly 27 May 2011,https://assets.publishing.service.gov.uk/media/5a7c57d940f0b62dffde17c4/prison-poulation-27-may-2011.doc,bulletin_word_2011,,7.0
2011-06-03,85106.0,84499.0,622.0,80930.0,4176.0,,,True,87812.0,87138.0,674.0,,,,2706.0,,2706.0,2000.0,,,,2698.0,D2,title,Population Bulletin - Weekly 03 June 2011,https://assets.publishing.service.gov.uk/media/5a7cb1bfe5274a2f304ef85f/prison-poulation-03-june-2011.doc,bulletin_word_2011,,7.0
2011-06-10,85224.0,84593.0,631.0,81055.0,4169.0,,,True,87871.0,87157.0,714.0,,,,2647.0,,2647.0,2000.0,,,,2729.0,D2,title,Population Bulletin - Weekly 10 June 2011,https://assets.publishing.service.gov.uk/media/5a7c62b4ed915d6969f4481c/prison-poulation-10-june-2011.doc,bulletin_word_2011,,7.0
2011-06-17,85345.0,84714.0,652.0,81161.0,4184.0,,,True,87914.0,87160.0,754.0,,,,2569.0,,2569.0,2000.0,,,,2732.0,D2,title,Population Bulletin - Weekly 17 June 2011,https://assets.publishing.service.gov.uk/media/5a7b8797ed915d131105fd76/prison-population-17-june-2011.doc,bulletin_word_2011,,7.0
2011-06-24,85266.0,84635.0,632.0,81103.0,4163.0,,,True,87902.0,87148.0,754.0,,,,2636.0,,2636.0,2000.0,,,,2732.0,D2,title,Population Bulletin - Weekly 24 June 2011,https://assets.publishing.service.gov.uk/media/5a74b36840f0b61df4777c43/prison-population-24-june-2011.doc,bulletin_word_2011,,7.0
2011-07-01,85376.0,84736.0,640.0,81187.0,4189.0,,,True,87955.0,87147.0,808.0,,,,2579.0,,2579.0,2000.0,,,,2751.0,D2,title,Population Bulletin - Weekly 01 July 2011,https://assets.publishing.service.gov.uk/media/5a7b9b36e5274a7202e18420/prison-population-01-july-2011.doc,bulletin_word_2011,,7.0
2011-07-08,85378.0,84739.0,639.0,81185.0,4193.0,,,True,87975.0,87147.0,828.0,,,,2597.0,,2597.0,2000.0,,,,2728.0,D2,title,Population Bulletin - Weekly 08 July 2011,https://assets.publishing.service.gov.uk/media/5a7b9c8340f0b62826a04af4/prison-population-08-july-2011.doc,bulletin_word_2011,,7.0
2011-07-15,85467.0,84813.0,654.0,81249.0,4218.0,,,True,88027.0,87147.0,880.0,,,,2560.0,,2560.0,2000.0,,,,2792.0,D2,title,Population Bulletin - Weekly 15 July 2011,https://assets.publishing.service.gov.uk/media/5a7cc7f7e5274a38e5756b50/prison-populaton-15-july-2011.doc,bulletin_word_2011,,7.0
2011-07-22,85578.0,84934.0,644.0,81382.0,4196.0,,,True,88073.0,87193.0,880.0,,,,2495.0,,2495.0,2000.0,,,,2787.0,D2,title,Population Bulletin - Weekly 22 July 2011,https://assets.publishing.service.gov.uk/media/5a7ce063e5274a2c9a484a81/prison-population-22-07-11.doc,bulletin_word_2011,,7.0
2011-07-29,85543.0,84902.0,641.0,81389.0,4154.0,,,True,88083.0,87203.0,880.0,,,,2540.0,,2540.0,2000.0,,,,2769.0,D2,title,Population Bulletin - Weekly 29 July 2011,https://assets.publishing.service.gov.uk/media/5a7c37f5ed915d7d70d1d5f9/prison-populaton-29-july-2011.doc,bulletin_word_2011,,7.0
2011-08-05,85523.0,84884.0,639.0,81354.0,4169.0,,,True,88039.0,87159.0,880.0,,,,2516.0,,2516.0,2000.0,,,,2769.0,D2,title,Population Bulletin - Weekly 5 August 2011,https://assets.publishing.service.gov.uk/media/5a748599ed915d0e8e398dc0/prison-populaton-5-aug-2011.doc,bulletin_word_2011,,7.0
2011-08-12,85931.0,85324.0,607.0,81738.0,4193.0,,,True,88049.0,87169.0,880.0,,,,2118.0,,2118.0,2000.0,,,,2773.0,D2,title,Population Bulletin - Weekly 12 August 2011,https://assets.publishing.service.gov.uk/media/5a7ba84240f0b645ba3c5bb6/prison-populaton-12-aug-2011.doc,bulletin_word_2011,,7.0
2011-08-19,86654.0,86054.0,600.0,82392.0,4262.0,,,True,88093.0,87209.0,884.0,,,,1439.0,,1439.0,2000.0,,,,2771.0,D2,title,Population Bulletin - Weekly 19 August 2011,https://assets.publishing.service.gov.uk/media/5a74996940f0b616bcb17ca3/prison-population-19-aug-2011.doc,bulletin_word_2011,,7.0
2011-08-26,86821.0,86233.0,588.0,82532.0,4289.0,,,True,88338.0,87454.0,884.0,,,,1517.0,,1517.0,2000.0,,,,2781.0,D2,title,Population Bulletin - Weekly 26 August 2011,https://assets.publishing.service.gov.uk/media/5a7c74fded915d48c240fdb4/prison-population-26-aug-2011.doc,bulletin_word_2011,,7.0
2011-09-02,86710.0,86137.0,573.0,82455.0,4255.0,,,True,88554.0,87670.0,884.0,,,,1844.0,,1844.0,2000.0,,,,2783.0,D2,title,Population Bulletin - Weekly 2 September 2011,https://assets.publishing.service.gov.uk/media/5a7c7340ed915d48c240fd08/prison-population-2-sept-2011.doc,bulletin_word_2011,,7.0
2011-09-09,86842.0,86256.0,586.0,82572.0,4270.0,,,True,88628.0,87744.0,884.0,,,,1786.0,,1786.0,2000.0,,,,2745.0,D2,title,Population Bulletin - Weekly 9 September 2011,https://assets.publishing.service.gov.uk/media/5a7c7e54e5274a2674eab05f/prison-population-9-sept-2011.doc,bulletin_word_2011,,7.0
2011-09-16,87120.0,86492.0,628.0,82876.0,4244.0,,,True,88747.0,88119.0,628.0,,,,1627.0,,1627.0,2000.0,,,,2745.0,D2,title,Population Bulletin - Weekly 16 September 2011,https://assets.publishing.service.gov.uk/media/5a7c202aed915d1c30daab8f/prison-population-16-sept-2011.doc,bulletin_word_2011,,7.0
2011-09-23,87214.0,86596.0,618.0,82961.0,4253.0,,,True,88818.0,88200.0,618.0,,,,1604.0,,1604.0,2000.0,,,,2706.0,D2,title,Population Bulletin - Weekly 23 September 2011,https://assets.publishing.service.gov.uk/media/5a7c6684ed915d6969f449be/prison-population-23-sept-2011.doc,bulletin_word_2011,,7.0
2011-09-30,87501.0,86751.0,750.0,83245.0,4256.0,,,True,88533.0,87783.0,750.0,,,,1032.0,,1032.0,2000.0,,,,2698.0,D2,title,Population Bulletin - Weekly 30 September 2011,https://assets.publishing.service.gov.uk/media/5a7ce7c4e5274a2c9a484d5b/prison-population-30-sept-2011.doc,bulletin_word_2011,,7.0
2011-10-07,87673.0,86916.0,757.0,83430.0,4243.0,,,True,88687.0,87734.0,953.0,,,,1014.0,,1014.0,2000.0,,,,2713.0,D2,title,Population Bulletin - Weekly 7 October 2011,https://assets.publishing.service.gov.uk/media/5a7cd23fe5274a34d8d3324d/prison-population-07-10-11.doc,bulletin_word_2011,,7.0
2011-10-14,87551.0,86751.0,796.0,83346.0,4205.0,,,True,89043.0,87858.0,953.0,,,,1492.0,,1492.0,2000.0,,,,2759.0,D2,title,Population Bulletin - Weekly 14 October 2011,https://assets.publishing.service.gov.uk/media/5a7c035040f0b63f7572acd0/prison-population-14-oct-2011.doc,bulletin_word_2011,,7.0
2011-10-21,87652.0,86837.0,815.0,83430.0,4222.0,,,True,89217.0,88225.0,992.0,,,,1565.0,,1565.0,2000.0,,,,2776.0,D2,title,Population Bulletin - Weekly 21 October 2011,https://assets.publishing.service.gov.uk/media/5a7c0f4ee5274a7202e194b3/prison-population-21-oct-2011.doc,bulletin_word_2011,,7.0
2011-10-28,87573.0,86754.0,819.0,83378.0,4195.0,,,True,89330.0,88338.0,992.0,,,,1757.0,,1757.0,2000.0,,,,2738.0,D2,title,Population Bulletin - Weekly 28 October 2011,https://assets.publishing.service.gov.uk/media/5a7c8a0540f0b62aff6c260f/prison-population-28-oct-2011.doc,bulletin_word_2011,,7.0
2011-11-05,87749.0,86966.0,783.0,83545.0,4204.0,,,True,89405.0,88413.0,992.0,,,,1656.0,,1656.0,2000.0,,,,2760.0,D2,title,Population Bulletin - Weekly 05 November 2011,https://assets.publishing.service.gov.uk/media/5a7c501fe5274a1b00422eac/prison-population-05-11-11.doc,bulletin_word_2011,,8.0
2011-11-11,87945.0,87102.0,843.0,83736.0,4209.0,,,True,89255.0,88263.0,992.0,,,,1310.0,,1310.0,2000.0,,,,2706.0,D2,title,Population Bulletin - Weekly 11 November 2011,https://assets.publishing.service.gov.uk/media/5a7b8abd40f0b62826a04400/prison-population-11-11-11.doc,bulletin_word_2011,,6.0
2011-11-18,88115.0,87241.0,874.0,83907.0,4208.0,,,True,89336.0,88344.0,992.0,,,,1221.0,,1221.0,2000.0,,,,2696.0,D2,title,Population Bulletin - Weekly 18 November 2011,https://assets.publishing.service.gov.uk/media/5a74aa38ed915d7ab83b58bd/prison-population-18-11-11.doc,bulletin_word_2011,,7.0
2011-11-25,88166.0,87348.0,818.0,83941.0,4225.0,,,True,89384.0,88392.0,992.0,,,,1218.0,,1218.0,2000.0,,,,2725.0,D2,title,Population Bulletin - Weekly 25 November 2011,https://assets.publishing.service.gov.uk/media/5a7c663de5274a7ee501ab41/prison-population-25-11-11.doc,bulletin_word_2011,,7.0
2011-12-02,88179.0,87371.0,808.0,83958.0,4221.0,,,True,89311.0,88319.0,992.0,,,,1132.0,,1132.0,2000.0,,,,2762.0,D2,title,Population Bulletin - Weekly 02 December 2011,https://assets.publishing.service.gov.uk/media/5a7cace8ed915d6969f468d4/prison-population-02-12-11.doc,bulletin_word_2011,,7.0
2011-12-09,88070.0,87297.0,773.0,83859.0,4211.0,,,True,89413.0,88421.0,992.0,,,,1343.0,,1343.0,,,,,2773.0,A1,title,Population Bulletin - Weekly 09 December 2011,https://assets.publishing.service.gov.uk/media/5a7c8857e5274a7b7e32111a/prison-population-09-12-11.xls,bulletin,,7.0
2011-12-16,87960.0,87212.0,748.0,83732.0,4228.0,,,True,89482.0,88490.0,992.0,,,,1522.0,,1522.0,,,,,2755.0,A1,title,Population Bulletin - Weekly 16 December 2011,https://assets.publishing.service.gov.uk/media/5a7c49ca40f0b62dffde1189/prison-population-16-12-11.xls,bulletin,,7.0
2011-12-23,87393.0,86719.0,674.0,83230.0,4163.0,,,True,89477.0,88485.0,992.0,,,,2084.0,,2084.0,,,,,2820.0,A1,title,Population Bulletin - Weekly 23 December 2011,https://assets.publishing.service.gov.uk/media/5a7b9252ed915d41476213ea/prison-population-23-12-11.xls,bulletin,,7.0
2011-12-30,86778.0,86131.0,647.0,82688.0,4090.0,,,True,89472.0,88480.0,992.0,,,,2694.0,,2694.0,,,,,2831.0,A1,title,Population Bulletin - Weekly 30 December 2011,https://assets.publishing.service.gov.uk/media/5a7c51f4ed915d3d0e87b95e/prison-population-30-12-11.xls,bulletin,,7.0
2012-01-06,86638.0,86027.0,611.0,82553.0,4085.0,,,True,89503.0,88511.0,992.0,,,,2865.0,,2865.0,,,,,2772.0,A1,title,Population Bulletin - Weekly 06 January 2012,https://assets.publishing.service.gov.uk/media/5a7b91c040f0b645ba3c52ab/prison-population-06-01-12.xls,bulletin,,7.0
2012-01-13,86896.0,86274.0,622.0,82788.0,4108.0,,,True,89463.0,88471.0,992.0,,,,2567.0,,2567.0,,,,,2700.0,A1,title,Population Bulletin - Weekly 13 January 2012,https://assets.publishing.service.gov.uk/media/5a75bce540f0b67b3d5c8d4d/prison-population-13-1-12.xls,bulletin,,7.0
2012-01-20,87261.0,86599.0,662.0,83130.0,4131.0,,,True,89441.0,88449.0,992.0,,,,2180.0,,2180.0,,,,,2681.0,A1,title,Population Bulletin - Weekly 20 January 2012,https://assets.publishing.service.gov.uk/media/5a7cbf79e5274a2f304efd34/prison-population-20-01-12.xls,bulletin,,7.0
2012-01-27,87668.0,86919.0,749.0,83483.0,4185.0,,,True,89399.0,88407.0,992.0,,,,1731.0,,1731.0,,,,,2701.0,A1,title,Population Bulletin - Weekly 27 January 2012,https://assets.publishing.service.gov.uk/media/5a7c940040f0b626628ad0b2/prison-population-27-01-12.xls,bulletin,,7.0
2012-02-03,87844.0,87135.0,709.0,83662.0,4182.0,,,True,89260.0,88392.0,868.0,,,,1416.0,,1416.0,,,,,2702.0,A1,title,Population Bulletin - Weekly 3 February 2012,https://assets.publishing.service.gov.uk/media/5a7baa6d40f0b638d61be25c/prison-population-3-02-12.xls,bulletin,,7.0
2012-02-10,87694.0,87009.0,685.0,83511.0,4183.0,,,True,89256.0,88388.0,868.0,,,,1562.0,,1562.0,,,,,2753.0,A1,title,Population Bulletin - Weekly 10 February 2012,https://assets.publishing.service.gov.uk/media/5a7b7f90e5274a7202e1790a/prison-population-10-02-12.xls,bulletin,,7.0
2012-02-17,87631.0,86870.0,761.0,83441.0,4190.0,,,True,89295.0,88427.0,868.0,,,,1664.0,,1664.0,,,,,2720.0,A1,title,Population Bulletin - Weekly 17 February 2012,https://assets.publishing.service.gov.uk/media/5a7c526540f0b6321db38681/prison-population-17-02-12.xls,bulletin,,7.0
2012-02-24,87583.0,86861.0,722.0,83376.0,4207.0,,,True,89335.0,88467.0,868.0,,,,1752.0,,1752.0,,,,,2780.0,A1,title,Population bulletin - Weekly 24 February 2012,https://assets.publishing.service.gov.uk/media/5a7c238e40f0b645ba3c6ed7/prison-population-24-02-12.xls,bulletin,,7.0
2012-03-02,87787.0,87002.0,785.0,83601.0,4186.0,,,True,89302.0,88434.0,868.0,,,,1515.0,,1515.0,,,,,2785.0,A1,title,Population bulletin - Weekly 2 March 2012,https://assets.publishing.service.gov.uk/media/5a7c6f3a40f0b62aff6c1a4f/prison-population-02-03-12.xls,bulletin,,7.0
2012-03-09,87654.0,86848.0,806.0,83490.0,4164.0,,,True,89359.0,88483.0,876.0,,,,1705.0,,1705.0,,,,,2793.0,A1,title,Population bulletin - Weekly 9 March 2012,https://assets.publishing.service.gov.uk/media/5a7cba1840f0b65b3de0acb6/prison-population-090312.xls,bulletin,,7.0
2012-03-16,87870.0,87054.0,816.0,83695.0,4175.0,,,True,89394.0,88526.0,868.0,,,,1524.0,,1524.0,,,,,2809.0,A1,title,Population Bulletin - Weekly 16 March 2012,https://assets.publishing.service.gov.uk/media/5a7cdb3540f0b65b3de0b93f/prison-population-16-march-2012.xls,bulletin,,7.0
2012-03-23,87760.0,86974.0,786.0,83590.0,4170.0,,,True,89394.0,88526.0,868.0,,,,1634.0,,1634.0,,,,,2863.0,A1,title,Population Bulletin - Weekly 23 March 2012,https://assets.publishing.service.gov.uk/media/5a7c33c640f0b67d0b11f8af/prison-population-230312.xls,bulletin,,7.0
2012-03-30,87868.0,87080.0,788.0,83642.0,4226.0,,,True,89490.0,88622.0,868.0,,,,1622.0,,1622.0,,,,,2852.0,A1,title,Population Bulletin - Weekly 30 March 2012,https://assets.publishing.service.gov.uk/media/5a74b84840f0b619c8659e04/prison-population-300312.xls,bulletin,,7.0
2012-04-13,87433.0,86680.0,753.0,83202.0,4231.0,,,True,89548.0,88680.0,868.0,,,,2115.0,,2115.0,,,,,2782.0,A1,title,Population Bulletin - Weekly 13 April 2012,https://assets.publishing.service.gov.uk/media/5a7cca06e5274a2c9a484209/prison-population-130412.xls,bulletin,,14.0
2012-04-20,87165.0,86429.0,736.0,82911.0,4254.0,,,True,89656.0,88788.0,868.0,,,,2491.0,,2491.0,,,,,2807.0,A1,title,Population Bulletin - Weekly 20 April 2012,https://assets.publishing.service.gov.uk/media/5a7c4617e5274a1b00422a87/prison-population-200412.xls,bulletin,,7.0
2012-04-27,87092.0,86296.0,796.0,82846.0,4246.0,,,True,89751.0,88883.0,868.0,,,,2659.0,,2659.0,,,,,2859.0,A1,title,Population Bulletin - Weekly 27 April 2012,https://assets.publishing.service.gov.uk/media/5a74947ce5274a44083b7d0a/prison-population-270412.xls,bulletin,,7.0
2012-05-04,87336.0,86534.0,802.0,83089.0,4247.0,,,True,89843.0,88975.0,868.0,,,,2507.0,,2507.0,,,,,2871.0,A1,title,Population Bulletin - Weekly 04 May 2012,https://assets.publishing.service.gov.uk/media/5a7cbaade5274a38e5756647/prison-population-040512.xls,bulletin,,7.0
2012-05-11,87212.0,86400.0,812.0,82965.0,4247.0,,,True,89915.0,89047.0,868.0,,,,2703.0,,2703.0,,,,,2865.0,A1,title,Population Bulletin - Weekly 11 May 2012,https://assets.publishing.service.gov.uk/media/5a7ba89de5274a7318b9015d/prison-population-110512.xls,bulletin,,7.0
2012-05-18,87123.0,86308.0,815.0,82916.0,4207.0,,,True,90006.0,89138.0,868.0,,,,2883.0,,2883.0,,,,,2860.0,A1,title,Population Bulletin - Weekly 18 May 2012,https://assets.publishing.service.gov.uk/media/5a7cc4c7e5274a2f304eff46/prison-population-180512.xls,bulletin,,7.0
2012-05-25,86980.0,86182.0,798.0,82746.0,4234.0,,,True,90141.0,89273.0,868.0,,,,3161.0,,3161.0,,,,,2861.0,A1,title,Population Bulletin - Weekly 25 May 2012,https://assets.publishing.service.gov.uk/media/5a7c6ac3e5274a5255bce7fb/prison-population-25-may-2012.xls,bulletin,,7.0
2012-06-01,87028.0,86232.0,796.0,82837.0,4191.0,,,True,90291.0,89423.0,868.0,,,,3263.0,,3263.0,,,,,2831.0,A1,title,Population Bulletin - Weekly 01 June 2012,https://assets.publishing.service.gov.uk/media/5a75a47ced915d506ee80617/prison-population-010612.xls,bulletin,,7.0
2012-06-08,86702.0,85886.0,816.0,82567.0,4135.0,,,True,90236.0,89368.0,868.0,,,,3534.0,,3534.0,,,,,2829.0,A1,title,Population Bulletin - Weekly 08 June 2012,https://assets.publishing.service.gov.uk/media/5a7b9d05ed915d4147621854/prison-population-080612.xls,bulletin,,7.0
2012-06-15,86479.0,85668.0,811.0,82391.0,4088.0,,,True,90275.0,89407.0,868.0,,,,3796.0,,3796.0,,,,,2785.0,A1,title,Population Bulletin - Weekly 15 June 2012,https://assets.publishing.service.gov.uk/media/5a75c105ed915d506ee813a3/prison-population-150612.xls,bulletin,,7.0
2012-06-22,86456.0,85697.0,759.0,82340.0,4116.0,,,True,90310.0,89442.0,868.0,,,,3854.0,,3854.0,,,,,2768.0,A1,title,Population Bulletin - Weekly 22 June 2012,https://assets.publishing.service.gov.uk/media/5a7c6b4fed915d6969f44bab/prison-population-220612.xls,bulletin,,7.0
2012-06-29,86352.0,85617.0,735.0,82213.0,4139.0,,,True,90106.0,89238.0,868.0,,,,3754.0,,3754.0,,,,,2849.0,A1,title,Population Bulletin - Weekly 29 June 2012,https://assets.publishing.service.gov.uk/media/5a7c75cc40f0b62aff6c1d22/prison-population-290612.xls,bulletin,,7.0
2012-07-06,86452.0,85769.0,683.0,82315.0,4137.0,,,True,90179.0,89311.0,868.0,,,,3727.0,,3727.0,,,,,2893.0,A1,title,Population Bulletin - Weekly 06 July 2012,https://assets.publishing.service.gov.uk/media/5a7cbc61e5274a2f304efc3f/prison-population-060712.xls,bulletin,,7.0
2012-07-13,86562.0,85913.0,649.0,82410.0,4152.0,,,True,90246.0,89378.0,868.0,,,,3684.0,,3684.0,,,,,2920.0,A1,title,Population Bulletin - Weekly 13 July 2012,https://assets.publishing.service.gov.uk/media/5a7cd196e5274a2c9a4844cc/prison-population-13-07-12.xls,bulletin,,7.0
2012-07-20,86526.0,85877.0,649.0,82355.0,4171.0,,,True,90295.0,89427.0,868.0,,,,3769.0,,3769.0,,,,,2897.0,A1,title,Population Bulletin - Weekly 20 July 2012,https://assets.publishing.service.gov.uk/media/5a7593d5e5274a545822c986/prison-population-200712.xls,bulletin,,7.0
2012-07-27,86618.0,85942.0,676.0,82451.0,4167.0,,,True,90350.0,89482.0,868.0,,,,3732.0,,3732.0,,,,,2884.0,A1,title,Population Bulletin - Weekly 27 July 2012,https://assets.publishing.service.gov.uk/media/5a7c1e1c40f0b61a825d6905/prison-population-270712.xls,bulletin,,7.0
2012-08-03,86745.0,86017.0,728.0,82580.0,4165.0,,,True,90472.0,89604.0,868.0,,,,3727.0,,3727.0,,,,,2884.0,A1,title,Population Bulletin - Weekly 03 August 2012,https://assets.publishing.service.gov.uk/media/5a7c7390e5274a5590059f4e/prison-population-030812.xls,bulletin,,7.0
2012-08-10,86779.0,86050.0,729.0,82595.0,4184.0,,,True,90574.0,89706.0,868.0,,,,3795.0,,3795.0,,,,,2871.0,A1,title,Population Bulletin - Weekly 10 August 2012,https://assets.publishing.service.gov.uk/media/5a7cd83ce5274a2c9a484759/prison-population-100812.xls,bulletin,,7.0
2012-08-17,86801.0,86037.0,764.0,82669.0,4132.0,,,True,90707.0,89839.0,868.0,,,,3906.0,,3906.0,,,,,2872.0,A1,title,Population Bulletin - Weekly 17 August 2012,https://assets.publishing.service.gov.uk/media/5a7c0098ed915d4147622282/prison-population-170812.xls,bulletin,,7.0
2012-08-24,86841.0,86036.0,805.0,82716.0,4125.0,,,True,90812.0,89944.0,868.0,,,,3971.0,,3971.0,,,,,2852.0,A1,title,Population Bulletin - Weekly 24 August 2012,https://assets.publishing.service.gov.uk/media/5a7b9880ed915d1311060459/prison-population-240812.xls,bulletin,,7.0
2012-08-31,86708.0,85904.0,804.0,82594.0,4114.0,,,True,90897.0,90029.0,868.0,,,,4189.0,,4189.0,,,,,2850.0,A1,title,Population Bulletin - Weekly 31 August 2012,https://assets.publishing.service.gov.uk/media/5a7c220a40f0b645ba3c6e3e/prison-population-310812.xls,bulletin,,7.0
2012-09-07,86656.0,85825.0,831.0,82504.0,4152.0,,,True,90914.0,90046.0,868.0,,,,4258.0,,4258.0,,,,,2795.0,A1,title,Population Bulletin - Weekly 07 September 2012,https://assets.publishing.service.gov.uk/media/5a7c0be540f0b645ba3c65df/prison-population-070912.xls,bulletin,,7.0
2012-09-14,86553.0,85746.0,807.0,82409.0,4144.0,,,True,90970.0,90102.0,868.0,,,,4417.0,,4417.0,,,,,2788.0,A1,title,Population Bulletin - Weekly 14 September 2012,https://assets.publishing.service.gov.uk/media/5a7b91e9ed915d13110601be/prison-population-140912.xls,bulletin,,7.0
2012-09-21,86499.0,85676.0,823.0,82360.0,4139.0,,,True,91020.0,90152.0,868.0,,,,4521.0,,4521.0,,,,,2777.0,A1,title,Population Bulletin - Weekly 21 September 2012,https://assets.publishing.service.gov.uk/media/5a7c925e40f0b62aff6c29c0/prison-population-210912.xls,bulletin,,7.0
2012-09-28,86507.0,85690.0,817.0,82374.0,4133.0,,,True,91084.0,90216.0,868.0,,,,4577.0,,4577.0,,,,,2768.0,A1,title,Population Bulletin - Weekly 28 September 2012,https://assets.publishing.service.gov.uk/media/5a7ba17040f0b62826a04cfc/prison-population-280912.xls,bulletin,,7.0
2012-10-05,86420.0,85607.0,813.0,82294.0,4126.0,,,True,91054.0,90186.0,868.0,,,,4634.0,,4634.0,,,,,2751.0,A1,title,Population Bulletin - Weekly 05 October 2012,https://assets.publishing.service.gov.uk/media/5a7c9c1540f0b6629523aa11/prison-population-051012.xls,bulletin,,7.0
2012-10-12,86301.0,85489.0,812.0,82171.0,4130.0,,,True,91084.0,90216.0,868.0,,,,4783.0,,4783.0,,,,,2797.0,A1,title,Population Bulletin - Weekly 12 October 2012,https://assets.publishing.service.gov.uk/media/5a7c3318e5274a1f5cc76746/prison-population-121012.xls,bulletin,,7.0
2012-10-19,86293.0,85473.0,820.0,82181.0,4112.0,,,True,91074.0,90206.0,868.0,,,,4781.0,,4781.0,,,,,2799.0,A1,title,Population Bulletin - Weekly 19 October 2012,https://assets.publishing.service.gov.uk/media/5a7c892440f0b626628acbf5/prison-population-191012.xls,bulletin,,7.0
2012-10-26,86321.0,85495.0,826.0,82180.0,4141.0,,,True,91054.0,90186.0,868.0,,,,4733.0,,4733.0,,,,,2789.0,A1,title,Population Bulletin - Weekly 26 October 2012,https://assets.publishing.service.gov.uk/media/5a7c338ae5274a1f5cc76780/prison-population-26-10-12.xls,bulletin,,7.0
2012-11-02,86283.0,85480.0,803.0,82142.0,4141.0,,,True,91054.0,90186.0,868.0,,,,4771.0,,4771.0,,,,,2769.0,A1,title,Population Bulletin - Weekly 02 November 2012,https://assets.publishing.service.gov.uk/media/5a7c233b40f0b645ba3c6eb3/prison-population-021112.xls,bulletin,,7.0
2012-11-09,86105.0,85306.0,799.0,81981.0,4124.0,,,True,91043.0,90175.0,868.0,,,,4938.0,,4938.0,,,,,2731.0,A1,title,Population Bulletin - Weekly 09 November 2012,https://assets.publishing.service.gov.uk/media/5a7c681fe5274a5590059a74/prison-population-091112.xls,bulletin,,7.0
2012-11-16,86268.0,85442.0,826.0,82106.0,4162.0,,,True,91063.0,90195.0,868.0,,,,4795.0,,4795.0,,,,,2702.0,A1,title,Population Bulletin - Weekly 16 November 2012,https://assets.publishing.service.gov.uk/media/5a7c5bf940f0b6601cef574d/prison-population-161112.xls,bulletin,,7.0
2012-11-23,86158.0,85336.0,822.0,81984.0,4174.0,,,True,90995.0,90127.0,868.0,,,,4837.0,,4837.0,,,,,2714.0,A1,title,Population Bulletin - Weekly 23 November 2012,https://assets.publishing.service.gov.uk/media/5a756b83e5274a3edd9a4c6d/prison-population-231112.xls,bulletin,,7.0
2012-11-30,86047.0,85228.0,819.0,81894.0,4153.0,,,True,90855.0,89987.0,868.0,,,,4808.0,,4808.0,,,,,2748.0,A1,title,Population Bulletin - Weekly 30 November 2012,https://assets.publishing.service.gov.uk/media/5a7cd07c40f0b6629523bf9d/prison-population-301112.xls,bulletin,,7.0
2012-12-07,85768.0,84968.0,800.0,81677.0,4091.0,,,True,90785.0,89917.0,868.0,,,,5017.0,,5017.0,,,,,2731.0,A1,title,Population Bulletin - Weekly 07 December 2012,https://assets.publishing.service.gov.uk/media/5a7b7f07ed915d131105f9e1/prison-population-071212.xls,bulletin,,7.0
2012-12-14,85250.0,84512.0,738.0,81197.0,4053.0,,,True,90727.0,89859.0,868.0,,,,5477.0,,5477.0,,,,,2760.0,A1,title,Population Bulletin - Weekly 14 December 2012,https://assets.publishing.service.gov.uk/media/5a74ee70ed915d502d6cc273/prison-population-141212.xls,bulletin,,7.0
2012-12-21,84705.0,83998.0,707.0,80709.0,3996.0,,,True,90442.0,89574.0,868.0,,,,5737.0,,5737.0,,,,,2793.0,A1,title,Population Bulletin - Weekly 21 December 2012,https://assets.publishing.service.gov.uk/media/5a7ca1cae5274a38e5755c58/prison-population-211212.xls,bulletin,,7.0
2012-12-28,83909.0,83205.0,704.0,79982.0,3927.0,,,True,90442.0,89574.0,868.0,,,,6533.0,,6533.0,,,,,2798.0,A1,title,Population Bulletin - Weekly 28 December 2012,https://assets.publishing.service.gov.uk/media/5a7c77d8ed915d6969f45155/prison-population-281212.xls,bulletin,,7.0
2013-01-04,83632.0,82957.0,675.0,79750.0,3882.0,,,True,90451.0,89583.0,868.0,,,,6819.0,,6819.0,,,,,2744.0,A1,title,Population Bulletin - Weekly 04 January 2013,https://assets.publishing.service.gov.uk/media/5a74bdaced915d4d83b5e945/prison-population-040113.xls,bulletin,,7.0
2013-01-11,83825.0,83087.0,738.0,79916.0,3909.0,,,True,90519.0,89651.0,868.0,,,,6694.0,,6694.0,,,,,2682.0,A1,title,Population Bulletin - Weekly 11 January 2013,https://assets.publishing.service.gov.uk/media/5a7c025940f0b645ba3c6238/prison-population-110113.xls,bulletin,,7.0
2013-01-18,83913.0,83166.0,747.0,80008.0,3905.0,,,True,90338.0,89470.0,868.0,,,,6425.0,,6425.0,,,,,2671.0,A1,title,Population Bulletin - Weekly 18 January 2013,https://assets.publishing.service.gov.uk/media/5a74db5840f0b65c0e84508e/prison-population-180113.xls,bulletin,,7.0
2013-01-25,83837.0,83062.0,775.0,79919.0,3918.0,,,True,90105.0,89237.0,868.0,,,,6268.0,,6268.0,,,,,2638.0,A1,title,Population Bulletin - Weekly 25 January 2013,https://assets.publishing.service.gov.uk/media/5a7c447fed915d7d70d1db3d/prison-population-250113.xls,bulletin,,7.0
2013-02-01,83999.0,83204.0,795.0,80089.0,3910.0,,,True,89834.0,88966.0,868.0,,,,5835.0,,5835.0,,,,,2630.0,A1,title,Population Bulletin - Weekly 01 February 2013,https://assets.publishing.service.gov.uk/media/5a7c9425e5274a7b7e321625/prison-population-010213.xls,bulletin,,7.0
2013-02-08,84305.0,83504.0,801.0,80373.0,3932.0,,,True,89588.0,88720.0,868.0,,,,5283.0,,5283.0,,,,,2644.0,A1,title,Population Bulletin - Weekly 08 February 2013,https://assets.publishing.service.gov.uk/media/5a7c7f12e5274a559005a44e/prison-population-080213.xls,bulletin,,7.0
2013-02-15,84344.0,83556.0,788.0,80390.0,3954.0,,,True,89328.0,88460.0,868.0,,,,4984.0,,4984.0,,,,,2662.0,A1,title,Population Bulletin - Weekly 15 February 2013,https://assets.publishing.service.gov.uk/media/5a7ca43aed915d6969f46509/prison-population-150213.xls,bulletin,,7.0
2013-02-22,84424.0,83637.0,787.0,80465.0,3959.0,,,True,89013.0,88145.0,868.0,,,,4589.0,,4589.0,,,,,2650.0,A1,title,Population Bulletin - Weekly 22 February 2013,https://assets.publishing.service.gov.uk/media/5a7c826340f0b626628ac901/prison-population-220213.xls,bulletin,,7.0
2013-03-01,84431.0,83650.0,781.0,80464.0,3967.0,,,True,88776.0,87908.0,868.0,,,,4345.0,,4345.0,,,,,2650.0,A1,title,Population Bulletin - Weekly 01 March 2013,https://assets.publishing.service.gov.uk/media/5a7c3828ed915d76e2ebbe2c/prison-population-010313.xls,bulletin,,7.0
2013-03-08,84505.0,83711.0,794.0,80547.0,3958.0,,,True,88513.0,87645.0,868.0,,,,4008.0,,4008.0,,,,,2662.0,A1,title,Population Bulletin - Weekly 08 March 2013,https://assets.publishing.service.gov.uk/media/5a7c2541e5274a1f5cc7612f/prison-population-080313.xls,bulletin,,7.0
2013-03-15,84501.0,,,,,,,,88259.0,,,,,,3758.0,,3758.0,,,,,,,,Population Bulletin - Weekly 22 March 2013,https://assets.publishing.service.gov.uk/media/5a7b1ee940f0b66eab99f217/prison-population-220313.xls,recovered_from_next_bulletin_last_week_block,,7.0
2013-03-22,84596.0,83852.0,744.0,80667.0,3929.0,,,True,88004.0,87136.0,868.0,,,,3408.0,,3408.0,,,,,2639.0,A1,title,Population Bulletin - Weekly 22 March 2013,https://assets.publishing.service.gov.uk/media/5a7b1ee940f0b66eab99f217/prison-population-220313.xls,bulletin,,7.0
2013-04-05,83867.0,83178.0,689.0,79990.0,3877.0,,,True,88014.0,87110.0,904.0,,,,4147.0,,4147.0,,,,,2534.0,A1,title,Population Bulletin - Weekly 5 April 2013,https://assets.publishing.service.gov.uk/media/5a7b08ef40f0b66a2fc04a99/prison-population-050413.xls,bulletin,,14.0
2013-04-12,83923.0,83253.0,670.0,80034.0,3889.0,,,True,88019.0,87115.0,904.0,,,,4096.0,,4096.0,,,,,2536.0,A1,title,Population Bulletin - Weekly 12 April 2013,https://assets.publishing.service.gov.uk/media/5a7acf7aed915d71db8b2a1c/prison-population-120413.xls,bulletin,,7.0
2013-04-19,83888.0,83167.0,721.0,79997.0,3891.0,,,True,87986.0,87082.0,904.0,,,,4098.0,,4098.0,,,,,2553.0,A1,title,Population Bulletin - Weekly 19 April 2013,https://assets.publishing.service.gov.uk/media/5a7a4b9f40f0b66eab99b29f/prison-population-190413.xls,bulletin,,7.0
2013-04-26,84083.0,83314.0,769.0,80193.0,3890.0,,,True,87930.0,87026.0,904.0,,,,3847.0,,3847.0,,,,,2563.0,A1,title,Population Bulletin - Weekly 26 April 2013,https://assets.publishing.service.gov.uk/media/5a7b4aed40f0b646469352d7/prison-population-260413.xls,bulletin,,7.0
2013-05-03,84137.0,83334.0,803.0,80241.0,3896.0,,,True,87988.0,87084.0,904.0,,,,3851.0,,3851.0,,,,,2539.0,A1,title,Population Bulletin - Weekly 3 May 2013,https://assets.publishing.service.gov.uk/media/5a757c7aed915d731495a56b/prison-population-030513.xls,bulletin,,7.0
2013-05-10,83973.0,83151.0,822.0,80080.0,3893.0,,,True,87997.0,87093.0,904.0,,,,4024.0,,4024.0,,,,,2504.0,A1,title,Population Bulletin - Weekly 10 May 2013,https://assets.publishing.service.gov.uk/media/5a7aee5ee5274a319e77bbb8/prison-population-10-may-2013.xls,bulletin,,7.0
2013-05-17,84029.0,83172.0,857.0,80149.0,3880.0,,,True,87929.0,87025.0,904.0,,,,3900.0,,3900.0,,,,,2471.0,A1,title,Population Bulletin - Weekly 17 May 2013,https://assets.publishing.service.gov.uk/media/5a75a9c7ed915d6faf2b4bb9/prison-population-17-may-2013.xls,bulletin,,7.0
2013-05-24,84174.0,83319.0,855.0,80286.0,3888.0,,,True,87929.0,87025.0,904.0,,,,3755.0,,3755.0,,,,,2442.0,A1,title,Population Bulletin - Weekly 24 May 2013,https://assets.publishing.service.gov.uk/media/5a7c7b6aed915d48c241008f/prison-population-24-may-2013.xls,bulletin,,7.0
2013-05-31,83897.0,83055.0,842.0,80044.0,3853.0,,,True,87935.0,87031.0,904.0,,,,4038.0,,4038.0,,,,,2445.0,A1,title,Population Bulletin - Weekly 31 May 2013,https://assets.publishing.service.gov.uk/media/5a74efbced915d502d6cc32b/prison-population-31-may-2013.xls,bulletin,,7.0
2013-06-07,83750.0,82938.0,812.0,79936.0,3814.0,,,True,87934.0,87030.0,904.0,,,,4184.0,,4184.0,,,,,2442.0,A1,title,Population Bulletin - Weekly 7 June 2013,https://assets.publishing.service.gov.uk/media/5a7ca5f2ed915d6969f465da/prison-population-07-june-2013.xls,bulletin,,7.0
2013-06-14,83661.0,82860.0,801.0,79849.0,3812.0,,,True,87914.0,87010.0,904.0,,,,4253.0,,4253.0,,,,,2451.0,A1,title,Population Bulletin - Weekly 14 June 2013,https://assets.publishing.service.gov.uk/media/5a7c2461ed915d1b3a307acb/prison-population-14-june-2013.xls,bulletin,,7.0
2013-06-21,83706.0,82926.0,780.0,79851.0,3855.0,,,True,87872.0,86968.0,904.0,,,,4166.0,,4166.0,,,,,2427.0,A1,title,Population Bulletin - Weekly 21 June 2013,https://assets.publishing.service.gov.uk/media/5a7bac55ed915d1311060c37/prison-population-21-june-2013.xls,bulletin,,7.0
2013-06-28,83796.0,83005.0,791.0,79949.0,3847.0,,,True,87822.0,86918.0,904.0,,,,4026.0,,4026.0,,,,,2440.0,A1,title,Population Bulletin - Weekly 28 June 2013,https://assets.publishing.service.gov.uk/media/5a7c944aed915d12ab4bbb83/prison-population-28-june-2013.xls,bulletin,,7.0
2013-07-05,83902.0,83064.0,838.0,80068.0,3834.0,,,True,87802.0,86898.0,904.0,,,,3900.0,,3900.0,,,,,2445.0,A1,title,Population Bulletin - Weekly 5 July 2013,https://assets.publishing.service.gov.uk/media/5a7b9aaa40f0b645ba3c5640/prison-population-4-july-2013.xls,bulletin,,7.0
2013-07-12,84091.0,83252.0,839.0,80227.0,3864.0,,,True,87764.0,86860.0,904.0,,,,3673.0,,3673.0,,,,,2430.0,A1,title,Population Bulletin - Weekly 12 July 2013,https://assets.publishing.service.gov.uk/media/5a7ced7bed915d211b1ca41c/prison-population-figures-12-july-2013.xls,bulletin,,7.0
2013-07-19,84006.0,83158.0,848.0,80198.0,3808.0,,,True,87784.0,86880.0,904.0,,,,3778.0,,3778.0,,,,,2433.0,A1,title,Population Bulletin - Weekly 19 July 2013,https://assets.publishing.service.gov.uk/media/5a7ba93440f0b638d61be1db/prison-population-figures-19-july-2013.xls,bulletin,,7.0
2013-07-26,84052.0,83223.0,829.0,80221.0,3831.0,,,True,87798.0,86894.0,904.0,,,,3746.0,,3746.0,,,,,2483.0,A1,title,Population Bulletin - Weekly 26 July 2013,https://assets.publishing.service.gov.uk/media/5a7cb39be5274a2f304ef907/prison-population-260713.xls,bulletin,,7.0
2013-08-02,84022.0,83240.0,782.0,80171.0,3851.0,,,True,87780.0,86876.0,904.0,,,,3758.0,,3758.0,,,,,2474.0,A1,title,Population Bulletin - Weekly 2 August 2013,https://assets.publishing.service.gov.uk/media/5a74df9840f0b65c0e8452d1/prison-population-02-august-2013.xls,bulletin,,7.0
2013-08-09,84285.0,83469.0,816.0,80394.0,3891.0,,,True,87768.0,86864.0,904.0,,,,3483.0,,3483.0,,,,,2474.0,A1,title,Population Bulletin - Weekly 9 August 2013,https://assets.publishing.service.gov.uk/media/5a7c50cded915d338141dfea/prison-population-figures-09-aug-2013.xls,bulletin,,7.0
2013-08-16,84345.0,83511.0,834.0,80438.0,3907.0,,,True,87794.0,86890.0,904.0,,,,3449.0,,3449.0,,,,,2475.0,A1,title,Population Bulletin - Weekly 16 August 2013,https://assets.publishing.service.gov.uk/media/5a7ce262e5274a2c9a484b3f/prison-population-figures-16082013.xls,bulletin,,7.0
2013-08-23,84232.0,83428.0,804.0,80325.0,3907.0,,,True,87809.0,86905.0,904.0,,,,3577.0,,3577.0,,,,,2471.0,A1,title,Population Bulletin - Weekly 23 August 2013,https://assets.publishing.service.gov.uk/media/5a7c8366ed915d6969f45677/prison-population-230813.xls,bulletin,,7.0
2013-08-30,84066.0,83302.0,764.0,80186.0,3880.0,,,True,87784.0,86880.0,904.0,,,,3718.0,,3718.0,,,,,2388.0,A1,title,Population Bulletin - Weekly 30 August 2013,https://assets.publishing.service.gov.uk/media/5a74d19eed915d3c7d528323/prison-population-30-08-2013.xls,bulletin,,7.0
2013-09-06,84135.0,83374.0,761.0,80262.0,3873.0,,,True,87780.0,86876.0,904.0,,,,3645.0,,3645.0,,,,,2439.0,A1,title,Population Bulletin -Weekly 6 September 2013,https://assets.publishing.service.gov.uk/media/5a7c286ae5274a25a9140d40/population-figures-060913.xls,bulletin,,7.0
2013-09-13,84231.0,83488.0,743.0,80339.0,3892.0,,,True,87805.0,86901.0,904.0,,,,3574.0,,3574.0,,,,,2429.0,A1,title,Population Bulletin - Weekly 13 September 2013,https://assets.publishing.service.gov.uk/media/5a7c9f97ed915d12ab4bc095/population-figures-13092013.xls,bulletin,,7.0
2013-09-20,84197.0,83448.0,749.0,80323.0,3874.0,,,True,87834.0,86930.0,904.0,,,,3637.0,,3637.0,,,,,2424.0,A1,title,Population Bulletin - Weekly 20 September 2013,https://assets.publishing.service.gov.uk/media/5a7ba9bbe5274a7318b901ca/prison-population-200913.xls,bulletin,,7.0
2013-09-27,84430.0,83684.0,746.0,80497.0,3933.0,,,True,87788.0,86884.0,904.0,,,,3358.0,,3358.0,,,,,2407.0,A1,title,Population Bulletin - Weekly 27 September 2013,https://assets.publishing.service.gov.uk/media/5a7c13fd40f0b645ba3c68ee/prison-population-270913.xls,bulletin,,7.0
2013-10-04,84627.0,83856.0,771.0,80718.0,3909.0,,,True,86305.0,85401.0,904.0,,,,1678.0,,1678.0,,,,,2411.0,A1,title,Population Bulletin - Weekly 4 October 2013,https://assets.publishing.service.gov.uk/media/5a7c412340f0b6321db37f3f/prison-population-4-october-2013.xls,bulletin,,7.0
2013-10-11,84832.0,84078.0,754.0,80880.0,3952.0,,,True,86058.0,85154.0,904.0,,,,1226.0,,1226.0,,,,,2408.0,A1,title,Population Bulletin - Weekly 11 October 2013,https://assets.publishing.service.gov.uk/media/5a7c3061e5274a1f5cc76605/prison-population-11102013.xls,bulletin,,7.0
2013-10-18,84987.0,84223.0,764.0,81054.0,3933.0,,,True,85828.0,84924.0,904.0,,,,841.0,,841.0,,,,,2372.0,A1,title,Population Bulletin - Weekly 18 October 2013,https://assets.publishing.service.gov.uk/media/5a7c48baed915d7d70d1dd21/prison-population-18-10-2013.xls,bulletin,,7.0
2013-10-25,85235.0,84453.0,782.0,81290.0,3945.0,,,True,86046.0,85204.0,842.0,,,,811.0,,811.0,,,,,2419.0,A1,title,Population Bulletin - Weekly 25 October 2013,https://assets.publishing.service.gov.uk/media/5a7ca7e1e5274a38e5755ef8/population-figures-25-10-2013.xls,bulletin,,7.0
2013-11-01,85241.0,84463.0,778.0,81258.0,3983.0,,,True,86002.0,85160.0,842.0,,,,761.0,,761.0,,,,,2457.0,A1,title,Population Bulletin - Weekly 1 November 2013,https://assets.publishing.service.gov.uk/media/5a7cbec240f0b65b3de0ae93/prison-population-011113.xls,bulletin,,7.0
2013-11-08,85337.0,84542.0,795.0,81371.0,3966.0,,,True,85995.0,85153.0,842.0,,,,658.0,,658.0,,,,,2448.0,A1,title,Population Bulletin - Weekly 8 November 2013,https://assets.publishing.service.gov.uk/media/5a7c1a4c40f0b645ba3c6b5a/prison-population-08112013.xls,bulletin,,7.0
2013-11-15,85340.0,84551.0,789.0,81374.0,3966.0,,,True,86060.0,85218.0,842.0,,,,720.0,,720.0,,,,,2448.0,A1,title,Population Bulletin - Weekly 15 November 2013,https://assets.publishing.service.gov.uk/media/5a7c446640f0b6321db380a2/prison-population-15-Nov-2013.xls,bulletin,,7.0
2013-11-22,85363.0,84573.0,790.0,81407.0,3956.0,,,True,86272.0,85430.0,842.0,,,,909.0,,909.0,,,,,2438.0,A1,title,Population Bulletin - Weekly 22 November 2013,https://assets.publishing.service.gov.uk/media/5a74d49d40f0b65c0e844d12/prison-population-figures-22-nov-2013.xls,bulletin,,7.0
2013-11-29,85382.0,84592.0,790.0,81440.0,3942.0,,,True,86368.0,85526.0,842.0,,,,986.0,,986.0,,,,,2420.0,A1,title,Population Bulletin - Weekly 29 November 2013,https://assets.publishing.service.gov.uk/media/5a7c66fbe5274a7ee25673a7/prison-population-29-nov-13.xls,bulletin,,7.0
2013-12-06,85429.0,84642.0,787.0,81500.0,3929.0,,,True,85938.0,85096.0,842.0,,,,509.0,,509.0,,,,,2406.0,A1,title,Population Bulletin - Weekly 06 December 2013,https://assets.publishing.service.gov.uk/media/5a7c78a7e5274a5255bcee0a/prison-population-061213.xls,bulletin,,7.0
2013-12-13,85255.0,84482.0,773.0,81350.0,3905.0,,,True,85933.0,85091.0,842.0,,,,678.0,,678.0,,,,,2431.0,A1,title,Population Bulletin - Weekly 13 December 2013,https://assets.publishing.service.gov.uk/media/5a7c45c6e5274a1b00422a65/prison-population-131213.xls,bulletin,,7.0
2013-12-20,85021.0,84241.0,780.0,81128.0,3893.0,,,True,85901.0,85059.0,842.0,,,,880.0,,880.0,,,,,2470.0,A1,title,Population Bulletin - Weekly 20 December 2013,https://assets.publishing.service.gov.uk/media/5a7b915540f0b62826a046a3/prison-population-figures-20-12-2013.xls,bulletin,,7.0
2013-12-27,84392.0,83619.0,773.0,80565.0,3827.0,,,True,85953.0,85111.0,842.0,,,,1561.0,,1561.0,,,,,2508.0,A1,title,Population Bulletin - Weekly 27 December 2013,https://assets.publishing.service.gov.uk/media/5a7c3251e5274a25a914119c/prison-population-figures-27-12-2013.xls,bulletin,,7.0
2014-01-03,83962.0,83193.0,769.0,80176.0,3786.0,,,True,85953.0,85111.0,842.0,,,,1991.0,,1991.0,,,,,2438.0,A1,title,Population bulletin: weekly 3 January 2014,https://assets.publishing.service.gov.uk/media/5a7c790aed915d48c240ff85/population-bulletin-3-Jan-2014.xls,bulletin,,7.0
2014-01-10,84258.0,83481.0,777.0,80413.0,3845.0,,,True,85918.0,85076.0,842.0,,,,1660.0,,1660.0,,,,,2398.0,A1,title,Population bulletin: weekly 10 January 2014,https://assets.publishing.service.gov.uk/media/5a7cb981ed915d63cc65c782/population-bulletin-10-jan-2014.xls,bulletin,,7.0
2014-01-17,84523.0,83734.0,789.0,80667.0,3856.0,,,True,85822.0,84980.0,842.0,,,,1299.0,,1299.0,,,,,2396.0,A1,title,Population bulletin: weekly 17 January 2014,https://assets.publishing.service.gov.uk/media/5a7c4a03ed915d338141dd02/prison-population-17012014.xls,bulletin,,7.0
2014-01-24,84633.0,83834.0,799.0,80741.0,3892.0,,,True,85866.0,85024.0,842.0,,,,1233.0,,1233.0,,,,,2378.0,A1,title,Population bulletin: weekly 24 January 2014,https://assets.publishing.service.gov.uk/media/5a7bfa26ed915d01ba1ca5c8/population-bulletin-24-jan-2014.xls,bulletin,,7.0
2014-01-31,84977.0,84175.0,802.0,81045.0,3932.0,,,True,85657.0,84815.0,842.0,,,,680.0,,680.0,,,,,2384.0,A1,title,Population bulletin: weekly 31 January 2014,https://assets.publishing.service.gov.uk/media/5a7c56beed915d3d0e87bb83/prison-population-figures-31-jan-2013.xls,bulletin,,7.0
2014-02-07,85235.0,84442.0,793.0,81251.0,3984.0,,,True,85609.0,84767.0,842.0,,,,374.0,,374.0,,,,,2336.0,A1,title,Population bulletin: weekly 7 February 2014,https://assets.publishing.service.gov.uk/media/5a750992e5274a59fa716e81/prison-population-figures-07022014.xls,bulletin,,7.0
2014-02-14,85335.0,84540.0,795.0,81362.0,3973.0,,,True,85806.0,84964.0,842.0,,,,471.0,,471.0,,,,,2314.0,A1,title,Population bulletin: weekly 14 February 2014,https://assets.publishing.service.gov.uk/media/5a7c72d8ed915d6969f44f10/prison-population-figures-14022014.xls,bulletin,,7.0
2014-02-21,85389.0,84603.0,786.0,81433.0,3956.0,,,True,85889.0,85047.0,842.0,,,,500.0,,500.0,,,,,2298.0,A1,title,Population bulletin: weekly 21 February 2014,https://assets.publishing.service.gov.uk/media/5a74bf06e5274a3cb2866d91/prison-population-21-feb-2014.xls,bulletin,,7.0
2014-02-28,85469.0,84672.0,797.0,81521.0,3948.0,,,True,85910.0,85068.0,842.0,,,,441.0,,441.0,,,,,2306.0,A1,title,Population bulletin: weekly 28 February 2014,https://assets.publishing.service.gov.uk/media/5a7c564c40f0b62dffde170a/prison-population-figures-28-feb-2014.xls,bulletin,,7.0
2014-03-07,85535.0,84738.0,797.0,81608.0,3927.0,,,True,85800.0,84958.0,842.0,,,,265.0,,265.0,,,,,2277.0,A1,title,Population bulletin: weekly 7 March 2014,https://assets.publishing.service.gov.uk/media/5a7cb3a6e5274a38e575639d/prison-population-figures-7-mar-2014.xls,bulletin,,7.0
2014-03-14,85513.0,84701.0,812.0,81572.0,3941.0,,,True,85852.0,85010.0,842.0,,,,339.0,,339.0,,,,,2303.0,A1,title,Population bulletin: weekly 14 March 2014,https://assets.publishing.service.gov.uk/media/5a7cdaa4e5274a2ae6eeb2d6/prison-population-figures-140314.xls,bulletin,,7.0
2014-03-21,85338.0,84539.0,799.0,81426.0,3912.0,,,True,85906.0,85064.0,842.0,,,,568.0,,568.0,,,,,2289.0,A1,title,Population bulletin: weekly 21 March 2014,https://assets.publishing.service.gov.uk/media/5a7c631ee5274a7ee25671fb/prison-population-figures-21-mar-2014.xls,bulletin,,7.0
2014-03-28,85252.0,84443.0,809.0,81357.0,3895.0,,,True,85972.0,85130.0,842.0,,,,720.0,,720.0,,,,,2310.0,A1,title,Population  bulletin: weekly 28 March 2014,https://assets.publishing.service.gov.uk/media/5a7cc9bded915d6b29fa8abe/prison-population-28-march-2014.xls,bulletin,,7.0
2014-04-04,85285.0,84464.0,821.0,81413.0,3872.0,,,True,86059.0,85217.0,842.0,,,,774.0,,774.0,,,,,2299.0,A1,title,Population bulletin: weekly 4 April 2014,https://assets.publishing.service.gov.uk/media/5a758895ed915d6faf2b3ba6/population-bulletin-4-april-2014.xls,bulletin,,7.0
2014-04-11,85264.0,84479.0,785.0,81313.0,3951.0,,,True,86127.0,85285.0,842.0,,,,863.0,,863.0,,,,,2254.0,A1,title,Population bulletin: weekly 11 April 2014,https://assets.publishing.service.gov.uk/media/5a7deddbe5274a2e87dae6f5/population-bulletin-11-april-2014.xls,bulletin,,7.0
2014-04-25,84697.0,83942.0,755.0,80853.0,3844.0,,,True,86263.0,85300.0,963.0,,,,1566.0,,1566.0,,,,,2220.0,A1,title,Population bulletin: weekly 25 April 2014,https://assets.publishing.service.gov.uk/media/5a7ea5c240f0b6230268aa3f/population-bulletin-25-april-2014.xls,bulletin,,14.0
2014-05-02,84692.0,83950.0,742.0,80832.0,3860.0,,,True,86296.0,85333.0,963.0,,,,1604.0,,1604.0,,,,,2208.0,A1,title,Population bulletin: weekly 2 May 2014,https://assets.publishing.service.gov.uk/media/5a7ea64b40f0b62305b824a2/prison-population-figures-02-may-2014.xls,bulletin,,7.0
2014-05-09,84578.0,83799.0,779.0,80752.0,3826.0,,,True,86320.0,85357.0,963.0,,,,1742.0,,1742.0,,,,,2153.0,A1,title,Population bulletin: weekly 9 May 2014,https://assets.publishing.service.gov.uk/media/5a7e2b40ed915d74e62248d4/prison-population-figures-09-may-2014.xls,bulletin,,7.0
2014-05-16,84918.0,84094.0,824.0,81052.0,3866.0,,,True,86333.0,85370.0,963.0,,,,1415.0,,1415.0,,,,,2146.0,A1,title,Population bulletin: weekly 16 May 2014,https://assets.publishing.service.gov.uk/media/5a7ebe8240f0b6230268b439/prison-population-figures-16-may-2014.xls,bulletin,,7.0
2014-05-23,85158.0,84305.0,853.0,81266.0,3892.0,,,True,86267.0,85364.0,963.0,,,,1109.0,,1109.0,,,,,2163.0,A1,title,Population bulletin: weekly 23 May 2014,https://assets.publishing.service.gov.uk/media/5a7efda240f0b62305b8472e/prison-population-figures-23-may-2014.xls,bulletin,,7.0
2014-05-30,85105.0,84225.0,880.0,81222.0,3883.0,,,True,86294.0,85331.0,963.0,,,,1189.0,,1189.0,,,,,2140.0,A1,title,Population bulletin: weekly 30 May 2014,https://assets.publishing.service.gov.uk/media/5a7dbe2a40f0b65d88634238/prison-population-figures-30-may-2014.xls,bulletin,,7.0
2014-06-06,85228.0,84361.0,867.0,81316.0,3912.0,,,True,86375.0,85412.0,963.0,,,,1147.0,,1147.0,,,,,2136.0,A1,title,Population bulletin: weekly 6 June 2014,https://assets.publishing.service.gov.uk/media/5a7e127aed915d74e6223ec5/prison-population-figures-06-jun-2014.xls,bulletin,,7.0
2014-06-13,85410.0,84533.0,877.0,81478.0,3932.0,,,True,86431.0,85468.0,963.0,,,,1021.0,,1021.0,,,,,2114.0,A1,title,Population bulletin: weekly 13 June 2014,https://assets.publishing.service.gov.uk/media/5a7da47c40f0b65d8b4e2a06/prison-population-figures-13-june-2014.xls,bulletin,,7.0
2014-06-20,85414.0,84542.0,872.0,81515.0,3899.0,,,True,86428.0,85465.0,963.0,,,,1014.0,,1014.0,,,,,2083.0,A1,title,Population bulletin: weekly 20 June 2014,https://assets.publishing.service.gov.uk/media/5a7dd12e40f0b65d8b4e3ae9/prison-population-figures-20-june-2014.xls,bulletin,,7.0
2014-06-27,85582.0,84684.0,898.0,81647.0,3935.0,,,True,86489.0,85526.0,963.0,,,,907.0,,907.0,,,,,2083.0,A1,title,Population bulletin: weekly 27 June 2014,https://assets.publishing.service.gov.uk/media/5a7e12d4ed915d74e6223ee7/prison-population-figures-27-june-2014.xls,bulletin,,7.0
2014-07-04,85428.0,84567.0,861.0,81492.0,3936.0,,,True,86647.0,85684.0,963.0,,,,1219.0,,1219.0,,,,,2120.0,A1,title,Population bulletin: weekly 4 July 2014,https://assets.publishing.service.gov.uk/media/5a7ec50340f0b62305b83107/prison-population-figures-4-jul-2014.xls,bulletin,,7.0
2014-07-11,85487.0,84608.0,879.0,81564.0,3923.0,,,True,86687.0,85724.0,963.0,,,,1200.0,,1200.0,,,,,2114.0,A1,title,Population bulletin: weekly 11 July 2014,https://assets.publishing.service.gov.uk/media/5a759101ed915d6faf2b3fbe/population-bulletin-11-July-2014.xls,bulletin,,7.0
2014-07-18,85661.0,84791.0,870.0,81729.0,3932.0,,,True,86737.0,85774.0,963.0,,,,1076.0,,1076.0,,,,,2139.0,A1,title,Population bulletin: weekly 18 July 2014,https://assets.publishing.service.gov.uk/media/5a7e1e6740f0b623026894b6/prison-population-18-july-2014.xls,bulletin,,7.0
2014-07-25,85730.0,84857.0,873.0,81802.0,3928.0,,,True,86778.0,85815.0,963.0,,,,1048.0,,1048.0,,,,,2127.0,A1,title,Population bulletin: weekly 25 July 2014,https://assets.publishing.service.gov.uk/media/5a7d92aeed915d497af703d9/prison-population-25-july-2014.xls,bulletin,,7.0
2014-08-01,85696.0,84868.0,828.0,81763.0,3933.0,,,True,87011.0,86021.0,990.0,,,,1315.0,,1315.0,,,,,2127.0,A1,title,Population bulletin: weekly 1 August 2014,https://assets.publishing.service.gov.uk/media/5a7d59b1ed915d28e9f39c2b/prison-population-figures-1-aug-2014.xls,bulletin,,7.0
2014-08-08,85795.0,84971.0,824.0,81866.0,3929.0,,,True,87227.0,86237.0,990.0,,,,1432.0,,1432.0,,,,,2118.0,A1,title,Population bulletin: weekly 8 August 2014,https://assets.publishing.service.gov.uk/media/5a7eabf040f0b6230268aca7/prison-population-figures-8-aug-2014.xls,bulletin,,7.0
2014-08-15,85834.0,84958.0,876.0,81930.0,3904.0,,,True,87362.0,86372.0,990.0,,,,1528.0,,1528.0,,,,,2118.0,A1,title,Population bulletin: weekly 15 August 2014,https://assets.publishing.service.gov.uk/media/5a7df18840f0b62302688233/prison-population-figures-15-aug-2014.xls,bulletin,,7.0
2014-08-22,85674.0,84843.0,831.0,81753.0,3921.0,,,True,87521.0,86531.0,990.0,,,,1847.0,,1847.0,,,,,2094.0,A1,title,Population bulletin: weekly 22 August 2014,https://assets.publishing.service.gov.uk/media/5a7decdfe5274a2e87dae68f/prison-population-figures-22-Aug-2014.xls,bulletin,,7.0
2014-08-29,85401.0,84574.0,827.0,81489.0,3912.0,,,True,87688.0,86698.0,990.0,,,,2287.0,,2287.0,,,,,2062.0,A1,title,Population bulletin: weekly 29 August 2014,https://assets.publishing.service.gov.uk/media/5a7562f340f0b6397f35e06f/population-bulletin-29-august-2014.xls,bulletin,,7.0
2014-09-05,85385.0,84597.0,788.0,81482.0,3903.0,,,True,87729.0,86739.0,990.0,,,,2344.0,,2344.0,,,,,2061.0,A1,title,Population bulletin: weekly 5 September 2014,https://assets.publishing.service.gov.uk/media/5a7d7c84e5274a676d5325ad/prison-population-figures-05-sept-2014.xls,bulletin,,7.0
2014-09-12,85413.0,84576.0,837.0,81504.0,3909.0,,,True,87719.0,86729.0,990.0,,,,2306.0,,2306.0,,,,,2055.0,A1,title,Population bulletin: weekly 12 September 2014,https://assets.publishing.service.gov.uk/media/5a7dc31040f0b65d88634412/prison-population-figures-12-sept-2014.xls,bulletin,,7.0
2014-09-19,85493.0,84683.0,810.0,81580.0,3913.0,,,True,87723.0,86733.0,990.0,,,,2230.0,,2230.0,,,,,2037.0,A1,title,Population bulletin: weekly 19 September 2014,https://assets.publishing.service.gov.uk/media/5a758cc840f0b6360e474f82/prison-population-figures-19-september-2014.xls,bulletin,,7.0
2014-09-26,85634.0,84793.0,841.0,81734.0,3900.0,,,True,87771.0,86781.0,990.0,,,,2137.0,,2137.0,,,,,2026.0,A1,title,Population bulletin: weekly 26 September 2014,https://assets.publishing.service.gov.uk/media/5a7def0eed915d74e622303b/prison-population-figures-26-sept-2014.xls,bulletin,,7.0
2014-10-03,85705.0,84523.0,1182.0,81797.0,3908.0,,,True,87820.0,86260.0,1560.0,,,,2115.0,,2115.0,,,,,2051.0,A1,title,Population bulletin: weekly 3 October 2014,https://assets.publishing.service.gov.uk/media/5a7d80d4ed915d269ba8b10f/prison-population-figures-3-oct-2014.xls,bulletin,,7.0
2014-10-10,85625.0,84485.0,1140.0,81723.0,3902.0,,,True,87879.0,86319.0,1560.0,,,,2254.0,,2254.0,,,,,2068.0,A1,title,Population bulletin: weekly 10 October 2014,https://assets.publishing.service.gov.uk/media/5a74fe6440f0b6399b2afd13/prison-population-figures-10-oct-2014.xls,bulletin,,7.0
2014-10-17,85541.0,84417.0,1124.0,81647.0,3894.0,,,True,87965.0,86405.0,1560.0,,,,2424.0,,2424.0,,,,,2078.0,A1,title,Population bulletin: weekly 17 October 2014,https://assets.publishing.service.gov.uk/media/5a7deb9eed915d74e6222edb/prison-population-figures-17-10-2014.xls,bulletin,,7.0
2014-10-24,85720.0,84569.0,1151.0,81796.0,3924.0,,,True,87984.0,86424.0,1560.0,,,,2264.0,,2264.0,,,,,2094.0,A1,title,Population bulletin: weekly 24 October 2014,https://assets.publishing.service.gov.uk/media/5a7eee5fed915d74e62275fd/prison-population-figures-24-oct-2014.xls,bulletin,,7.0
2014-10-31,85786.0,84578.0,1208.0,81869.0,3917.0,,,True,88004.0,86444.0,1560.0,,,,2218.0,,2218.0,,,,,2122.0,A1,title,Population bulletin: weekly 31 October 2014,https://assets.publishing.service.gov.uk/media/5a7d8ff2e5274a676d532cc1/prison-population-figures-31-oct-2014.xls,bulletin,,7.0
2014-11-07,85903.0,84671.0,1232.0,81982.0,3921.0,,,True,87982.0,86422.0,1560.0,,,,2079.0,,2079.0,,,,,2138.0,A1,title,Population bulletin: weekly 7 November 2014,https://assets.publishing.service.gov.uk/media/5a7e0081ed915d74e33ef68c/prison-population-figures-7-nov-2014.xls,bulletin,,7.0
2014-11-14,85864.0,84656.0,1208.0,81905.0,3959.0,,,True,88027.0,86467.0,1560.0,,,,2163.0,,2163.0,,,,,2098.0,A1,title,Population bulletin: weekly 14 November 2014,https://assets.publishing.service.gov.uk/media/5a7dd91d40f0b65d88634c77/prison-population-figures-14-nov-2014.xls,bulletin,,7.0
2014-11-21,85925.0,84691.0,1234.0,81974.0,3951.0,,,True,88015.0,86455.0,1560.0,,,,2090.0,,2090.0,,,,,2084.0,A1,title,Population bulletin: weekly 21 November 2014,https://assets.publishing.service.gov.uk/media/5a7e287740f0b623026898aa/prison-population-figures-21-nov-2014.xls,bulletin,,7.0
2014-11-28,85902.0,84668.0,1234.0,81959.0,3943.0,,,True,88003.0,86443.0,1560.0,,,,2101.0,,2101.0,,,,,2077.0,A1,title,Population bulletin: weekly 28 November 2014,https://assets.publishing.service.gov.uk/media/5a7479a240f0b646ce8d9b95/prison-population-figures-28-november-2104.xls,bulletin,,7.0
2014-12-05,85912.0,84629.0,1283.0,81984.0,3928.0,,,True,88082.0,86522.0,1560.0,,,,2170.0,,2170.0,,,,,2068.0,A1,title,Population bulletin: weekly 5 December 2014,https://assets.publishing.service.gov.uk/media/5a7e319bed915d74e33f0a92/prison-population-figures-5-december-2104.xls,bulletin,,7.0
2014-12-12,85755.0,84442.0,1313.0,81848.0,3907.0,,,True,88061.0,86501.0,1560.0,,,,2306.0,,2306.0,,,,,2090.0,A1,title,Population bulletin: weekly 12 December 2014,https://assets.publishing.service.gov.uk/media/5a756af1e5274a3edd9a4c20/prison-population-12-dec-2014.xls,bulletin,,7.0
2014-12-19,85406.0,84093.0,1313.0,81528.0,3878.0,,,True,88116.0,86556.0,1560.0,,,,2710.0,,2710.0,,,,,2116.0,A1,title,Population bulletin: weekly 19 December 2014,https://assets.publishing.service.gov.uk/media/5a7d94a0ed915d3fb959499e/prison-population-figures-19-dec-2014.xls,bulletin,,7.0
2015-01-02,84628.0,83287.0,1341.0,80822.0,3806.0,,,True,88116.0,86556.0,1560.0,,,,3488.0,,3488.0,,,,,2159.0,A1,title,Population bulletin: weekly 2 January 2015,https://assets.publishing.service.gov.uk/media/5a7e4d9c40f0b6230268a7cd/population-bulletin-02-01-2015.xls,bulletin,,14.0
2015-01-09,84731.0,83413.0,1318.0,80915.0,3816.0,,,True,88184.0,86624.0,1560.0,,,,3453.0,,3453.0,,,,,2094.0,A1,title,Population bulletin: weekly 9 January 2015,https://assets.publishing.service.gov.uk/media/5a7eec0a40f0b6230268c61d/prison-population-figures-9-jan-2015.xls,bulletin,,7.0
2015-01-16,84802.0,83437.0,1365.0,80995.0,3807.0,,,True,88198.0,86638.0,1560.0,,,,3396.0,,3396.0,,,,,2083.0,A1,title,Population bulletin: weekly 16 January 2015,https://assets.publishing.service.gov.uk/media/5a7f0706e5274a2e8ab49b52/prison-population-16-jan-2015.xls,bulletin,,7.0
2015-01-23,84865.0,83485.0,1380.0,81054.0,3811.0,,,True,88218.0,86648.0,1570.0,,,,3353.0,,3353.0,,,,,2087.0,A1,title,Population bulletin: weekly 23 January 2015,https://assets.publishing.service.gov.uk/media/5a74c17640f0b61df47783c0/prison-population-figures-23-jan-2015.xls,bulletin,,7.0
2015-01-30,85083.0,83680.0,1403.0,81271.0,3812.0,,,True,88286.0,86716.0,1570.0,,,,3203.0,,3203.0,,,,,2088.0,A1,title,Population bulletin: weekly 30 January 2015,https://assets.publishing.service.gov.uk/media/5a7ecb60ed915d74e33f2751/prison-population-figures-30-jan-2015.xls,bulletin,,7.0
2015-02-06,85280.0,83878.0,1402.0,81426.0,3854.0,,,True,88347.0,86777.0,1570.0,,,,3067.0,,3067.0,,,,,2075.0,A1,title,Population bulletin: weekly 6 February 2015,https://assets.publishing.service.gov.uk/media/5a74b6c440f0b619c8659d43/prison-population-figures-06-feb-2015.xls,bulletin,,7.0
2015-02-13,85453.0,84002.0,1451.0,81562.0,3891.0,,,True,88419.0,86849.0,1570.0,,,,2966.0,,2966.0,,,,,2073.0,A1,title,Population bulletin: weekly 13 February 2015,https://assets.publishing.service.gov.uk/media/5a818639e5274a2e87dbe17b/prison-population-figures-13022015.xls,bulletin,,7.0
2015-02-20,85567.0,84119.0,1448.0,81691.0,3876.0,,,True,88385.0,86815.0,1570.0,,,,2818.0,,2818.0,,,,,2090.0,A1,title,Population bulletin: weekly 20 February 2015,https://assets.publishing.service.gov.uk/media/5a7f7562ed915d74e33f68f5/prison-popualtion-figures-20-february-2015.xls,bulletin,,7.0
2015-02-27,85544.0,84121.0,1423.0,81678.0,3866.0,,,True,88205.0,86635.0,1570.0,,,,2661.0,,2661.0,,,,,2090.0,A1,title,Population bulletin: weekly 27 February 2015,https://assets.publishing.service.gov.uk/media/5a80ad8a40f0b62302694e2b/prison-population-figures-27-feb-2015.xls,bulletin,,7.0
2015-03-06,85564.0,84147.0,1417.0,81698.0,3866.0,,,True,88242.0,86672.0,1570.0,,,,2678.0,,2678.0,,,,,2123.0,A1,title,Population bulletin: weekly 6 March 2015,https://assets.publishing.service.gov.uk/media/5a80173640f0b62305b891cf/prison-population-figures-6-march-2015.xls,bulletin,,7.0
2015-03-13,85567.0,84178.0,1389.0,81712.0,3855.0,,,True,87831.0,86261.0,1570.0,,,,2264.0,,2264.0,,,,,2104.0,A1,title,Population bulletin: weekly 13 March 2015,https://assets.publishing.service.gov.uk/media/5a7fa14640f0b62305b88510/prison-population-figures-13-march-2015.xls,bulletin,,7.0
2015-03-20,85576.0,84204.0,1372.0,81709.0,3867.0,,,True,87631.0,86061.0,1570.0,,,,2055.0,,2055.0,,,,,2080.0,A1,title,Population bulletin: weekly 20 March 2015,https://assets.publishing.service.gov.uk/media/5a803691ed915d74e33f91e6/prison-population-20-march-2015.xls,bulletin,,7.0
2015-03-27,85681.0,84324.0,1357.0,81815.0,3866.0,,,True,87720.0,86150.0,1570.0,,,,2039.0,,2039.0,,,,,2107.0,A1,title,Population bulletin: weekly 27 March 2015,https://assets.publishing.service.gov.uk/media/5a7f3b9040f0b6230268e405/prison-population-figures-27-mar-2015.xls,bulletin,,7.0
2015-04-10,85348.0,84159.0,1189.0,81524.0,3824.0,,,True,87902.0,86332.0,1570.0,,,,2554.0,,2554.0,,,,,2097.0,A1,title,Population bulletin: weekly 10 April 2015,https://assets.publishing.service.gov.uk/media/5a802872e5274a2e8ab4e85e/prison-population-figures-10-apr-2015.xls,bulletin,,14.0
2015-04-17,85432.0,84215.0,1217.0,81591.0,3841.0,,,True,88038.0,86468.0,1570.0,,,,2606.0,,2606.0,,,,,2105.0,A1,title,Population bulletin: weekly 17 April 2015,https://assets.publishing.service.gov.uk/media/5a80115aed915d74e33f841d/prison-population-fgiures-17-apr-2015.xls,bulletin,,7.0
2015-04-24,85591.0,84343.0,1248.0,81740.0,3851.0,,,True,87929.0,86556.0,1373.0,,,,2338.0,,2338.0,,,,,2097.0,A1,title,Population bulletin: weekly 24 April 2015,https://assets.publishing.service.gov.uk/media/5a80f055e5274a2e87dbcab2/prison-population-figures-24-apr-2015.xls,bulletin,,7.0
2015-05-01,85704.0,84454.0,1250.0,81850.0,3854.0,,,True,88030.0,86657.0,1373.0,,,,2326.0,,2326.0,,,,,2057.0,A1,title,Population bulletin: weekly 1 May 2015,https://assets.publishing.service.gov.uk/media/5a7ffa1240f0b62302690c48/prison-population-figures-1-may-2015.xls,bulletin,,7.0
2015-05-08,85590.0,84299.0,1291.0,81732.0,3858.0,,,True,88053.0,86680.0,1373.0,,,,2463.0,,2463.0,,,,,2051.0,A1,title,Population bulletin: weekly 8 May 2015,https://assets.publishing.service.gov.uk/media/5a804fb7e5274a2e8ab4f6bb/prison-population-figures-8-may-2015.xls,bulletin,,7.0
2015-05-15,85684.0,84372.0,1312.0,81795.0,3889.0,,,True,88053.0,86680.0,1373.0,,,,2369.0,,2369.0,,,,,2048.0,A1,title,Population bulletin: weekly 15 May 2015,https://assets.publishing.service.gov.uk/media/5a80e2e5e5274a2e8ab52b91/prison-population-figures-15-may-2015.xls,bulletin,,7.0
2015-05-22,85744.0,84441.0,1303.0,81845.0,3899.0,,,True,88038.0,86665.0,1373.0,,,,2294.0,,2294.0,,,,,2054.0,A1,title,Population bulletin: weekly 22 May 2015,https://assets.publishing.service.gov.uk/media/5a7f5e18ed915d74e622a088/prison-population-figures-22-may-2015.xls,bulletin,,7.0
2015-05-29,85669.0,84379.0,1290.0,81751.0,3918.0,,,True,88047.0,86674.0,1373.0,,,,2378.0,,2378.0,,,,,2034.0,A1,title,Population bulletin: weekly 29 May 2015,https://assets.publishing.service.gov.uk/media/5a81625ae5274a2e8ab53b3c/prison-population-figures-29-may-2015.xls,bulletin,,7.0
2015-06-05,85763.0,84503.0,1260.0,81881.0,3882.0,,,True,88116.0,86743.0,1373.0,,,,2353.0,,2353.0,,,,,2071.0,A1,title,Population bulletin: weekly 5 June 2015,https://assets.publishing.service.gov.uk/media/5a80717de5274a2e87db9d75/prison-population-figures-5-june-2015.xls,bulletin,,7.0
2015-06-12,85818.0,84571.0,1247.0,81917.0,3901.0,,,True,88096.0,86723.0,1373.0,,,,2278.0,,2278.0,,,,,2060.0,A1,title, Population bulletin: weekly 12 June 2015,https://assets.publishing.service.gov.uk/media/5a81726ced915d74e33fe426/prison-population-figures-12-june-2015.xls,bulletin,,7.0
2015-06-19,85743.0,84494.0,1249.0,81864.0,3879.0,,,True,87974.0,86601.0,1373.0,,,,2231.0,,2231.0,,,,,2053.0,A1,title,Population bulletin: weekly 19 June 2015,https://assets.publishing.service.gov.uk/media/5a75710e40f0b6397f35e742/prison-population-figures-19-jne-2015.xls,bulletin,,7.0
2015-06-26,86028.0,84777.0,1251.0,82144.0,3884.0,,,True,87968.0,86595.0,1373.0,,,,1940.0,,1940.0,,,,,2032.0,A1,title,Population bulletin: weekly 26 June 2015,https://assets.publishing.service.gov.uk/media/5a7f6b7ce5274a2e8ab4c128/prison-population-figures-26-june-2015.xls,bulletin,,7.0
2015-07-03,86164.0,84930.0,1234.0,82263.0,3901.0,,,True,87961.0,86588.0,1373.0,,,,1797.0,,1797.0,,,,,2049.0,A1,title,Population bulletin: weekly 3 July 2015,https://assets.publishing.service.gov.uk/media/5a8097c6ed915d74e33fb4ed/prison-population-figures-03-july-2015.xls,bulletin,,7.0
2015-07-10,86255.0,85089.0,1166.0,82349.0,3906.0,,,True,87983.0,86610.0,1373.0,,,,1728.0,,1728.0,,,,,2063.0,A1,title,Population bulletin: weekly 10 July 2015,https://assets.publishing.service.gov.uk/media/5a807e74e5274a2e87dba20c/population-bulletin-10-07-2015.xls,bulletin,,7.0
2015-07-17,86300.0,85092.0,1208.0,82396.0,3904.0,,,True,87995.0,86622.0,1373.0,,,,1695.0,,1695.0,,,,,2068.0,A1,title,Population bulletin: weekly 17 July 2015,https://assets.publishing.service.gov.uk/media/5a80c41040f0b6230269561c/population-bulletin-17-07-2015.xls,bulletin,,7.0
2015-07-24,86172.0,84982.0,1190.0,82284.0,3888.0,,,True,88162.0,86789.0,1373.0,,,,1990.0,,1990.0,,,,,2092.0,A1,title,Population bulletin: weekly 24 July 2015,https://assets.publishing.service.gov.uk/media/5a80042fe5274a2e8ab4daf2/population-bulletin-24-07-2015.xls,bulletin,,7.0
2015-07-31,86179.0,85029.0,1150.0,82257.0,3922.0,,,True,88180.0,86807.0,1373.0,,,,2001.0,,2001.0,,,,,2083.0,A1,title,Population bulletin: weekly 31 July 2015,https://assets.publishing.service.gov.uk/media/5a747a6aed915d0e8e398844/prison-population-31-july-2015.xls,bulletin,,7.0
2015-08-07,86036.0,84967.0,1069.0,82104.0,3932.0,,,True,88231.0,86858.0,1373.0,,,,2195.0,,2195.0,,,,,2112.0,A1,title,Population bulletin: weekly 7 August 2015,https://assets.publishing.service.gov.uk/media/5a800306e5274a2e8ab4da7c/prison-population-figures-7-august-2015.xls,bulletin,,7.0
2015-08-14,85951.0,84976.0,975.0,82041.0,3910.0,,,True,88242.0,86869.0,1373.0,,,,2291.0,,2291.0,,,,,2127.0,A1,title,Population bulletin: weekly 14 August 2015,https://assets.publishing.service.gov.uk/media/5a7f6c21e5274a2e8ab4c164/prison-population-figures-14-august-2015.xls,bulletin,,7.0
2015-08-21,85956.0,84976.0,980.0,82012.0,3944.0,,,True,88274.0,86901.0,1373.0,,,,2318.0,,2318.0,,,,,2086.0,A1,title,Population bulletin: weekly 21 August 2015,https://assets.publishing.service.gov.uk/media/5a80ad89e5274a2e87dbb32d/prison-population-figures-21-aug-2015.xls,bulletin,,7.0
2015-08-28,86019.0,85019.0,1000.0,82055.0,3964.0,,,True,88267.0,86894.0,1373.0,,,,2248.0,,2248.0,,,,,2081.0,A1,title,Population bulletin: weekly 28 August 2015,https://assets.publishing.service.gov.uk/media/5a80b82540f0b62305b8cc3f/prison-population-28-aug-2015.xls,bulletin,,7.0
2015-09-04,85741.0,84780.0,961.0,81788.0,3953.0,,,True,88321.0,86948.0,1373.0,,,,2580.0,,2580.0,,,,,2057.0,A1,title,Population bulletin: weekly 4 September 2015,https://assets.publishing.service.gov.uk/media/5a805ae9e5274a2e87db9576/prison-population-04-Sept-2015.xls,bulletin,,7.0
2015-09-11,85699.0,84692.0,1007.0,81780.0,3919.0,,,True,88288.0,86915.0,1373.0,,,,2589.0,,2589.0,,,,,2076.0,A1,title,Population bulletin: weekly 11 September 2015,https://assets.publishing.service.gov.uk/media/5a80b468ed915d74e33fbef9/prison-population-figures-11-sept-2015.xls,bulletin,,7.0
2015-09-18,85816.0,84768.0,1048.0,81889.0,3927.0,,,True,88289.0,86916.0,1373.0,,,,2473.0,,2473.0,,,,,2073.0,A1,title,Population bulletin: weekly 18 September 2015,https://assets.publishing.service.gov.uk/media/5a7f83ed40f0b62305b879d3/prison-population-18-sept-2015.xls,bulletin,,7.0
2015-09-25,85892.0,84815.0,1077.0,82001.0,3891.0,,,True,88209.0,86836.0,1373.0,,,,2317.0,,2317.0,,,,,2073.0,A1,title,Population bulletin: weekly 25 September 2015,https://assets.publishing.service.gov.uk/media/5a8198b340f0b62305b8fce8/prison-population-25-sept-2015.xls,bulletin,,7.0
2015-10-02,85973.0,84826.0,1147.0,82078.0,3895.0,,,True,88075.0,86702.0,1373.0,,,,2102.0,,2102.0,,,,,2081.0,A1,title,Population bulletin: weekly 2 October 2015,https://assets.publishing.service.gov.uk/media/5a818c75ed915d74e6232dd0/prison-population-figures-2-october-2015.xls,bulletin,,7.0
2015-10-09,86145.0,84926.0,1219.0,82237.0,3908.0,,,True,88039.0,86666.0,1373.0,,,,1894.0,,1894.0,,,,,2099.0,A1,title,Population bulletin: weekly 9 October 2015,https://assets.publishing.service.gov.uk/media/5a80969440f0b62302694619/prison-population-figures-9-october-2015.xls,bulletin,,7.0
2015-10-16,86090.0,84910.0,1180.0,82174.0,3916.0,,,True,88100.0,86727.0,1373.0,,,,2010.0,,2010.0,,,,,2084.0,A1,title,Population bulletin: weekly 16 October 2015,https://assets.publishing.service.gov.uk/media/5a8166fded915d74e623211f/prison-population-figures-16-oct-2015.xls,bulletin,,7.0
2015-10-23,86107.0,85106.0,1001.0,82159.0,3948.0,,,True,88195.0,86822.0,1373.0,,,,2088.0,,2088.0,,,,,2067.0,A1,title,Population bulletin: weekly 23 October 2015,https://assets.publishing.service.gov.uk/media/5a81802ded915d74e33fe8cc/prison-population-figures-23-oct-2015.xls,bulletin,,7.0
2015-10-30,85843.0,84916.0,927.0,81900.0,3943.0,,,True,88176.0,86803.0,1373.0,,,,2333.0,,2333.0,,,,,2055.0,A1,title,Population bulletin: weekly 30 October 2015,https://assets.publishing.service.gov.uk/media/5a809d0ced915d74e622f776/prison-population-figures-29-oct-2015.xls,bulletin,,7.0
2015-11-06,85884.0,84975.0,909.0,81948.0,3936.0,,,True,87762.0,86790.0,972.0,,,,1878.0,,1878.0,,,,,2066.0,A1,title,Population bulletin: weekly 6 November 2015,https://assets.publishing.service.gov.uk/media/5a7f2d0d40f0b62305b858ba/prison-population-figures-6-nov-2015.xls,bulletin,,7.0
2015-11-13,85993.0,85088.0,905.0,82064.0,3929.0,,,True,87729.0,86757.0,972.0,,,,1736.0,,1736.0,,,,,2086.0,A1,title,Population bulletin: weekly 13 November 2015,https://assets.publishing.service.gov.uk/media/5a80b91940f0b62305b8cc93/prison-population-13-november-2015.xls,bulletin,,7.0
2015-11-20,85977.0,85134.0,843.0,82042.0,3935.0,,,True,87730.0,86758.0,972.0,,,,1753.0,,1753.0,,,,,2103.0,A1,title,Population bulletin: weekly 20 November 2015,https://assets.publishing.service.gov.uk/media/5a7f286640f0b6230268dc9b/prison-population-figures-20-nov-2015.xls,bulletin,,7.0
2015-11-27,85982.0,85163.0,819.0,82023.0,3959.0,,,True,87759.0,86787.0,972.0,,,,1777.0,,1777.0,,,,,2111.0,A1,title,Population bulletin: weekly 27 November 2015,https://assets.publishing.service.gov.uk/media/5a805bc840f0b62305b8aaef/priosn-population-figures-27-november2015.xls,bulletin,,7.0
2015-12-04,85895.0,85075.0,820.0,81933.0,3962.0,,,True,87757.0,86785.0,972.0,,,,1862.0,,1862.0,,,,,2083.0,A1,title,Population bulletin: weekly 4 December 2015,https://assets.publishing.service.gov.uk/media/5a7515beed915d731495915f/prison-population-4-december-2015.xls,bulletin,,7.0
2015-12-11,85847.0,85058.0,789.0,81928.0,3919.0,,,True,87766.0,86794.0,972.0,,,,1919.0,,1919.0,,,,,2079.0,A1,title,Population bulletin: weekly 11 December 2015,https://assets.publishing.service.gov.uk/media/5a801f6b40f0b62305b89508/prison-population-11-december-2015.xls,bulletin,,7.0
2015-12-18,85641.0,84920.0,721.0,81735.0,3906.0,,,True,87765.0,86793.0,972.0,,,,2124.0,,2124.0,,,,,2076.0,A1,title,Population bulletin: weekly 18 December 2015 ,https://assets.publishing.service.gov.uk/media/5a8065ace5274a2e8ab4fe8f/prison-population-18-december-2015.xls,bulletin,,7.0
2016-01-08,84950.0,84285.0,665.0,81158.0,3792.0,,,True,87797.0,86825.0,972.0,,,,2847.0,,2847.0,,,,,2102.0,A1,in_file,Population bulletin: weekly 8 January 2015,https://assets.publishing.service.gov.uk/media/5a7507e340f0b6360e472c98/prison-population-figures-8-january-2016.xls,bulletin,,21.0
2016-01-15,85242.0,84550.0,692.0,81425.0,3817.0,,,True,87855.0,86883.0,972.0,,,,2613.0,,2613.0,,,,,2089.0,A1,title,Population bulletin: weekly 15 January 2016,https://assets.publishing.service.gov.uk/media/5a7f7893e5274a2e8ab4c616/prison-population-figures-15-january-2016.xls,bulletin,,7.0
2016-01-22,85260.0,84565.0,695.0,81443.0,3817.0,,,True,87888.0,86916.0,972.0,,,,2628.0,,2628.0,,,,,2095.0,A1,title,Population bulletin: weekly 22 January 2016,https://assets.publishing.service.gov.uk/media/5a80638bed915d74e622e2bb/prison-population-figures-22-january-2016.xls,bulletin,,7.0
2016-01-29,85461.0,84718.0,743.0,81629.0,3832.0,,,True,87969.0,86997.0,972.0,,,,2508.0,,2508.0,,,,,2119.0,A1,title,Population bulletin: weekly 29 January 2016,https://assets.publishing.service.gov.uk/media/5a80ec7a40f0b62302696455/prison-population-29-january-2016.xls,bulletin,,7.0
2016-02-05,85634.0,84880.0,754.0,81814.0,3820.0,,,True,88043.0,87071.0,972.0,,,,2409.0,,2409.0,,,,,2137.0,A1,title,Population bulletin: weekly 5 February 2016,https://assets.publishing.service.gov.uk/media/5a804ac0e5274a2e87db8f8c/prison-population-5-february-2016.xls,bulletin,,7.0
2016-02-12,85679.0,84881.0,798.0,81861.0,3818.0,,,True,88042.0,87070.0,972.0,,,,2363.0,,2363.0,,,,,2131.0,A1,title,Population bulletin: weekly 12 February 2016,https://assets.publishing.service.gov.uk/media/5a819b79e5274a2e8ab54e5f/prison-population-12-february-2016.xls,bulletin,,7.0
2016-02-19,85636.0,84801.0,835.0,81832.0,3804.0,,,True,88014.0,87042.0,972.0,,,,2378.0,,2378.0,,,,,2080.0,A1,title,Population bulletin: weekly 19 February 2016,https://assets.publishing.service.gov.uk/media/5a75bc40ed915d6faf2b54a2/prison-population-19-february-2016.xls,bulletin,,7.0
2016-02-26,85753.0,84868.0,885.0,81909.0,3844.0,,,True,88001.0,87029.0,972.0,,,,2248.0,,2248.0,,,,,2064.0,A1,title,Population bulletin: weekly 26 February 2016,https://assets.publishing.service.gov.uk/media/5a7f5b75e5274a2e87db55d8/prison-population-26-february-2016.xls,bulletin,,7.0
2016-03-04,85834.0,84959.0,875.0,81996.0,3838.0,,,True,88007.0,87035.0,972.0,,,,2173.0,,2173.0,,,,,2066.0,A1,title,Population bulletin: weekly 4 March 2016,https://assets.publishing.service.gov.uk/media/5a7f89c7e5274a2e87db6738/prison-population-4-march-2016.xls,bulletin,,7.0
2016-03-11,85948.0,85063.0,885.0,82101.0,3847.0,,,True,88027.0,87055.0,972.0,,,,2079.0,,2079.0,,,,,2090.0,A1,title,Population bulletin: weekly 11 March 2016,https://assets.publishing.service.gov.uk/media/5a804d7e40f0b62302692b40/prison-population-11-march-2016.xls,bulletin,,7.0
2016-03-18,85930.0,85064.0,866.0,82036.0,3894.0,,,True,87996.0,87024.0,972.0,,,,2066.0,,2066.0,,,,,2094.0,A1,title,Population bulletin: weekly 18 March 2016,https://assets.publishing.service.gov.uk/media/5a74bd88e5274a3f93b486d6/prison-population-18-march-2016.xls,bulletin,,7.0
2016-04-01,85363.0,84546.0,817.0,81541.0,3822.0,,,True,87989.0,87017.0,972.0,,,,2626.0,,2626.0,,,,,,A1,title,Population bulletin: weekly 1 April 2016,https://assets.publishing.service.gov.uk/media/5a804e7eed915d74e33f9ab3/prison-population-01-april-2016.xls,bulletin,,14.0
2016-04-08,85398.0,84540.0,858.0,81577.0,3821.0,,,True,88043.0,87071.0,972.0,,,,2645.0,,2645.0,,,,,1971.0,A1,title,Population bulletin: weekly 8 April 2016,https://assets.publishing.service.gov.uk/media/5a80bc88ed915d74e33fc1df/prison-population-08-april-2016.xls,bulletin,,7.0
2016-04-15,85457.0,84564.0,893.0,81627.0,3830.0,,,True,87676.0,86704.0,972.0,,,,2219.0,,2219.0,,,,,1990.0,A1,title,Population bulletin: weekly 15 April 2016,https://assets.publishing.service.gov.uk/media/5a75b0c1ed915d6faf2b4f2b/prison-population-15-april-2016.xls,bulletin,,7.0
2016-04-22,85597.0,84684.0,913.0,81766.0,3831.0,,,True,87674.0,86702.0,972.0,,,,2077.0,,2077.0,,,,,2001.0,A1,title,Population bulletin: weekly 22 April 2016,https://assets.publishing.service.gov.uk/media/5a74d0fced915d502d6cb3be/prison-popoulation-22-april-2016.xls,bulletin,,7.0
2016-04-29,85540.0,84686.0,854.0,81719.0,3821.0,,,True,87701.0,86729.0,972.0,,,,2161.0,,2161.0,,,,,2016.0,A1,title,Population bulletin: weekly 29 April 2016,https://assets.publishing.service.gov.uk/media/5a81508ae5274a2e8ab534eb/prison-population-29-april-2016.xls,bulletin,,7.0
2016-05-06,85381.0,84558.0,823.0,81549.0,3832.0,,,True,87649.0,86677.0,972.0,,,,2268.0,,2268.0,,,,,1988.0,A1,title,Population bulletin: weekly 6 May 2016,https://assets.publishing.service.gov.uk/media/5a80374eed915d74e622d27c/prison-population-6-may-2016.xls,bulletin,,7.0
2016-05-13,85345.0,84549.0,796.0,81545.0,3800.0,,,True,87682.0,86710.0,972.0,,,,2337.0,,2337.0,,,,,1987.0,A1,title,Population bulletin: weekly 13 May 2016,https://assets.publishing.service.gov.uk/media/5a805f39ed915d74e622e11c/prison-population-13-may-2016.xls,bulletin,,7.0
2016-05-20,85335.0,84515.0,820.0,81529.0,3806.0,,,True,87556.0,86584.0,972.0,,,,2221.0,,2221.0,,,,,2000.0,A1,title,Population bulletin: weekly 20 May 2016,https://assets.publishing.service.gov.uk/media/5a80c0e640f0b623026954fa/prison-population-20-may-2016.xls,bulletin,,7.0
2016-05-27,85422.0,84623.0,799.0,81579.0,3843.0,,,True,87595.0,86623.0,972.0,,,,2173.0,,2173.0,,,,,2009.0,A1,title,Population bulletin: weekly 27 May 2016 ,https://assets.publishing.service.gov.uk/media/5a81736b40f0b62305b8f058/prison-population-27-may.xls,bulletin,,7.0
2016-06-03,85291.0,84489.0,802.0,81476.0,3815.0,,,True,87299.0,86327.0,972.0,,,,2008.0,,2008.0,,,,,2033.0,A1,title,Population bulletin: weekly 3 June 2016 ,https://assets.publishing.service.gov.uk/media/5a80024240f0b62302690f6a/prison-population-03-june-2016.xls,bulletin,,7.0
2016-06-10,85300.0,84483.0,817.0,81469.0,3831.0,,,True,87244.0,86272.0,972.0,,,,1944.0,,1944.0,,,,,2009.0,A1,title,Population bulletin: weekly 10 June 2016 ,https://assets.publishing.service.gov.uk/media/5a7f4ddfed915d74e6229a4d/prison-population-10-june-2016.xls,bulletin,,7.0
2016-06-17,85185.0,84405.0,780.0,81324.0,3861.0,,,True,87178.0,86206.0,972.0,,,,1993.0,,1993.0,,,,,2019.0,A1,title,Population bulletin: weekly 17 June 2016,https://assets.publishing.service.gov.uk/media/5a7f9086e5274a2e87db69d5/prison-population-17-june-2016.xls,bulletin,,7.0
2016-06-24,85130.0,84323.0,807.0,81274.0,3856.0,,,True,87170.0,86198.0,972.0,,,,2040.0,,2040.0,,,,,2034.0,A1,title,Population bulletin: Weekly 24 June 2016,https://assets.publishing.service.gov.uk/media/5a8082c7e5274a2e87dba3a0/prison-population-24-june-2016.xls,bulletin,,7.0
2016-07-01,85128.0,84302.0,826.0,81272.0,3856.0,,,True,87210.0,86238.0,972.0,,,,2082.0,,2082.0,,,,,2070.0,A1,title,Population bulletin: weekly 1 July 2016,https://assets.publishing.service.gov.uk/media/5a7f76a0ed915d74e33f696a/prison-population-1-july-2016.xls,bulletin,,7.0
2016-07-08,85058.0,84200.0,858.0,81206.0,3852.0,,,True,87214.0,86242.0,972.0,,,,2156.0,,2156.0,,,,,2055.0,A1,title,Population bulletin: weekly 8 July 2016,https://assets.publishing.service.gov.uk/media/5a80a109ed915d74e622f8f3/prison-population-8-july-2016.xls,bulletin,,7.0
2016-07-15,85090.0,84238.0,852.0,81221.0,3869.0,,,True,87166.0,86194.0,972.0,,,,2076.0,,2076.0,,,,,2051.0,A1,title,Population bulletin: weekly 15 July 2016,https://assets.publishing.service.gov.uk/media/5a80597d40f0b62302692fa4/prison-population-15-july-2016.xls,bulletin,,7.0
2016-07-22,85152.0,84269.0,883.0,81240.0,3912.0,,,True,87126.0,86154.0,972.0,,,,1974.0,,1974.0,,,,,2048.0,A1,title,Population bulletin: weekly 22 July 2016,https://assets.publishing.service.gov.uk/media/5a7fff3240f0b62302690e42/prison-report-22-july-16.xls,bulletin,,7.0
2016-07-29,85112.0,84270.0,842.0,81233.0,3879.0,,,True,87121.0,86149.0,972.0,,,,2009.0,,2009.0,,,,,2037.0,A1,title,Population bulletin: weekly 29 July 2016,https://assets.publishing.service.gov.uk/media/5a8058f7ed915d74e622deed/prison-population-29-july-2016.xls,bulletin,,7.0
2016-08-05,85134.0,84287.0,847.0,81249.0,3885.0,,,True,87081.0,86109.0,972.0,,,,1947.0,,1947.0,,,,,2037.0,A1,title,Population bulletin: weekly 5 August 2016,https://assets.publishing.service.gov.uk/media/5a80f3b0e5274a2e87dbcbe0/prison-population-5-august-2016.xls,bulletin,,7.0
2016-08-12,85188.0,84346.0,842.0,81290.0,3898.0,,,True,87013.0,86041.0,972.0,,,,1825.0,,1825.0,,,,,2014.0,A1,title,Population bulletin: weekly 12 August 2016 ,https://assets.publishing.service.gov.uk/media/5a75af2aed915d506ee80b4d/prison-report-12-august-2016.xls,bulletin,,7.0
2016-08-19,85023.0,84172.0,851.0,81155.0,3868.0,,,True,87001.0,86029.0,972.0,,,,1978.0,,1978.0,,,,,1995.0,A1,title,Population bulletin: weekly 19 August 2016,https://assets.publishing.service.gov.uk/media/5a801d6b40f0b62305b89439/prison-pop-19-august-2016.xls,bulletin,,7.0
2016-08-26,85119.0,84261.0,858.0,81235.0,3884.0,,,True,87019.0,86047.0,972.0,,,,1900.0,,1900.0,,,,,2002.0,A1,title,Population bulletin: weekly 26 August 2016,https://assets.publishing.service.gov.uk/media/5a7f422940f0b62305b860c7/prison-population-26-august-2016.xls,bulletin,,7.0
2016-09-02,84914.0,84066.0,848.0,81069.0,3845.0,,,True,87027.0,86055.0,972.0,,,,2113.0,,2113.0,,,,,1997.0,A1,title,Population bulletin: weekly 2 September 2016,https://assets.publishing.service.gov.uk/media/5a75011be5274a59fa716a6e/prison-population-010916.xls,bulletin,,7.0
2016-09-09,84967.0,84122.0,845.0,81124.0,3843.0,,,True,87067.0,86095.0,972.0,,,,2100.0,,2100.0,,,,,1989.0,A1,title,Population bulletin: weekly 9 September 2016,https://assets.publishing.service.gov.uk/media/5a81b01d40f0b62305b904d1/prison-population-9-september-2016.xls,bulletin,,7.0
2016-09-16,85082.0,84221.0,861.0,81246.0,3836.0,,,True,87095.0,86123.0,972.0,,,,2013.0,,2013.0,,,,,1980.0,A1,title,Population bulletin: weekly 16 September 2016,https://assets.publishing.service.gov.uk/media/5a81616440f0b62305b8ea45/prison-pop-16-sept-2016.xls,bulletin,,7.0
2016-09-23,85321.0,84416.0,905.0,81479.0,3842.0,,,True,87029.0,86057.0,972.0,,,,1708.0,,1708.0,,,,,1959.0,A1,title,Population bulletin: weekly 23 September 2016,https://assets.publishing.service.gov.uk/media/5a759e19ed915d506ee80319/weekly-bulletin-23-september.xls,bulletin,,7.0
2016-09-30,85639.0,84708.0,931.0,81796.0,3843.0,,,True,86968.0,85996.0,972.0,,,,1329.0,,1329.0,,,,,1971.0,A1,title,Population bulletin: weekly 30 September 2016,https://assets.publishing.service.gov.uk/media/5a7f87f240f0b62305b87b5d/prison-population-30-sept-2016.xls,bulletin,,7.0
2016-10-07,85754.0,84836.0,918.0,81926.0,3828.0,,,True,86975.0,86003.0,972.0,,,,1221.0,,1221.0,,,,,1976.0,A1,title,Population bulletin: weekly 7 October 2016,https://assets.publishing.service.gov.uk/media/5a80433ae5274a2e8ab4f22b/prison-population-07-october-2016.xls,bulletin,,7.0
2016-10-14,85860.0,84942.0,918.0,82012.0,3848.0,,,True,87064.0,86092.0,972.0,,,,1204.0,,1204.0,,,,,1971.0,A1,title,Population bulletin: weekly 14 October 2016,https://assets.publishing.service.gov.uk/media/5a74be0640f0b619c865a107/prison-population-14-oct-2016.xls,bulletin,,7.0
2016-10-21,85898.0,84981.0,917.0,82041.0,3857.0,,,True,87128.0,86156.0,972.0,,,,1230.0,,1230.0,,,,,1976.0,A1,title,Population bulletin: weekly 21 October 2016,https://assets.publishing.service.gov.uk/media/5a8045d240f0b62305b8a301/prison-population-21-october-2016.xls,bulletin,,7.0
2016-10-28,85998.0,85108.0,890.0,82096.0,3902.0,,,True,87118.0,86146.0,972.0,,,,1120.0,,1120.0,,,,,,A1,title,Population bulletin: weekly 28 October 2016,https://assets.publishing.service.gov.uk/media/5a808da3e5274a2e8ab50cdc/prison-population-28-october-2016.xls,bulletin,,7.0
2016-11-04,85981.0,85124.0,857.0,82086.0,3895.0,,,True,87058.0,86086.0,972.0,,,,1077.0,,1077.0,,,,,2009.0,A1,title,Population bulletin: 4 November 2016,https://assets.publishing.service.gov.uk/media/5a7f3074ed915d74e33f4e1a/prison-population-4-november-2016.xls,bulletin,,7.0
2016-11-11,85975.0,85140.0,835.0,82056.0,3919.0,,,True,86923.0,85951.0,972.0,,,,948.0,,948.0,,,,,2008.0,A1,title,Population bulletin: weekly 11 November 2016,https://assets.publishing.service.gov.uk/media/5a7f99e5ed915d74e33f76e3/prison-population-11-nov-2016.xls,bulletin,,7.0
2016-11-18,86033.0,85167.0,866.0,82086.0,3947.0,,,True,86984.0,86012.0,972.0,,,,951.0,,951.0,,,,,1992.0,A1,title,Population bulletin: weekly 18 November 2016,https://assets.publishing.service.gov.uk/media/5a75c74ae5274a4368299e42/prison-population-18-nov-2016.xls,bulletin,,7.0
2016-11-25,85897.0,84976.0,921.0,81976.0,3921.0,,,True,86975.0,86003.0,972.0,,,,1078.0,,1078.0,,,,,2023.0,A1,title,Population bulletin: weekly 25 November 2016,https://assets.publishing.service.gov.uk/media/5a80650040f0b62305b8ae57/prison-population-25-nov-2016.xls,bulletin,,7.0
2016-12-02,85839.0,84976.0,863.0,81903.0,3936.0,,,True,86885.0,85913.0,972.0,,,,1046.0,,1046.0,,,,,2037.0,A1,title,Population bulletin: weekly 2 December 2016,https://assets.publishing.service.gov.uk/media/5a80cc86ed915d74e33fc794/prison-population-2-december-2016..xls,bulletin,,7.0
2016-12-09,85722.0,84851.0,871.0,81778.0,3944.0,,,True,86810.0,85838.0,972.0,,,,1088.0,,1088.0,,,,,2055.0,A1,title,Population bulletin: weekly 9 December 2016,https://assets.publishing.service.gov.uk/media/5a74ffe1e5274a3cb2868ddb/prison-population-9-december-2016.xls,bulletin,,7.0
2016-12-16,85583.0,84714.0,869.0,81648.0,3935.0,,,True,86834.0,85862.0,972.0,,,,1251.0,,1251.0,,,,,2079.0,A1,title,Population bulletin: weekly 16 December 2016,https://assets.publishing.service.gov.uk/media/5a8189ae40f0b62302697d93/prison-population-16-dec-2016.xls,bulletin,,7.0
2016-12-30,84857.0,84069.0,788.0,80988.0,3869.0,,,True,86288.0,85316.0,972.0,,,,1431.0,,1431.0,,,,,2139.0,A1,title,Population bulletin: weekly 30 December 2016,https://assets.publishing.service.gov.uk/media/5a819226ed915d74e6232fba/prison-population-figures-30-december-2016.xls,bulletin,,14.0
2017-01-06,84737.0,83962.0,775.0,80870.0,3867.0,,,True,86338.0,85366.0,972.0,,,,1601.0,,1601.0,,,,,2093.0,A1,title,Population bulletin: weekly 6 January 2017,https://assets.publishing.service.gov.uk/media/5a805de8ed915d74e622e0a5/prison-population-6-jnauary-2017.xls,bulletin,,7.0
2017-01-13,84874.0,84049.0,825.0,80979.0,3895.0,,,True,86474.0,85502.0,972.0,,,,1600.0,,1600.0,,,,,2117.0,A1,title,Population bulletin: weekly 13 January 2017,https://assets.publishing.service.gov.uk/media/5a74c7e8e5274a3f93b48c1b/prison-population-13-january-2017.xls,bulletin,,7.0
2017-01-20,85048.0,84170.0,878.0,81102.0,3946.0,,,True,86516.0,85544.0,972.0,,,,1468.0,,1468.0,,,,,2126.0,A1,title,Population bulletin: weekly 20 January 2017,https://assets.publishing.service.gov.uk/media/5a757cdded915d731495a599/prison-population-20-january-2017.xls,bulletin,,7.0
2017-01-27,85188.0,84299.0,889.0,81240.0,3947.0,,,True,86595.0,85623.0,972.0,,,,1407.0,,1407.0,,,,,2115.0,A1,title,Population bulletin: weekly 27 January 2017,https://assets.publishing.service.gov.uk/media/5a808eb9e5274a2e8ab50d32/prison-pop-27-1-2017.xls,bulletin,,7.0
2017-02-03,85245.0,84383.0,862.0,81276.0,3969.0,,,True,86650.0,85678.0,972.0,,,,1405.0,,1405.0,,,,,2146.0,A1,title,Population bulletin: weekly 3 February 2017,https://assets.publishing.service.gov.uk/media/5a7f9724e5274a2e8ab4d1a6/prison-population-3-february-2017.xls,bulletin,,7.0
2017-02-10,85523.0,84672.0,851.0,81533.0,3990.0,,,True,86696.0,85724.0,972.0,,,,1173.0,,1173.0,,,,,2164.0,A1,title,Population bulletin: weekly 10 February 2017,https://assets.publishing.service.gov.uk/media/5a80a733ed915d74e33fba63/prison-population-10-february-2017.xls,bulletin,,7.0
2017-02-17,85519.0,84733.0,786.0,81559.0,3960.0,,,True,86720.0,85748.0,972.0,,,,1201.0,,1201.0,,,,,2168.0,A1,title,Population bulletin: weekly 17 February 2017,https://assets.publishing.service.gov.uk/media/5a74f006ed915d502d6cc353/prison-population-17-february-2017.xls,bulletin,,7.0
2017-02-24,85442.0,84664.0,778.0,81484.0,3958.0,,,True,86758.0,85786.0,972.0,,,,1316.0,,1316.0,,,,,2168.0,A1,title,Population bulletin: weekly 24 February 2017,https://assets.publishing.service.gov.uk/media/5a8051a2e5274a2e8ab4f76e/prison-pop-24-february-2017.xls,bulletin,,7.0
2017-03-03,85442.0,84638.0,804.0,81489.0,3953.0,,,True,86749.0,85777.0,972.0,,,,1307.0,,1307.0,,,,,2167.0,A1,title,Population bulletin: weekly 3 March 2017,https://assets.publishing.service.gov.uk/media/5a80e6c1ed915d74e33fd0d3/prison-population-3-march-2017.xls,bulletin,,7.0
2017-03-10,85476.0,84635.0,841.0,81537.0,3939.0,,,True,86733.0,85761.0,972.0,,,,1257.0,,1257.0,,,,,2168.0,A1,title,Population bulletin: weekly 10 March 2017,https://assets.publishing.service.gov.uk/media/5a7f9e22ed915d74e622b8c1/prison-population-10-march-2017.xls,bulletin,,7.0
2017-03-17,85501.0,84651.0,850.0,81531.0,3970.0,,,True,86585.0,85613.0,972.0,,,,1084.0,,1084.0,,,,,2156.0,A1,title,Population bulletin: weekly 17 March 2017,https://assets.publishing.service.gov.uk/media/5a81c1bfed915d74e6233f31/prison-population-17-march-2017.xls,bulletin,,7.0
2017-03-24,85528.0,84636.0,892.0,81575.0,3953.0,,,True,86515.0,85543.0,972.0,,,,987.0,,987.0,,,,,2153.0,A1,title,Population bulletin: weekly 24 March 2017,https://assets.publishing.service.gov.uk/media/5a81f5c4ed915d74e6235090/prison-population-24-march-2017.xls,bulletin,,7.0
2017-03-31,85513.0,84652.0,861.0,81535.0,3978.0,,,True,86515.0,85543.0,972.0,,,,1002.0,,1002.0,,,,,2170.0,A1,title,Population bulletin: weekly 31 March 2017,https://assets.publishing.service.gov.uk/media/5a81e5aee5274a2e8ab566a0/prison-population-31-march-2017.xls,bulletin,,7.0
2017-04-07,85517.0,84656.0,861.0,81544.0,3973.0,,,True,86554.0,85582.0,972.0,,,,1037.0,,1037.0,,,,,2181.0,A1,title,Population bulletin: weekly 7 April 2017,https://assets.publishing.service.gov.uk/media/5a82d0e0ed915d74e6237c6e/prison-population-7-april-2017.xls,bulletin,,7.0
2017-04-21,85277.0,84390.0,887.0,81355.0,3922.0,,,True,86667.0,85695.0,972.0,,,,1390.0,,1390.0,,,,,2115.0,A1,title,Population bulletin: weekly 21 April 2017,https://assets.publishing.service.gov.uk/media/5a75076240f0b6397f35d1c8/prison-pop-21-april-2017.xls,bulletin,,14.0
2017-04-28,85211.0,84353.0,858.0,81268.0,3943.0,,,True,86735.0,85763.0,972.0,,,,1524.0,,1524.0,,,,,2120.0,A1,title,Population bulletin: weekly 28 April 2017,https://assets.publishing.service.gov.uk/media/5a82a5cfe5274a2e87dc2432/prison-population-28-april-2017.xls,bulletin,,7.0
2017-05-05,85129.0,84248.0,881.0,81201.0,3928.0,,,True,86724.0,85752.0,972.0,,,,1595.0,,1595.0,,,,,2121.0,A1,title,Population bulletin: weekly 5 May 2017,https://assets.publishing.service.gov.uk/media/5a81f9df40f0b6230269a2cb/prison-pop-5-may-2017.xls,bulletin,,7.0
2017-05-12,85193.0,84319.0,874.0,81248.0,3945.0,,,True,86767.0,85795.0,972.0,,,,1574.0,,1574.0,,,,,2115.0,A1,title,Population bulletin: weekly 12 May 2017,https://assets.publishing.service.gov.uk/media/5a81e96ee5274a2e87dc0248/prison-population-12-may-2017.xls,bulletin,,7.0
2017-05-19,85316.0,84466.0,850.0,81359.0,3957.0,,,True,86785.0,85813.0,972.0,,,,1469.0,,1469.0,,,,,2118.0,A1,title,Population bulletin: weekly 19 May 2017,https://assets.publishing.service.gov.uk/media/5a82460de5274a2e8ab586a7/prison-population-19-may-2017.xls,bulletin,,7.0
2017-05-26,85356.0,84517.0,839.0,81395.0,3961.0,,,True,86741.0,85769.0,972.0,,,,1385.0,,1385.0,,,,,2104.0,A1,title,Population bulletin: weekly 26 May 2017,https://assets.publishing.service.gov.uk/media/5a81f6a340f0b62305b91bf2/prison-population-26-may-2017.xls,bulletin,,7.0
2017-06-02,85293.0,84505.0,788.0,81322.0,3971.0,,,True,86731.0,85759.0,972.0,,,,1438.0,,1438.0,,,,,2127.0,A1,title,Population bulletin: weekly 2 June 2017,https://assets.publishing.service.gov.uk/media/5a81e74ee5274a2e87dc018b/prison-population-02-june-2017.xls,bulletin,,7.0
2017-06-09,85367.0,84599.0,768.0,81380.0,3987.0,,,True,86730.0,85758.0,972.0,,,,1363.0,,1363.0,,,,,2088.0,A1,title,Population bulletin: weekly 9 June 2017,https://assets.publishing.service.gov.uk/media/5a82cb7840f0b62305b9461b/prison-population-9-jun-2017.xls,bulletin,,7.0
2017-06-16,85426.0,84648.0,778.0,81432.0,3994.0,,,True,86733.0,85761.0,972.0,,,,1307.0,,1307.0,,,,,2097.0,A1,title,Population bulletin: weekly 16 June 2017,https://assets.publishing.service.gov.uk/media/5a8233c340f0b6230269b623/prison-population-16-june-2017.ods,bulletin,,7.0
2017-06-23,85636.0,84807.0,829.0,81651.0,3985.0,,,True,86763.0,85791.0,972.0,,,,1127.0,,1127.0,,,,,2090.0,A1,title,Population bulletin: weekly 23 June 2017,https://assets.publishing.service.gov.uk/media/5a74b491ed915d502d6ca4f8/prison-pop-23-jun-2017xls.xls,bulletin,,7.0
2017-06-30,85863.0,85047.0,816.0,81856.0,4007.0,,,True,86849.0,85877.0,972.0,,,,986.0,,986.0,,,,,2113.0,A1,title,Population bulletin: weekly 30 June 2017,https://assets.publishing.service.gov.uk/media/5a8213ceed915d74e34019a2/prison-pop-30-jun-2017.xls,bulletin,,7.0
2017-07-07,86072.0,85270.0,802.0,82052.0,4020.0,,,True,86906.0,85934.0,972.0,,,,834.0,,834.0,,,,,2109.0,A1,title,Population bulletin: weekly 7 July 2017,https://assets.publishing.service.gov.uk/media/5a821cdee5274a2e8ab578ec/prison-pop-7-jul-2017.xls,bulletin,,7.0
2017-07-14,85994.0,85205.0,789.0,82022.0,3972.0,,,True,86998.0,86026.0,972.0,,,,1004.0,,1004.0,,,,,2119.0,A1,title,Population bulletin: weekly 14 July 2017,https://assets.publishing.service.gov.uk/media/5a820efded915d74e6235901/prison-pop-14-july-2017.ods,bulletin,,7.0
2017-07-21,86168.0,85323.0,845.0,82200.0,3968.0,,,True,87138.0,86166.0,972.0,,,,970.0,,970.0,,,,,2103.0,A1,title,Population bulletin: weekly 21 July 2017,https://assets.publishing.service.gov.uk/media/5a82b005e5274a2e87dc2786/prison-population-bulletin-21-july-2017.ods,bulletin,,7.0
2017-07-28,86230.0,85349.0,881.0,82269.0,3961.0,,,True,87053.0,86081.0,972.0,,,,823.0,,823.0,,,,,2084.0,A1,title,Population bulletin: weekly 28 July 2017,https://assets.publishing.service.gov.uk/media/5a82a18ce5274a2e8ab5887e/prison-population-bulletin-28-july-2017.ods,bulletin,,7.0
2017-08-04,86353.0,85484.0,869.0,82351.0,4002.0,,,True,87097.0,86125.0,972.0,,,,744.0,,744.0,,,,,2034.0,A1,title,Population bulletin: weekly 4 August 2017,https://assets.publishing.service.gov.uk/media/5a82a9fce5274a2e8ab58b45/prison-pop-4-august-2017.xls,bulletin,,7.0
2017-08-11,86368.0,85488.0,880.0,82378.0,3990.0,,,True,87119.0,86147.0,972.0,,,,751.0,,751.0,,,,,2051.0,A1,title,Population bulletin: weekly 11 August 2017,https://assets.publishing.service.gov.uk/media/5a81c391ed915d74e6233fd1/prison-pop-11-august-2017.xls,bulletin,,7.0
2017-08-18,86388.0,85458.0,930.0,82344.0,4044.0,,,True,87201.0,86229.0,972.0,,,,813.0,,813.0,,,,,2033.0,A1,title,Population bulletin: weekly 18 August 2017,https://assets.publishing.service.gov.uk/media/5a82ccdded915d74e3403a30/prison-pop-18-august-2017.xls,bulletin,,7.0
2017-08-25,86413.0,85483.0,930.0,82403.0,4010.0,,,True,87209.0,86237.0,972.0,,,,796.0,,796.0,,,,,2059.0,A1,title,Population bulletin: weekly 25 August 2017,https://assets.publishing.service.gov.uk/media/5a8209bb40f0b62305b92249/prison-pop-25-august-2017.xls,bulletin,,7.0
2017-09-01,86294.0,85356.0,938.0,82312.0,3982.0,,,True,87187.0,86215.0,972.0,,,,893.0,,893.0,,,,,2047.0,A1,title,Population bulletin: weekly 1 September 2017,https://assets.publishing.service.gov.uk/media/5a8229dc40f0b62305b92d18/PSWEBREPORT.xls,bulletin,,7.0
2017-09-08,86235.0,85311.0,924.0,82271.0,3964.0,,,True,87228.0,86256.0,972.0,,,,993.0,,993.0,,,,,2033.0,A1,title,Population bulletin: weekly 8 September 2017,https://assets.publishing.service.gov.uk/media/5a820b50ed915d74e62357be/prison-population-8-sept-2017.xls,bulletin,,7.0
2017-09-15,86252.0,85359.0,893.0,82305.0,3947.0,,,True,87319.0,86347.0,972.0,,,,1067.0,,1067.0,,,,,2025.0,A1,title,Population bulletin: weekly 15 September 2017,https://assets.publishing.service.gov.uk/media/5a82c6cae5274a2e87dc2ed0/prison-pop-15-sept-2017.xls,bulletin,,7.0
2017-09-22,86220.0,85362.0,858.0,82268.0,3952.0,,,True,87387.0,86415.0,972.0,,,,1167.0,,1167.0,,,,,2039.0,A1,title,Population bulletin: weekly 22 September 2017,https://assets.publishing.service.gov.uk/media/5a82128b40f0b62305b92550/prison-pop-22-september-2017.xls,bulletin,,7.0
2017-09-29,86256.0,85367.0,889.0,82282.0,3974.0,,,True,87459.0,86487.0,972.0,,,,1203.0,,1203.0,,,,,2056.0,A1,title,Population bulletin: weekly 29 September 2017,https://assets.publishing.service.gov.uk/media/5a75085d40f0b6360e472cd7/prison-pop-29-sept-2017.xls,bulletin,,7.0
2017-10-06,86260.0,85375.0,885.0,82242.0,4018.0,,,True,87471.0,86499.0,972.0,,,,1211.0,,1211.0,,,,,2070.0,A1,title,Population bulletin: weekly 6 October 2017,https://assets.publishing.service.gov.uk/media/5a821b51e5274a2e8ab57871/prison-pop-6-oct-2017.xls,bulletin,,7.0
2017-10-13,86337.0,85463.0,874.0,82323.0,4014.0,,,True,87358.0,86456.0,902.0,,,,1021.0,,1021.0,,,,,2072.0,A1,title,Population bulletin: weekly 13 October 2017,https://assets.publishing.service.gov.uk/media/5a81e7faed915d74e6234bf7/prison-pop-13-october-2017.xls,bulletin,,7.0
2017-10-20,86362.0,85469.0,893.0,82352.0,4010.0,,,True,87452.0,86559.0,893.0,,,,1090.0,,1090.0,,,,,2070.0,A1,title,Population bulletin: weekly 20 October 2017,https://assets.publishing.service.gov.uk/media/5a81cd0b40f0b62305b90e12/prison-pop-20-october-2017.xls,bulletin,,7.0
2017-10-27,86327.0,85409.0,918.0,82314.0,4013.0,,,True,87532.0,86560.0,972.0,,,,1205.0,,1205.0,,,,,2064.0,A1,title,Population bulletin: weekly 27 October 2017,https://assets.publishing.service.gov.uk/media/5a82f2c940f0b62305b952d9/prison-pop-27-october-2017.xls,bulletin,,7.0
2017-11-03,86185.0,85387.0,798.0,82181.0,4004.0,,,True,87469.0,86617.0,852.0,,,,1284.0,,1284.0,,,,,2106.0,A1,title,Population bulletin: weekly 3 November 2017,https://assets.publishing.service.gov.uk/media/5a82eb53e5274a2e8ab5a045/prison-pop-3-november-2017.xls,bulletin,,7.0
2017-11-10,86163.0,85486.0,677.0,82158.0,4005.0,,,True,87330.0,86598.0,732.0,,,,1167.0,,1167.0,,,,,2103.0,A1,title,Population bulletin: weekly 10 November 2017,https://assets.publishing.service.gov.uk/media/5a82037040f0b6230269a5f6/prison-pop-10-nov-2017.xls,bulletin,,7.0
2017-11-17,86185.0,85554.0,631.0,82150.0,4035.0,,,True,87332.0,86670.0,662.0,,,,1147.0,,1147.0,,,,,2123.0,A1,title,Population bulletin: weekly 17 November 2017,https://assets.publishing.service.gov.uk/media/5a81d195e5274a2e8ab55ff2/prison-pop-17-nov-2017.xls,bulletin,,7.0
2017-11-24,86129.0,85556.0,573.0,82081.0,4048.0,,,True,87370.0,86768.0,602.0,,,,1241.0,,1241.0,,,,,2146.0,A1,title,Population bulletin: weekly 24 November 2017,https://assets.publishing.service.gov.uk/media/5a75b1b5e5274a545822d7fc/prison-population-24-nov-2017.xls,bulletin,,7.0
2017-12-01,86075.0,85565.0,510.0,82002.0,4073.0,,,True,87411.0,86859.0,552.0,,,,1336.0,,1336.0,,,,,2155.0,A1,title,Population bulletin: weekly 1 December 2017,https://assets.publishing.service.gov.uk/media/5a820a7ee5274a2e8ab57302/prison-pop-1-dec-2017.xls,bulletin,,7.0
2017-12-08,85948.0,85494.0,454.0,81874.0,4074.0,,,True,87329.0,86837.0,492.0,,,,1381.0,,1381.0,,,,,2161.0,A1,title,Population bulletin: weekly 8 December 2017,https://assets.publishing.service.gov.uk/media/5a82f37840f0b6230269d8c8/prison-pop-8-dec-2017.xls,bulletin,,7.0
2017-12-15,85577.0,85179.0,398.0,81529.0,4048.0,,,True,87198.0,86766.0,432.0,,,,1621.0,,1621.0,,,,,2194.0,A1,title,Population bulletin: weekly 15 December 2017,https://assets.publishing.service.gov.uk/media/5a823b77e5274a2e87dc1d6f/prison-pop-15-dec-2017.xls,bulletin,,7.0
2017-12-22,85267.0,84888.0,379.0,81273.0,3994.0,,,True,87092.0,86660.0,432.0,,,,1825.0,,1825.0,,,,,2188.0,A1,title,Population bulletin: weekly 22 December 2017,https://assets.publishing.service.gov.uk/media/5a81f00740f0b62305b919c4/prison-pop-22-dec-2017.xls,bulletin,,7.0
2017-12-29,84746.0,84399.0,347.0,80794.0,3952.0,,,True,87072.0,86680.0,392.0,,,,2326.0,,2326.0,,,,,2181.0,A1,title,Population bulletin: weekly 29 December 2017,https://assets.publishing.service.gov.uk/media/5a74d508e5274a3cb28678a8/prison-pop-29-dec-2017.xls,bulletin,,7.0
2018-01-05,84550.0,84226.0,324.0,80623.0,3927.0,,,True,86955.0,86563.0,392.0,,,,2405.0,,2405.0,,,,,2196.0,A1,title,Population bulletin: weekly 5 January 2018,https://assets.publishing.service.gov.uk/media/5a824057e5274a2e87dc1f1c/prison-pop-5-jan-2018.xls,bulletin,,7.0
2018-01-12,84646.0,84304.0,342.0,80724.0,3922.0,,,True,86912.0,86520.0,392.0,,,,2266.0,,2266.0,,,,,2262.0,A1,title,Population bulletin: weekly 12 January 2018,https://assets.publishing.service.gov.uk/media/5a81e0dbed915d74e62349a9/prison-pop-12-jan-2018.xls,bulletin,,7.0
2018-01-19,84574.0,84204.0,370.0,80664.0,3910.0,,,True,86877.0,86485.0,392.0,,,,2303.0,,2303.0,,,,,2365.0,A1,title,Population bulletin: weekly 19 January 2018,https://assets.publishing.service.gov.uk/media/5a82a56240f0b62305b939a6/prison-pop-19-jan-2018.xls,bulletin,,7.0
2018-01-26,84537.0,84157.0,380.0,80618.0,3919.0,,,True,86749.0,86357.0,392.0,,,,2212.0,,2212.0,,,,,2444.0,A1,title,Population bulletin: weekly 26 January 2018,https://assets.publishing.service.gov.uk/media/5a81be8eed915d74e6233e0f/prison-pop-26-jan-2018.xls,bulletin,,7.0
2018-02-02,84511.0,84131.0,380.0,80576.0,3935.0,,,True,86762.0,86370.0,392.0,,,,2251.0,,2251.0,,,,,2575.0,A1,title,Population bulletin: weekly 2 February 2018,https://assets.publishing.service.gov.uk/media/5a7442b240f0b646ce8d9afd/prison-pop-02-feb-2018.xls,bulletin,,7.0
2018-02-09,84474.0,84093.0,381.0,80509.0,3965.0,,,True,86760.0,86368.0,392.0,,,,2286.0,,2286.0,,,,,2697.0,A1,title,Population bulletin: weekly 9 February 2018,https://assets.publishing.service.gov.uk/media/5a7d6104e5274a02dcdf425a/prison-population-9-feb-2018.xls,bulletin,,7.0
2018-02-16,84255.0,83870.0,385.0,80319.0,3936.0,,,True,86771.0,86379.0,392.0,,,,2516.0,,2516.0,,,,,2770.0,A1,title,Population bulletin: weekly 16 February 2018,https://assets.publishing.service.gov.uk/media/5a869c26ed915d74e623892e/prison-pop-16-feb-2018.xls,bulletin,,7.0
2018-02-23,84235.0,83857.0,378.0,80301.0,3934.0,,,True,86788.0,86396.0,392.0,,,,2553.0,,2553.0,,,,,2796.0,A1,title,Population bulletin: weekly 23 February 2018,https://assets.publishing.service.gov.uk/media/5a8fd38f40f0b641bf0d4ac2/prison-pop-23-feb-2018.xls,bulletin,,7.0
2018-03-02,84178.0,83805.0,373.0,80255.0,3923.0,,,True,86648.0,86256.0,392.0,,,,2470.0,,2470.0,,,,,2845.0,A1,title,Population bulletin: weekly 2 March 2018,https://assets.publishing.service.gov.uk/media/5a9913aeed915d57d4d0f2b7/prison-pop-2-mar-2018.xls,bulletin,,7.0
2018-03-09,83899.0,83523.0,376.0,79998.0,3901.0,,,True,86652.0,86260.0,392.0,,,,2753.0,,2753.0,,,,,2906.0,A1,title,Population bulletin: weekly 9 March 2018,https://assets.publishing.service.gov.uk/media/5aa24fffe5274a3e3603a4e3/prison-pop-9-march-2018.xls,bulletin,,7.0
2018-03-16,83921.0,83553.0,368.0,80020.0,3901.0,,,True,86621.0,86229.0,392.0,,,,2700.0,,2700.0,,,,,2985.0,A1,title,Population bulletin: weekly 16 March 2018,https://assets.publishing.service.gov.uk/media/5aab8617ed915d4f595c5b96/prison-pop-16-march-2018.xls,bulletin,,7.0
2018-03-23,83875.0,83510.0,365.0,79980.0,3895.0,,,True,86515.0,86123.0,392.0,,,,2640.0,,2640.0,,,,,3013.0,A1,title,Population bulletin: weekly 23 March 2018,https://assets.publishing.service.gov.uk/media/5ac4e107ed915d0b7ffac924/prison-pop-23-mar-2018.xls,bulletin,,7.0
2018-04-06,83617.0,83263.0,354.0,79797.0,3820.0,,,True,86485.0,86093.0,392.0,,,,2868.0,,2868.0,,,,,3028.0,A1,title,Population bulletin: weekly 6 April 2018,https://assets.publishing.service.gov.uk/media/5ac730a7e5274a5adc960d35/prison-pop-6-april-2018.xls,bulletin,,14.0
2018-04-13,83568.0,83216.0,352.0,79740.0,3828.0,,,True,86498.0,86106.0,392.0,,,,2930.0,,2930.0,,,,,3085.0,A1,title,Population bulletin: weekly 13 April 2018,https://assets.publishing.service.gov.uk/media/5ad0cafee5274a76c13dfa45/prison-pop-13-april-2018-.ods,bulletin,,7.0
2018-04-20,83620.0,83285.0,335.0,79750.0,3870.0,,,True,86513.0,86121.0,392.0,,,,2893.0,,2893.0,,,,,3134.0,A1,title,Population bulletin: weekly 20 April 2018,https://assets.publishing.service.gov.uk/media/5ad9b37fed915d32a3a70f94/prison-pop-20-april-2018.ods,bulletin,,7.0
2018-04-27,83673.0,83334.0,339.0,79808.0,3865.0,,,True,86521.0,86129.0,392.0,,,,2848.0,,2848.0,,,,,3153.0,A1,title,Population bulletin: weekly 27 April 2018,https://assets.publishing.service.gov.uk/media/5ae2d96eed915d42f42b5e6f/prison-pop-27-apr-2018.ods,bulletin,,7.0
2018-05-04,83705.0,83385.0,320.0,79808.0,3897.0,,,True,86542.0,86150.0,392.0,,,,2837.0,,2837.0,,,,,3207.0,A1,title,Population bulletin: weekly 4 May 2018,https://assets.publishing.service.gov.uk/media/5aec17cded915d42f42b624e/prison-pop-4-may-20118.ods,bulletin,,7.0
2018-05-11,83534.0,83210.0,324.0,79663.0,3871.0,,,True,86542.0,86150.0,392.0,,,,3008.0,,3008.0,,,,,3180.0,A1,title,Population bulletin: weekly 11 May 2018,https://assets.publishing.service.gov.uk/media/5af5527840f0b622e060e1e1/prison-pop-11-may-2018.ods,bulletin,,7.0
2018-05-18,83564.0,83229.0,335.0,79689.0,3875.0,,,True,86512.0,86120.0,392.0,,,,2948.0,,2948.0,,,,,3173.0,A1,title,Population bulletin: weekly 18 May 2018,https://assets.publishing.service.gov.uk/media/5afe85fbe5274a5fe76c4ec8/prison-pop-18-may-2018.ods,bulletin,,7.0
2018-05-25,83430.0,83097.0,333.0,79532.0,3898.0,,,True,86555.0,86163.0,392.0,,,,3125.0,,3125.0,,,,,3214.0,A1,title,Population bulletin: weekly 25 May 2018,https://assets.publishing.service.gov.uk/media/5b07dae940f0b61eab912047/prison-pop-25-may-2018.ods,bulletin,,7.0
2018-06-01,83254.0,82930.0,324.0,79361.0,3893.0,,,True,86549.0,86157.0,392.0,,,,3295.0,,3295.0,,,,,3251.0,A1,title,Population bulletin: weekly 1 June 2018,https://assets.publishing.service.gov.uk/media/5b10fa87e5274a18fa9d38cd/prison-pop-1-june-2018.ods,bulletin,,7.0
2018-06-08,83154.0,82850.0,304.0,79268.0,3886.0,,,True,86510.0,86118.0,392.0,,,,3356.0,,3356.0,,,,,3279.0,A1,title,Population bulletin: weekly 8 June 2018,https://assets.publishing.service.gov.uk/media/5b1a3320ed915d2cb4e19153/prison-pop-8-june-2018.ods,bulletin,,7.0
2018-06-15,83064.0,82758.0,306.0,79197.0,3867.0,,,True,86524.0,86132.0,392.0,,,,3460.0,,3460.0,,,,,3305.0,A1,title,Population bulletin: weekly 15 June 2018,https://assets.publishing.service.gov.uk/media/5b237650ed915d2cc38016a0/prison-pop-15-june-2018.ods,bulletin,,7.0
2018-06-22,82989.0,82694.0,295.0,79139.0,3850.0,,,True,86533.0,86141.0,392.0,,,,3544.0,,3544.0,,,,,3304.0,A1,title,Population bulletin: weekly 22 June 2018,https://assets.publishing.service.gov.uk/media/5b2cb3ece5274a55dc9b0228/prison-pop-22-june-2018.ods,bulletin,,7.0
2018-06-29,82961.0,82649.0,312.0,79142.0,3819.0,,,True,86491.0,86099.0,392.0,,,,3530.0,,3530.0,,,,,3299.0,A1,title,Population bulletin: weekly 29 June 2018,https://assets.publishing.service.gov.uk/media/5b35e747e5274a0c104d933a/prison-pop-29-june-2018.ods,bulletin,,7.0
2018-07-06,82901.0,82614.0,287.0,79074.0,3827.0,,,True,86514.0,86122.0,392.0,,,,3613.0,,3613.0,,,,,3317.0,A1,title,Population bulletin: weekly 6 July 2018,https://assets.publishing.service.gov.uk/media/5b3f3244ed915d39f4d041ab/prison_pop_6_July_2018_.ods,bulletin,,7.0
2018-07-13,82822.0,82557.0,265.0,79015.0,3807.0,,,True,86542.0,86150.0,392.0,,,,3720.0,,3720.0,,,,,3332.0,A1,title,Population bulletin: weekly 13 July 2018,https://assets.publishing.service.gov.uk/media/5b4865d240f0b6634e54635f/prison_pop_13_july_2018.ods,bulletin,,7.0
2018-07-20,82956.0,82698.0,258.0,79141.0,3815.0,,,True,86524.0,86132.0,392.0,,,,3568.0,,3568.0,,,,,3344.0,A1,in_file,Population bulletin: weekly 20 July,https://assets.publishing.service.gov.uk/media/5b51935240f0b61857aa39f2/prison_pop_20_july_2018.ods,bulletin,,7.0
2018-07-27,82967.0,82728.0,239.0,79144.0,3823.0,,,True,86318.0,85926.0,392.0,,,,3351.0,,3351.0,,,,,3315.0,A1,in_file,Population bulletin: weekly 27 July,https://assets.publishing.service.gov.uk/media/5b5adb36e5274a3fec9798d3/prison_pop_27_july_2018.ods,bulletin,,7.0
2018-08-03,83017.0,82785.0,232.0,79176.0,3841.0,,,True,86012.0,85620.0,392.0,,,,2995.0,,2995.0,,,,,3307.0,A1,title,Population bulletin: weekly 3 August 2018,https://assets.publishing.service.gov.uk/media/5b640b2640f0b6359c47c8d2/prison-pop-3-august-2018.ods,bulletin,,7.0
2018-08-10,83110.0,82891.0,219.0,79292.0,3818.0,,,True,85968.0,85576.0,392.0,,,,2858.0,,2858.0,,,,,3304.0,A1,title,Population bulletin: weekly 10 August 2018,https://assets.publishing.service.gov.uk/media/5b6d4a71e5274a2997b49ffb/prison-pop-10-aug-2018.ods,bulletin,,7.0
2018-08-17,83165.0,82949.0,216.0,79385.0,3780.0,,,True,85976.0,85584.0,392.0,,,,2811.0,,2811.0,,,,,3303.0,A1,title,Population bulletin: weekly 17 August 2018,https://assets.publishing.service.gov.uk/media/5b768d49e5274a44da560e6c/prison-pop-17-aug-2018.ods,bulletin,,7.0
2018-08-24,83064.0,82846.0,218.0,79263.0,3801.0,,,True,85854.0,85462.0,392.0,,,,2790.0,,2790.0,,,,,3290.0,A1,title,Population bulletin: weekly 24 August 2018,https://assets.publishing.service.gov.uk/media/5b7fc2bb40f0b64350cbf87f/prison-population-24-aug-2018.ods,bulletin,,7.0
2018-08-31,83052.0,82839.0,213.0,79213.0,3839.0,,,True,85743.0,85351.0,392.0,,,,2691.0,,2691.0,,,,,3297.0,A1,title,Population bulletin: weekly 31 August 2018,https://assets.publishing.service.gov.uk/media/5b88f647ed915d5ab7e47499/prison-pop-31-august-2018.ods,bulletin,,7.0
2018-09-07,83123.0,82909.0,214.0,79281.0,3842.0,,,True,85617.0,85225.0,392.0,,,,2494.0,,2494.0,,,,,3284.0,A1,title,Population bulletin: weekly 7 September 2018,https://assets.publishing.service.gov.uk/media/5b922ec8e5274a426fa1cf88/Prison-pop-stats-7-september.ods,bulletin,,7.0
2018-09-14,83137.0,82914.0,223.0,79305.0,3832.0,,,True,85616.0,85224.0,392.0,,,,2479.0,,2479.0,,,,,3264.0,A1,title,Population bulletin: weekly 14 September 2018,https://assets.publishing.service.gov.uk/media/5b9b8c7b40f0b6788dda2bcc/prison-pop-14-sept-2018.ods,bulletin,,7.0
2018-09-21,83157.0,82939.0,218.0,79337.0,3820.0,,,True,85606.0,85214.0,392.0,,,,2449.0,,2449.0,,,,,3269.0,A1,title,Population bulletin: weekly 21 September 2018,https://assets.publishing.service.gov.uk/media/5ba4a57be5274a54d5c39c02/prison-pop-21-september-2018.ods,bulletin,,7.0
2018-09-28,83014.0,82788.0,226.0,79205.0,3809.0,,,True,85453.0,85061.0,392.0,,,,2439.0,,2439.0,,,,,3252.0,A1,title,Population bulletin: weekly 28 September 2018,https://assets.publishing.service.gov.uk/media/5bade2b940f0b62dd732c4a9/prison-pop-28-sept-2018.ods,bulletin,,7.0
2018-10-05,83186.0,82936.0,250.0,79353.0,3833.0,,,True,85407.0,85015.0,392.0,,,,2221.0,,2221.0,,,,,3214.0,A1,title,Population bulletin: weekly 5 October 2018,https://assets.publishing.service.gov.uk/media/5bb760a140f0b664d02f4566/prison-pop-05-oct-2018.ods,bulletin,,7.0
2018-10-12,83232.0,82991.0,241.0,79365.0,3867.0,,,True,85464.0,85072.0,392.0,,,,2232.0,,2232.0,,,,,3140.0,A1,title,Population bulletin: weekly 12 October 2018,https://assets.publishing.service.gov.uk/media/5bc9a3c840f0b649108dc5b0/prison-pop-12-october-2018.ods,bulletin,,7.0
2018-10-19,83364.0,83093.0,271.0,79481.0,3883.0,,,True,85488.0,85096.0,392.0,,,,2124.0,,2124.0,,,,,3127.0,A1,title,Population bulletin: weekly 19 October 2018,https://assets.publishing.service.gov.uk/media/5bc9a3dde5274a092d1c5350/prison-pop-19-october-2018.ods,bulletin,,7.0
2018-10-26,83309.0,83042.0,267.0,79438.0,3871.0,,,True,85564.0,85172.0,392.0,,,,2255.0,,2255.0,,,,,3138.0,A1,title,Population bulletin: weekly 26 October 2018,https://assets.publishing.service.gov.uk/media/5bd2cc06e5274a6e3cff0cd6/prison-pop-26-october-2018.ods,bulletin,,7.0
2018-11-02,83169.0,82938.0,231.0,79334.0,3835.0,,,True,85336.0,84944.0,392.0,,,,2167.0,,2167.0,,,,,3134.0,A1,title,Population bulletin: weekly 2 November 2018,https://assets.publishing.service.gov.uk/media/5bdc15e040f0b604cbff2368/prison-pop-2-nov-2018.ods,bulletin,,7.0
2018-11-09,83190.0,82966.0,224.0,79361.0,3829.0,,,True,85351.0,84959.0,392.0,,,,2161.0,,2161.0,,,,,3143.0,A1,title,Population bulletin: weekly 9 November 2018,https://assets.publishing.service.gov.uk/media/5be565de40f0b6679b8f9be2/prison-pop-9-nov-2018.ods,bulletin,,7.0
2018-11-16,83163.0,82902.0,261.0,79321.0,3842.0,,,True,85253.0,84861.0,392.0,,,,2090.0,,2090.0,,,,,3139.0,A1,title,Population bulletin: weekly 16 November 2018,https://assets.publishing.service.gov.uk/media/5bee871940f0b667a46ce0f6/prison-pop-16-nov-2018.ods,bulletin,,7.0
2018-11-23,83159.0,82888.0,271.0,79348.0,3811.0,,,True,85263.0,84871.0,392.0,,,,2104.0,,2104.0,,,,,3117.0,A1,title,Population bulletin: weekly 23 November 2018,https://assets.publishing.service.gov.uk/media/5bf7bfade5274a3b30beee67/prison-pop-23-nov-2018.ods,bulletin,,7.0
2018-11-30,83146.0,82852.0,294.0,79339.0,3807.0,,,True,85262.0,84870.0,392.0,,,,2116.0,,2116.0,,,,,3130.0,A1,title,Population bulletin: weekly 30 November 2018,https://assets.publishing.service.gov.uk/media/5c00ff3eed915d11a41d246c/prison-population-30-nov-2018.ods,bulletin,,7.0
2018-12-07,83068.0,82786.0,282.0,79264.0,3804.0,,,True,85236.0,84844.0,392.0,,,,2168.0,,2168.0,,,,,3102.0,A1,in_file,Populaton bulletin: weekly December 7 2018,https://assets.publishing.service.gov.uk/media/5c0a374c40f0b67087c003e0/prison-pop-7-dec-2018.ods,bulletin,,7.0
2018-12-14,82964.0,82661.0,303.0,79154.0,3810.0,,,True,85196.0,84804.0,392.0,,,,2232.0,,2232.0,,,,,3108.0,A1,title,Population bulletin: weekly 14 December 2018,https://assets.publishing.service.gov.uk/media/5c136ef2e5274a0bcac5f8f3/prison-pop-14-dec-2018.ods,bulletin,,7.0
2018-12-21,82764.0,82509.0,255.0,78940.0,3824.0,,,True,85200.0,84808.0,392.0,,,,2436.0,,2436.0,,,,,3100.0,A1,title,Population bulletin: weekly 21 December 2018,https://assets.publishing.service.gov.uk/media/5c1ca8a6e5274a6599225d66/prison-pop-21-dec-2018.ods,bulletin,,7.0
2018-12-28,82384.0,82148.0,236.0,78603.0,3781.0,,,True,85200.0,84808.0,392.0,,,,2816.0,,2816.0,,,,,3058.0,A1,title,Population bulletin: weekly 28 December 2018,https://assets.publishing.service.gov.uk/media/5c25e91ee5274a65c47cdd7a/prison-pop-28-dec-2018.ods,bulletin,,7.0
2019-01-04,82202.0,81980.0,222.0,78443.0,3759.0,,,True,85130.0,84738.0,392.0,,,,2928.0,,2928.0,,,,,2976.0,A1,title,Population bulletin: weekly 4 January 2019,https://assets.publishing.service.gov.uk/media/5c2f29e0e5274a65960a3294/prison-pop-4-january-2019.ods,bulletin,,7.0
2019-01-11,82321.0,82107.0,214.0,78559.0,3762.0,,,True,85121.0,84729.0,392.0,,,,2800.0,,2800.0,,,,,2900.0,A1,title,Population bulletin: weekly 11 January 2019,https://assets.publishing.service.gov.uk/media/5c385fdee5274a70cd61fc09/prison-pop-11-january-2019.ods,bulletin,,7.0
2019-01-18,82460.0,82240.0,220.0,78676.0,3784.0,,,True,85122.0,84730.0,392.0,,,,2662.0,,2662.0,,,,,2866.0,A1,title,Population bulletin: weekly 18 January 2019,https://assets.publishing.service.gov.uk/media/5c41980740f0b61720ae82a9/prison-pop-18-jan-2019.ods,bulletin,,7.0
2019-01-25,82472.0,82233.0,239.0,78675.0,3797.0,,,True,85079.0,84687.0,392.0,,,,2607.0,,2607.0,,,,,2835.0,A1,title,Population bulletin: weekly 25 January 2019,https://assets.publishing.service.gov.uk/media/5c4adb7640f0b616fe901ea4/prison-pop-25-jan-2019.ods,bulletin,,7.0
2019-02-01,82507.0,82254.0,253.0,78683.0,3824.0,,,True,85000.0,84608.0,392.0,,,,2493.0,,2493.0,,,,,2826.0,A1,title,Population bulletin: weekly 1 February 2019,https://assets.publishing.service.gov.uk/media/5c541321e5274a492645fde6/prison-pop-1-feb-2019.ods,bulletin,,7.0
2019-02-08,82549.0,82275.0,274.0,78735.0,3814.0,,,True,84955.0,84563.0,392.0,,,,2406.0,,2406.0,,,,,2846.0,A1,title,Population bulletin: weekly 8 February 2019,https://assets.publishing.service.gov.uk/media/5c5d54ca40f0b676c362b4fd/prison-pop-8-feb-2019.ods,bulletin,,7.0
2019-02-15,82567.0,82308.0,259.0,78758.0,3809.0,,,True,84999.0,84607.0,392.0,,,,2432.0,,2432.0,,,,,2849.0,A1,title,Population bulletin: weekly 15 February 2019,https://assets.publishing.service.gov.uk/media/5c667cdd40f0b61a24d12ef8/prison-population-15-feb-2019.ods,bulletin,,7.0
2019-02-22,82525.0,82293.0,232.0,78705.0,3820.0,,,True,85007.0,84615.0,392.0,,,,2482.0,,2482.0,,,,,2877.0,A1,title,Population bulletin: weekly 22 February 2019,https://assets.publishing.service.gov.uk/media/5c6fb8eee5274a0ec04b448d/prison-population-22-feb-2019.ods,bulletin,,7.0
2019-03-01,82543.0,82302.0,241.0,78710.0,3833.0,,,True,85023.0,84631.0,392.0,,,,2480.0,,2480.0,,,,,2875.0,A1,title,Population bulletin: weekly 1 March 2019,https://assets.publishing.service.gov.uk/media/5c78f818ed915d29eb6a0051/prison-pop-1-march-2019.ods,bulletin,,7.0
2019-03-08,82477.0,82251.0,226.0,78643.0,3834.0,,,True,84979.0,84587.0,392.0,,,,2502.0,,2502.0,,,,,2888.0,A1,title,Population bulletin: weekly 8 March 2019,https://assets.publishing.service.gov.uk/media/5c8258f8ed915d07cefd9336/ps-web-report-8-mar-2019.ods,bulletin,,7.0
2019-03-15,82486.0,82245.0,241.0,78652.0,3834.0,,,True,84959.0,84567.0,392.0,,,,2473.0,,2473.0,,,,,2913.0,A1,title,Population bulletin: weekly 15 March 2019,https://assets.publishing.service.gov.uk/media/5c8b6380ed915d5c0e2d6247/prison-pop-15-march-2019.ods,bulletin,,7.0
2019-03-22,82521.0,82292.0,229.0,78685.0,3836.0,,,True,84951.0,84559.0,392.0,,,,2430.0,,2430.0,,,,,2910.0,A1,title,Population bulletin: weekly 22 March 2019,https://assets.publishing.service.gov.uk/media/5c94a1d0ed915d07adf5c239/prison-pop-22-march-2019.ods,bulletin,,7.0
2019-03-29,82643.0,82417.0,226.0,78806.0,3837.0,,,True,84865.0,84473.0,392.0,,,,2222.0,,2222.0,,,,,2950.0,A1,title,Population bulletin: weekly 29 March 2019,https://assets.publishing.service.gov.uk/media/5c9ddde440f0b633fe11d31a/prison-pop-29-march-2019.ods,bulletin,,7.0
2019-04-05,82706.0,82460.0,246.0,78867.0,3839.0,,,True,84808.0,84416.0,392.0,,,,2102.0,,2102.0,,,,,2959.0,A1,title,Population bulletin: weekly 5 April 2019,https://assets.publishing.service.gov.uk/media/5ca70e4640f0b60a35090e89/prison-pop-5-apr-2019.ods,bulletin,,7.0
2019-04-12,82769.0,82541.0,228.0,78920.0,3849.0,,,True,84756.0,84364.0,392.0,,,,1987.0,,1987.0,,,,,2970.0,A1,title,Population bulletin: weekly 12 April 2019,https://assets.publishing.service.gov.uk/media/5cb04b0ee5274a59cc195a0c/prison-pop-12-apr-2019.ods,bulletin,,7.0
2019-04-26,82538.0,82293.0,245.0,78708.0,3830.0,,,True,84756.0,84364.0,392.0,,,,2218.0,,2218.0,,,,,2928.0,A1,title,Population bulletin: weekly 26 April 2019,https://assets.publishing.service.gov.uk/media/5cc2bc62e5274a466e0a6c8f/prison-pop-26-april-2019.ods,bulletin,,14.0
2019-05-03,82649.0,82401.0,248.0,78813.0,3836.0,,,True,84737.0,84345.0,392.0,,,,2088.0,,2088.0,,,,,2918.0,A1,title,Population bulletin: weekly 3 May 2019,https://assets.publishing.service.gov.uk/media/5ccc02b5ed915d50c3d25308/prison-pop-3-may-2019.ods,bulletin,,7.0
2019-05-10,82599.0,82348.0,251.0,78795.0,3804.0,,,True,84737.0,84345.0,392.0,,,,2138.0,,2138.0,,,,,2902.0,A1,title,Population bulletin: weekly 10 May 2019,https://assets.publishing.service.gov.uk/media/5cd52b67e5274a3fce8274d7/prison-pop-10-may-2019.ods,bulletin,,7.0
2019-05-17,82560.0,82291.0,269.0,78776.0,3784.0,,,True,84784.0,84392.0,392.0,,,,2224.0,,2224.0,,,,,2982.0,A1,title,Population bulletin: weekly 17 May 2019,https://assets.publishing.service.gov.uk/media/5cde767a40f0b652ba4721ec/prison-pop-17-may-2019.ods,bulletin,,7.0
2019-05-24,82707.0,82441.0,266.0,78924.0,3783.0,,,True,84711.0,84319.0,392.0,,,,2004.0,,2004.0,,,,,2965.0,A1,title,Population bulletin: weekly 24 May 2019,https://assets.publishing.service.gov.uk/media/5ce7af08e5274a487d6700e2/prison-pop-24-may-2019.ods,bulletin,,7.0
2019-05-31,82617.0,82368.0,249.0,78881.0,3736.0,,,True,84760.0,84368.0,392.0,,,,2143.0,,2143.0,,,,,2956.0,A1,title,Population bulletin: weekly 31 May 2019,https://assets.publishing.service.gov.uk/media/5cf0e2caed915d7e774b1491/prison-pop-31-may-2019.ods,bulletin,,7.0
2019-06-07,82608.0,82346.0,262.0,78862.0,3746.0,,,True,84824.0,84432.0,392.0,,,,2216.0,,2216.0,,,,,2937.0,A1,title,Population bulletin: weekly 7 June 2019,https://assets.publishing.service.gov.uk/media/5cfa18b2ed915d737191e73e/prison-pop-7-june-2019.ods,bulletin,,7.0
2019-06-14,82700.0,82440.0,260.0,78926.0,3774.0,,,True,84942.0,84550.0,392.0,,,,2242.0,,2242.0,,,,,2946.0,A1,title,Population bulletin: weekly 14 June 2019,https://assets.publishing.service.gov.uk/media/5d0352e0e5274a0b7ba05a06/prison-pop-14-june-2019.ods,bulletin,,7.0
2019-06-21,82683.0,82424.0,259.0,78924.0,3759.0,,,True,85016.0,84624.0,392.0,,,,2333.0,,2333.0,,,,,2953.0,A1,title,Population bulletin: weekly 21 June 2019,https://assets.publishing.service.gov.uk/media/5d0c8cb540f0b6200184b64a/prison-pop-21-jun-2019.ods,bulletin,,7.0
2019-06-28,82676.0,82422.0,254.0,78910.0,3766.0,,,True,85056.0,84664.0,392.0,,,,2380.0,,2380.0,,,,,2953.0,A1,title,Population bulletin: weekly 28 June 2019,https://assets.publishing.service.gov.uk/media/5d15cbe5e5274a0662da52cd/prison-pop-28-june-2019.ods,bulletin,,7.0
2019-07-05,82819.0,82570.0,249.0,79011.0,3808.0,,,True,85059.0,84667.0,392.0,,,,2240.0,,2240.0,,,,,2941.0,A1,title,Population bulletin: weekly 5 July 2019,https://assets.publishing.service.gov.uk/media/5d1f056ae5274a08cf8aaec2/prison-pop-5-july-2019.ods,bulletin,,7.0
2019-07-12,82962.0,82705.0,257.0,79124.0,3838.0,,,True,85091.0,84699.0,392.0,,,,2129.0,,2129.0,,,,,2922.0,A1,title,Population bulletin: weekly 12 July 2019,https://assets.publishing.service.gov.uk/media/5d285ea9ed915d69013fbc24/ps-web-report-120719.ods,bulletin,,7.0
2019-07-19,82894.0,82644.0,250.0,79070.0,3824.0,,,True,85111.0,84719.0,392.0,,,,2217.0,,2217.0,,,,,2933.0,A1,title,Population bulletin: weekly 19 July 2019,https://assets.publishing.service.gov.uk/media/5d3184f1e5274a14f41d28ce/prison-population-19072019.ods,bulletin,,7.0
2019-07-26,83042.0,82780.0,262.0,79211.0,3831.0,,,True,85131.0,84739.0,392.0,,,,2089.0,,2089.0,,,,,2884.0,A1,title,Population bulletin: weekly 26 July 2019,https://assets.publishing.service.gov.uk/media/5d3ac42940f0b604e4272a32/population-bulletin-26072019.ods,bulletin,,7.0
2019-08-02,83007.0,82748.0,259.0,79166.0,3841.0,,,True,85117.0,84725.0,392.0,,,,2110.0,,2110.0,,,,,2924.0,A1,title,Population bulletin: weekly 2 August 2019,https://assets.publishing.service.gov.uk/media/5d440080ed915d705df4cd5e/prison-population-bulletin-02082019.ods,bulletin,,7.0
2019-08-09,83119.0,82875.0,244.0,79278.0,3841.0,,,True,85165.0,84773.0,392.0,,,,2046.0,,2046.0,,,,,2910.0,A1,title,Population bulletin: weekly 9 August 2019,https://assets.publishing.service.gov.uk/media/5d4d2c9fed915d71900c52d3/prison-pop-9-aug-2019.ods,bulletin,,7.0
2019-08-16,83136.0,82904.0,232.0,79301.0,3835.0,,,True,85164.0,84772.0,392.0,,,,2028.0,,2028.0,,,,,2898.0,A1,title,Population bulletin: weekly 16 August 2019,https://assets.publishing.service.gov.uk/media/5d565f83e5274a07640aefa9/prison-pop-16-aug-2019.ods,bulletin,,7.0
2019-08-23,83116.0,82905.0,211.0,79304.0,3812.0,,,True,84981.0,84589.0,392.0,,,,1865.0,,1865.0,,,,,2891.0,A1,title,Population bulletin: weekly 23 August 2019,https://assets.publishing.service.gov.uk/media/5d5f965bed915d53b2a72834/prison-pop-23-aug-2019.ods,bulletin,,7.0
2019-08-30,83175.0,82904.0,271.0,79375.0,3800.0,,,True,85064.0,84672.0,392.0,,,,1889.0,,1889.0,,,,,2890.0,A1,title,Population bulletin: weekly 30 August 2019,https://assets.publishing.service.gov.uk/media/5d68d490e5274a1711fbe65e/prison-pop-30-aug-2019.ods,bulletin,,7.0
2019-09-06,83327.0,83045.0,282.0,79514.0,3813.0,,,True,85069.0,84677.0,392.0,,,,1742.0,,1742.0,,,,,2882.0,A1,title,Population bulletin: weekly 6 September 2019,https://assets.publishing.service.gov.uk/media/5d720d68ed915d08ffa9d779/prison-pop-6-sept-2019.ods,bulletin,,7.0
2019-09-13,83433.0,83144.0,289.0,79578.0,3855.0,,,True,85082.0,84690.0,392.0,,,,1649.0,,1649.0,,,,,2866.0,A1,title,Population bulletin: weekly 13 September 2019,https://assets.publishing.service.gov.uk/media/5d7b4789e5274a20381543ff/prison-pop-13-sept-2019.ods,bulletin,,7.0
2019-09-20,83596.0,83302.0,294.0,79769.0,3827.0,,,True,85088.0,84696.0,392.0,,,,1492.0,,1492.0,,,,,2848.0,A1,title,Population bulletin: weekly 20 September 2019,https://assets.publishing.service.gov.uk/media/5d84822ced915d51e8634d07/prison-pop-20-sept-2019.ods,bulletin,,7.0
2019-09-27,83766.0,83518.0,248.0,79907.0,3859.0,,,True,84916.0,84524.0,392.0,,,,1150.0,,1150.0,,,,,2807.0,A1,title,Population bulletin: weekly 27 September 2019,https://assets.publishing.service.gov.uk/media/5d8dc06ee5274a2fb5fff098/prison-pop-27-sept-2019.ods,bulletin,,7.0
2019-10-04,83801.0,83533.0,268.0,79945.0,3856.0,,,True,84973.0,84581.0,392.0,,,,1172.0,,1172.0,,,,,2837.0,A1,title,Population bulletin: weekly 4 October 2019,https://assets.publishing.service.gov.uk/media/5d96f6b7e5274a5a243406c4/prison-pop-4-oct-2019.ods,bulletin,,7.0
2019-10-11,83772.0,83514.0,258.0,79920.0,3852.0,,,True,85040.0,84648.0,392.0,,,,1268.0,,1268.0,,,,,2773.0,A1,title,Population bulletin: weekly 11 October 2019,https://assets.publishing.service.gov.uk/media/5da0323540f0b607f3e679d8/prison-pop-11-october-2019.ods,bulletin,,7.0
2019-10-18,83787.0,83534.0,253.0,79960.0,3827.0,,,True,85042.0,84650.0,392.0,,,,1255.0,,1255.0,,,,,2770.0,A1,title,Population bulletin: weekly 18 October 2019,https://assets.publishing.service.gov.uk/media/5da96de9e5274a5caf317213/prison-pop-18-oct-2019.ods,bulletin,,7.0
2019-10-25,83795.0,83536.0,259.0,79983.0,3812.0,,,True,85053.0,84661.0,392.0,,,,1258.0,,1258.0,,,,,2740.0,A1,title,Population bulletin: weekly 25 October 2019,https://assets.publishing.service.gov.uk/media/5db2adb740f0b609d12d3c8b/prison-pop-25-oct-2019.ods,bulletin,,7.0
2019-11-01,83665.0,83447.0,218.0,79869.0,3796.0,,,True,85151.0,84759.0,392.0,,,,1486.0,,1486.0,,,,,2764.0,A1,title,Population bulletin: weekly 1 November 2019,https://assets.publishing.service.gov.uk/media/5dbbf2c4e5274a4aa3db0782/prison-pop-1-nov-2019.ods,bulletin,,7.0
2019-11-08,83617.0,83383.0,234.0,79783.0,3834.0,,,True,85166.0,84774.0,392.0,,,,1549.0,,1549.0,,,,,2786.0,A1,title,Population bulletin: weekly 8 November 2019,https://assets.publishing.service.gov.uk/media/5dc53146ed915d3955db7881/prison-pop-08-nov-2019.ods,bulletin,,7.0
2019-11-15,83599.0,83335.0,264.0,79785.0,3814.0,,,True,85256.0,84864.0,392.0,,,,1657.0,,1657.0,,,,,2809.0,A1,title,Population bulletin: weekly 15 November 2019,https://assets.publishing.service.gov.uk/media/5dce6e1040f0b608cad4dae4/prison-pop-15-nov-2019.ods,bulletin,,7.0
2019-11-22,83482.0,83234.0,248.0,79697.0,3785.0,,,True,85347.0,84955.0,392.0,,,,1865.0,,1865.0,,,,,2824.0,A1,title,Population bulletin: weekly 22 November 2019,https://assets.publishing.service.gov.uk/media/5dd7a51540f0b650da54c4fa/prison-pop-22-november-2019.ods,bulletin,,7.0
2019-11-29,83516.0,83255.0,261.0,79727.0,3789.0,,,True,85267.0,84875.0,392.0,,,,1751.0,,1751.0,,,,,2827.0,A1,title,Population bulletin: weekly 29 November 2019,https://assets.publishing.service.gov.uk/media/5de0e091ed915d0167331d07/prison-pop-29-nov-2019.ods,bulletin,,7.0
2019-12-06,83484.0,83225.0,259.0,79701.0,3783.0,,,True,85193.0,84801.0,392.0,,,,1709.0,,1709.0,,,,,2891.0,A1,title,Population bulletin: weekly 6 December 2019,https://assets.publishing.service.gov.uk/media/5dea1c8ded915d09dde01ea6/prison-pop-061219.ods,bulletin,,7.0
2019-12-13,83376.0,83129.0,247.0,79614.0,3762.0,,,True,85187.0,84795.0,392.0,,,,1811.0,,1811.0,,,,,2847.0,A1,title,Population bulletin: weeky 13 December 2019,https://assets.publishing.service.gov.uk/media/5df35c4740f0b60950ba82f9/prison-pop-13-dec-2019.ods,bulletin,,7.0
2019-12-20,83353.0,83097.0,256.0,79609.0,3744.0,,,True,85222.0,84830.0,392.0,,,,1869.0,,1869.0,,,,,2816.0,A1,title,Population bulletin: weeky 20 December 2019,https://assets.publishing.service.gov.uk/media/5dfc93cce5274a34128a4a02/prison-pop-20-dec-2019.ods,bulletin,,7.0
2019-12-27,83023.0,82771.0,252.0,79311.0,3712.0,,,True,85222.0,84830.0,392.0,,,,2199.0,,2199.0,,,,,2747.0,A1,title,Population bulletin: weekly 27 December 2019,https://assets.publishing.service.gov.uk/media/5e05cc4fe5274a3483e59977/prison_pop_27_December.ods,bulletin,,7.0
2020-01-03,82784.0,82559.0,225.0,79096.0,3688.0,,,True,85188.0,84796.0,392.0,,,,2404.0,,2404.0,,,,,2759.0,A1,title,Population bulletin: weekly 03 January 2020,https://assets.publishing.service.gov.uk/media/5e0f048fed915d6a952c0156/pop-bull-030120.ods,bulletin,,7.0
2020-01-10,82954.0,82732.0,222.0,79268.0,3686.0,,,True,84974.0,84582.0,392.0,,,,2020.0,,2020.0,,,,,2726.0,A1,title,Population bulletin: weekly 10 January 2020,https://assets.publishing.service.gov.uk/media/5e183acbed915d3b0a02673d/prison-pop-10-jan-2020.ods,bulletin,,7.0
2020-01-17,83167.0,82932.0,235.0,79460.0,3707.0,,,True,84988.0,84596.0,392.0,,,,1821.0,,1821.0,,,,,2741.0,A1,title,Population bulletin: weekly 17 January 2020,https://assets.publishing.service.gov.uk/media/5e217a8f40f0b62c4b0f09d5/prison-population-17-january-2020.ods,bulletin,,7.0
2020-01-24,83201.0,82947.0,254.0,79504.0,3697.0,,,True,85004.0,84612.0,392.0,,,,1803.0,,1803.0,,,,,2703.0,A1,title,Population bulletin: weekly 24 January 2020,https://assets.publishing.service.gov.uk/media/5e2ab0feed915d1f28fe88b9/prison-pop-24-jan-2020.ods,bulletin,,7.0
2020-01-31,83329.0,83077.0,252.0,79611.0,3718.0,,,True,85049.0,84657.0,392.0,,,,1720.0,,1720.0,,,,,2698.0,A1,title,Population bulletin: weekly 31 January 2020,https://assets.publishing.service.gov.uk/media/5e33e7d1e5274a08f0fec3bd/prison-pop-31-jan-2020.ods,bulletin,,7.0
2020-02-07,83497.0,83249.0,248.0,79783.0,3714.0,,,True,84940.0,84548.0,392.0,,,,1443.0,,1443.0,,,,,2709.0,A1,title,Population bulletin: weekly 7 February 2020,https://assets.publishing.service.gov.uk/media/5e3d3980e5274a08e1d092a0/prison-pop-7-feb-2020.ods,bulletin,,7.0
2020-02-14,83626.0,83340.0,286.0,79924.0,3702.0,,,True,84937.0,84545.0,392.0,,,,1311.0,,1311.0,,,,,2716.0,A1,title,Population bulletin: weekly 14 February 2020,https://assets.publishing.service.gov.uk/media/5e4664dfed915d4ffbb68d55/prison-pop-14-feb-2020.ods,bulletin,,7.0
2020-02-21,83695.0,83477.0,218.0,79990.0,3705.0,,,True,84956.0,84564.0,392.0,,,,1261.0,,1261.0,,,,,2684.0,A1,title,Population bulletin: weekly 21 February 2020,https://assets.publishing.service.gov.uk/media/5e4f9f9dd3bf7f394161f856/prison-pop-21-feb-2020.ods,bulletin,,7.0
2020-02-28,83868.0,83654.0,214.0,80147.0,3721.0,,,True,85037.0,84645.0,392.0,,,,1169.0,,1169.0,,,,,2719.0,A1,title,Population bulletin: weekly 28 February 2020,https://assets.publishing.service.gov.uk/media/5e58cc9ae90e07110d39be1a/prison-pop-28-feb-2020.ods,bulletin,,7.0
2020-03-06,83957.0,83740.0,217.0,80238.0,3719.0,,,True,85280.0,84888.0,392.0,,,,1323.0,,1323.0,,,,,2726.0,A1,title,Population bulletin: weekly 6 March 2020,https://assets.publishing.service.gov.uk/media/5e620d6886650c513af6097a/prison-pop-6-mar-2020.ods,bulletin,,7.0
2020-03-13,83917.0,83713.0,204.0,80201.0,3716.0,,,True,85409.0,85017.0,392.0,,,,1492.0,,1492.0,,,,,2718.0,A1,title,Population bulletin: weekly 13 March 2020,https://assets.publishing.service.gov.uk/media/5e6b44e5e90e070aca43cc10/prison-pop-13-mar-2020.ods,bulletin,,7.0
2020-03-20,83709.0,83525.0,184.0,80004.0,3705.0,,,True,85487.0,85095.0,392.0,,,,1778.0,,1778.0,,,,,2731.0,A1,title,Population bulletin: weekly 20 March 2020,https://assets.publishing.service.gov.uk/media/5e74807586650c2974485745/prison-pop-20-march-2020.ods,bulletin,,7.0
2020-03-27,83189.0,83052.0,137.0,79548.0,3641.0,,,True,85583.0,85191.0,392.0,,,,2394.0,,2394.0,,,,,2693.0,A1,title,Population bulletin: weekly 27 March 2020,https://assets.publishing.service.gov.uk/media/5e7dbae2e90e0706fc3ffa10/prison-pop-27-mar-2020.ods,bulletin,,7.0
2020-04-03,82589.0,82456.0,133.0,78989.0,3600.0,,,True,85596.0,85204.0,392.0,,,,3007.0,,3007.0,,,,,2681.0,A1,title,Population bulletin: weekly 3 April 2020,https://assets.publishing.service.gov.uk/media/5e86f2a5d3bf7f134447dfeb/prison-pop-3-apr-2020.ods,bulletin,,7.0
2020-04-17,81454.0,81347.0,107.0,77989.0,3465.0,,,True,85546.0,85154.0,392.0,,,,4092.0,,4092.0,,,,,2668.0,A1,title,Population bulletin: weekly 17 April 2020,https://assets.publishing.service.gov.uk/media/5e997f68e90e070494e34c0e/prison-pop-17-apr-2020.ods,bulletin,,14.0
2020-04-24,81124.0,81039.0,85.0,77700.0,3424.0,,,True,85505.0,85113.0,392.0,,,,4381.0,,4381.0,,,,,2699.0,A1,title,Population bulletin: weekly 24 April 2020,https://assets.publishing.service.gov.uk/media/5ea2a349e90e0704930d8a78/prison-pop-24-apr-2020.ods,bulletin,,7.0
2020-05-01,80827.0,80739.0,88.0,77420.0,3407.0,,,True,83872.0,83480.0,392.0,,,,3045.0,,3045.0,,,,,2699.0,A1,title,Population bulletin: weekly 1 May 2020,https://assets.publishing.service.gov.uk/media/5eabeb22e90e0723b766f2c8/prison-population-1-may-2020.ods,bulletin,,7.0
2020-05-15,80422.0,80348.0,74.0,77093.0,3329.0,,,True,82254.0,81862.0,392.0,,,,1832.0,,1832.0,,,,,2676.0,A1,title,Population bulletin: weekly 15 May 2020,https://assets.publishing.service.gov.uk/media/5ebe4f7e86650c279a4c1d36/prison-pop-15-may-2020.ods,bulletin,,14.0
2020-05-22,80180.0,80102.0,78.0,76858.0,3322.0,,,True,82087.0,81695.0,392.0,,,,1907.0,,1907.0,,,,,2656.0,A1,title,Population bulletin: weekly 22 May 2020,https://assets.publishing.service.gov.uk/media/5ec788c086650c76ab17fbee/prison-pop-22-may-2020.ods,bulletin,,7.0
2020-05-29,80032.0,79958.0,74.0,76735.0,3297.0,,,True,81887.0,81495.0,392.0,,,,1855.0,,1855.0,,,,,2619.0,A1,title,Population bulletin: weekly 29 May 2020,https://assets.publishing.service.gov.uk/media/5ed0c40ce90e0754d3f5eeb3/prison-pop-29-may-2020.ods,bulletin,,7.0
2020-06-05,79878.0,79812.0,66.0,76623.0,3255.0,,,True,81766.0,81374.0,392.0,,,,1888.0,,1888.0,,,,,2634.0,A1,title,Population bulletin: weekly 5 June 2020,https://assets.publishing.service.gov.uk/media/5ed9fd92e90e071b7a39a652/prison-pop-5-jun-2020.ods,bulletin,,7.0
2020-06-12,79713.0,79645.0,68.0,76449.0,3264.0,,,True,81790.0,81398.0,392.0,,,,2077.0,,2077.0,,,,,2647.0,A1,title,Population bulletin: weekly 12 June 2020,https://assets.publishing.service.gov.uk/media/5ee33cd7d3bf7f1ebbaab89a/prison-pop-12-june-2020.ods,bulletin,,7.0
2020-06-19,79605.0,79540.0,65.0,76340.0,3265.0,,,True,81749.0,81357.0,392.0,,,,2144.0,,2144.0,,,,,2685.0,A1,title,Population bulletin: weekly 19 June 2020,https://assets.publishing.service.gov.uk/media/5eec74a086650c2d2b4b9fce/prison-pop-19-jun-2020.ods,bulletin,,7.0
2020-06-26,79453.0,79393.0,60.0,76200.0,3253.0,,,True,81749.0,81357.0,392.0,,,,2296.0,,2296.0,,,,,2649.0,A1,title,Population bulletin: weekly 26 June 2020,https://assets.publishing.service.gov.uk/media/5ef5ac7486650c1295cb5ec7/prison-pop-26-jun-2020.ods,bulletin,,7.0
2020-07-03,79522.0,79446.0,76.0,76276.0,3246.0,,,True,81735.0,81343.0,392.0,,,,2213.0,,2213.0,,,,,2650.0,A1,title,Population bulletin: weekly 3 July 2020,https://assets.publishing.service.gov.uk/media/5efee8fad3bf7f769d269602/prison-pop-03-jul-2020.ods,bulletin,,7.0
2020-07-10,79537.0,79467.0,70.0,76288.0,3249.0,,,True,81745.0,81353.0,392.0,,,,2208.0,,2208.0,,,,,2659.0,A1,title,Population bulletin: weekly 10 July 2020,https://assets.publishing.service.gov.uk/media/5f082460d3bf7f2bf33fa2bd/prison-pop-10-jul-2020.ods,bulletin,,7.0
2020-07-17,79557.0,79493.0,64.0,76328.0,3229.0,,,True,81737.0,81345.0,392.0,,,,2180.0,,2180.0,,,,,2629.0,A1,title,Population bulletin: weekly 17 July 2020,https://assets.publishing.service.gov.uk/media/5f1161b1d3bf7f5baca6e4b8/prison-pop-17-jul-2020.ods,bulletin,,7.0
2020-07-24,79620.0,79545.0,75.0,76393.0,3227.0,,,True,81762.0,81370.0,392.0,,,,2142.0,,2142.0,,,,,2607.0,A1,title,Population bulletin: weekly 24 July 2020,https://assets.publishing.service.gov.uk/media/5f1a9300e90e074565a7adc0/population-bulletin-240720.ods,bulletin,,7.0
2020-07-31,79643.0,79563.0,80.0,76408.0,3235.0,,,True,81755.0,81363.0,392.0,,,,2112.0,,2112.0,,,,,2589.0,A1,title,Population bulletin: weekly 31 July 2020,https://assets.publishing.service.gov.uk/media/5f23eafb8fa8f57ac14f6922/population-bulletin-310720.ods,bulletin,,7.0
2020-08-07,79564.0,79499.0,65.0,76325.0,3239.0,,,True,81701.0,81309.0,392.0,,,,2137.0,,2137.0,,,,,2578.0,A1,title,Population bulletin: weekly 7 August 2020,https://assets.publishing.service.gov.uk/media/5f2d0e5ee90e0732e2d7c9d1/Population-_bulletin-07082020.ods,bulletin,,7.0
2020-08-14,79531.0,79447.0,84.0,76269.0,3262.0,,,True,81664.0,81272.0,392.0,,,,2133.0,,2133.0,,,,,2546.0,A1,title,Population bulletin: weekly 14 August 2020,https://assets.publishing.service.gov.uk/media/5f364a50d3bf7f1b0fa7a10e/prison-pop-14-aug-2020.ods,bulletin,,7.0
2020-08-21,79493.0,79417.0,76.0,76231.0,3262.0,,,True,81663.0,81271.0,392.0,,,,2170.0,,2170.0,,,,,2543.0,A1,title,Population bulletin: weekly 21 August 2020,https://assets.publishing.service.gov.uk/media/5f3f84fed3bf7f39255984d6/prison-pop-21-aug-2020.ods,bulletin,,7.0
2020-08-28,79433.0,79372.0,61.0,76174.0,3259.0,,,True,81643.0,81251.0,392.0,,,,2210.0,,2210.0,,,,,2552.0,A1,title,Population bulletin: weekly 28 August 2020,https://assets.publishing.service.gov.uk/media/5f48cd7ae90e071c78ff7992/prison-pop-28-aug-2020.ods,bulletin,,7.0
2020-09-04,79285.0,79207.0,78.0,76033.0,3252.0,,,True,81588.0,81196.0,392.0,,,,2303.0,,2303.0,,,,,2524.0,A1,title,Population bulletin: weekly 4 September 2020,https://assets.publishing.service.gov.uk/media/5f51f1388fa8f535bc031882/prison-pop-4-sept-2020.ods,bulletin,,7.0
2020-09-11,79263.0,79186.0,77.0,76026.0,3237.0,,,True,81537.0,81145.0,392.0,,,,2274.0,,2274.0,,,,,2502.0,A1,title,Population bulletin: weekly 11 September 2020,https://assets.publishing.service.gov.uk/media/5f5b2c6fd3bf7f723e21c05a/prison-pop-11-sept-2020.ods,bulletin,,7.0
2020-09-18,79185.0,79098.0,87.0,75983.0,3202.0,,,True,81511.0,81119.0,392.0,,,,2326.0,,2326.0,,,,,2510.0,A1,title,Population bulletin: weekly 18 September 2020,https://assets.publishing.service.gov.uk/media/5f646973d3bf7f72337b6e85/prison-pop-18-sept-2020.ods,bulletin,,7.0
2020-09-25,79263.0,79138.0,125.0,76050.0,3213.0,,,True,81536.0,81144.0,392.0,,,,2273.0,,2273.0,,,,,2500.0,A1,title,Population bulletin: weekly 25 September 2020,https://assets.publishing.service.gov.uk/media/5f6da6288fa8f541ea695ab5/prison-pop-25-sept-2020.ods,bulletin,,7.0
2020-10-02,79245.0,79120.0,125.0,76028.0,3217.0,,,True,81587.0,81195.0,392.0,,,,2342.0,,2342.0,,,,,2507.0,A1,title,Population bulletin: weekly 2 October 2020,https://assets.publishing.service.gov.uk/media/5f76e2478fa8f55e2d1f2265/pop-bull-021020.ods,bulletin,,7.0
2020-10-09,79187.0,79070.0,117.0,75942.0,3245.0,,,True,81556.0,81164.0,392.0,,,,2369.0,,2369.0,,,,,2496.0,A1,title,Population bulletin: weekly 9 October 2020,https://assets.publishing.service.gov.uk/media/5f8018f0d3bf7f01973929ea/prison-pop-9-oct-2020.ods,bulletin,,7.0
2020-10-16,79175.0,79050.0,125.0,75918.0,3257.0,,,True,81566.0,81174.0,392.0,,,,2391.0,,2391.0,,,,,2456.0,A1,title,Population bulletin: weekly 16 October 2020,https://assets.publishing.service.gov.uk/media/5f8959ed8fa8f504218ba2b2/prison-pop-16-oct-2020.ods,bulletin,,7.0
2020-10-23,79164.0,79046.0,118.0,75913.0,3251.0,,,True,81527.0,81135.0,392.0,,,,2363.0,,2363.0,,,,,2491.0,A1,title,Population bulletin: weekly 23 October 2020,https://assets.publishing.service.gov.uk/media/5f9287ce8fa8f543f5b80e28/prison-pop-23-oct-2020.ods,bulletin,,7.0
2020-10-30,79083.0,78977.0,106.0,75826.0,3257.0,,,True,81541.0,81149.0,392.0,,,,2458.0,,2458.0,,,,,2485.0,A1,title,Population bulletin: weekly 30 October 2020,https://assets.publishing.service.gov.uk/media/5f9be5228fa8f57f408068e4/population-bulletin-301020.ods,bulletin,,7.0
2020-11-06,78988.0,78868.0,120.0,75725.0,3263.0,,,True,81531.0,81139.0,392.0,,,,2543.0,,2543.0,,,,,2478.0,A1,title,Population bulletin: weekly 6 November 2020,https://assets.publishing.service.gov.uk/media/5fa50d68d3bf7f03a841cf4d/prison-pop-6-november-2020.ods,bulletin,,7.0
2020-11-13,78977.0,78868.0,109.0,75697.0,3280.0,,,True,81494.0,81102.0,392.0,,,,2517.0,,2517.0,,,,,2459.0,A1,title,Population bulletin: weekly 13 November 2020,https://assets.publishing.service.gov.uk/media/5fae51acd3bf7f037ffc8785/prison-pop-13-nov-2020.ods,bulletin,,7.0
2020-11-20,78838.0,78741.0,97.0,75580.0,3258.0,,,True,81377.0,80985.0,392.0,,,,2539.0,,2539.0,,,,,2418.0,A1,title,Population bulletin: weekly 20 November 2020,https://assets.publishing.service.gov.uk/media/5fb782a2d3bf7f63dba19004/prison-pop-20-nov-2020.ods,bulletin,,7.0
2020-11-27,78832.0,78746.0,86.0,75581.0,3251.0,,,True,81351.0,80959.0,392.0,,,,2519.0,,2519.0,,,,,2425.0,A1,title,Population bulletin: weekly 27 November 2020,https://assets.publishing.service.gov.uk/media/5fc0c157d3bf7f7f575b42f8/prison-pop-27-nov-2020.ods,bulletin,,7.0
2020-12-04,78878.0,78804.0,74.0,75640.0,3238.0,,,True,81246.0,80854.0,392.0,,,,2368.0,,2368.0,,,,,2420.0,A1,title,Population bulletin: weekly 4 December 2020,https://assets.publishing.service.gov.uk/media/5fc9f758d3bf7f5d08464cae/prison-pop-4-dec-2020.ods,bulletin,,7.0
2020-12-11,78722.0,78656.0,66.0,75491.0,3231.0,,,True,81276.0,80884.0,392.0,,,,2554.0,,2554.0,,,,,2431.0,A1,title,Population bulletin: weekly 11 December 2020,https://assets.publishing.service.gov.uk/media/5fd340858fa8f54d564af05a/prison-pop-11-dec-2020.ods,bulletin,,7.0
2020-12-18,78700.0,78618.0,82.0,75503.0,3197.0,,,True,81215.0,80823.0,392.0,,,,2515.0,,2515.0,,,,,2412.0,A1,title,Population bulletin: weekly 18 December 2020,https://assets.publishing.service.gov.uk/media/5fdc717ce90e07452a1c44d4/population-bulletin-181220.ods,bulletin,,7.0
2021-01-08,78029.0,77930.0,99.0,74899.0,3130.0,,,True,81138.0,80746.0,392.0,,,,3109.0,,3109.0,,,,,2342.0,A1,title,Population bulletin: weekly 8 January 2021,https://assets.publishing.service.gov.uk/media/5ff81d158fa8f56404a5b3b0/prison-population-8-jan-2021.ODS,bulletin,,21.0
2021-01-15,78032.0,77942.0,90.0,74902.0,3130.0,,,True,81115.0,80723.0,392.0,,,,3083.0,,3083.0,,,,,2322.0,A1,title,Population bulletin: weekly 15 January 2021,https://assets.publishing.service.gov.uk/media/600160cce90e0763ab4bc321/prison-pop-15-jan-2021.ods,bulletin,,7.0
2021-01-22,78030.0,77955.0,75.0,74882.0,3148.0,,,True,81070.0,80678.0,392.0,,,,3040.0,,3040.0,,,,,2285.0,A1,title,Population bulletin: weekly 22 January 2021,https://assets.publishing.service.gov.uk/media/600a96bc8fa8f52971b7b4ec/prison-pop-22-jan-2021.ods,bulletin,,7.0
2021-01-29,78065.0,77976.0,89.0,74939.0,3126.0,,,True,81072.0,80680.0,392.0,,,,3007.0,,3007.0,,,,,2272.0,A1,title,Population bulletin: weekly 29 January 2021,https://assets.publishing.service.gov.uk/media/6013d2eee90e07626489c988/prison-pop-29-jan-2021.ods,bulletin,,7.0
2021-02-05,78114.0,78024.0,90.0,74982.0,3132.0,,,True,81063.0,80671.0,392.0,,,,2949.0,,2949.0,,,,,2276.0,A1,title,Population bulletin: weekly 5 February 2021,https://assets.publishing.service.gov.uk/media/601d168a8fa8f5147014321e/prison-pop-5-feb-2021.ods,bulletin,,7.0
2021-02-12,78118.0,78038.0,80.0,75007.0,3111.0,,,True,81058.0,80666.0,392.0,,,,2940.0,,2940.0,,,,,2260.0,A1,title,Population bulletin: weekly 12 February 2021,https://assets.publishing.service.gov.uk/media/6026447e8fa8f50384219383/prison-pop-12-feb-2021.ods,bulletin,,7.0
2021-02-19,77992.0,77896.0,96.0,74858.0,3134.0,,,True,81058.0,80666.0,392.0,,,,3066.0,,3066.0,,,,,2245.0,A1,title,Population bulletin: weekly 19 February 2021,https://assets.publishing.service.gov.uk/media/602f7dc9d3bf7f7221aad851/prison-pop-19-feb-2021.ods,bulletin,,7.0
2021-02-26,78015.0,77932.0,83.0,74882.0,3133.0,,,True,81043.0,80651.0,392.0,,,,3028.0,,3028.0,,,,,2246.0,A1,title,Population bulletin: weekly 26 February 2021,https://assets.publishing.service.gov.uk/media/6038bd5cd3bf7f039b78f0a1/prison-pop-26-feb-2021.ods,bulletin,,7.0
2021-03-05,78037.0,77960.0,77.0,74916.0,3121.0,,,True,81021.0,80629.0,392.0,,,,2984.0,,2984.0,,,,,2274.0,A1,title,Population bulletin: weekly 5 March 2021,https://assets.publishing.service.gov.uk/media/6041f7c6e90e077dd8d2d35e/prison-pop-5-march-2021.ods,bulletin,,7.0
2021-03-12,78044.0,77946.0,98.0,74927.0,3117.0,,,True,80971.0,80579.0,392.0,,,,2927.0,,2927.0,,,,,2298.0,A1,title,Population bulletin: weekly 12 March 2021,https://assets.publishing.service.gov.uk/media/604b2f608fa8f505bdfcfc74/prison-pop-12-mar-2021.ods,bulletin,,7.0
2021-03-19,78081.0,77998.0,83.0,74983.0,3098.0,,,True,80971.0,80579.0,392.0,,,,2890.0,,2890.0,,,,,2249.0,A1,title,Population bulletin: weekly 19 March 2021,https://assets.publishing.service.gov.uk/media/60546974d3bf7f2f0e7d0497/prison-pop-19-march-2021.ods,bulletin,,7.0
2021-03-26,78081.0,78008.0,73.0,74981.0,3100.0,,,True,80869.0,80477.0,392.0,,,,2788.0,,2788.0,,,,,2239.0,A1,title,Population bulletin: weekly 26 March 2021,https://assets.publishing.service.gov.uk/media/605d9f31d3bf7f20e4a009c9/prison-pop-26-mar-2021.ods,bulletin,,7.0
2021-04-09,77727.0,77634.0,93.0,74641.0,3086.0,,,True,80877.0,81485.0,392.0,,,,3150.0,,3150.0,,,,,2267.0,A1,title,Population bulletin: weekly 9 April 2021,https://assets.publishing.service.gov.uk/media/60743e45e90e076f57af84c5/prison-pop-9-apr-2021.ods,bulletin,,14.0
2021-04-16,77761.0,77680.0,81.0,74646.0,3115.0,,,True,80881.0,80528.0,353.0,,,,3120.0,,3120.0,,,,,2237.0,A1,title,Population bulletin: weekly 16 April 2021,https://assets.publishing.service.gov.uk/media/607942498fa8f573558cd53a/prison-pop-16-apr-2021.ods,bulletin,,7.0
2021-04-23,77738.0,77644.0,94.0,74603.0,3135.0,,,True,80870.0,80517.0,353.0,,,,3132.0,,3132.0,,,,,2246.0,A1,title,Population bulletin: weekly 23 April 2021,https://assets.publishing.service.gov.uk/media/60827785e90e076aaaa26e34/prison-pop-23-april-2021.ods,bulletin,,7.0
2021-04-30,77859.0,77771.0,88.0,74702.0,3157.0,,,True,80817.0,80464.0,353.0,,,,2958.0,,2958.0,,,,,2274.0,A1,title,Population bulletin: weekly 30 April 2021,https://assets.publishing.service.gov.uk/media/608bb7698fa8f51b9988cc39/prison-pop-30-apr-2021.ods,bulletin,,7.0
2021-05-07,77773.0,77696.0,77.0,74615.0,3158.0,,,True,80739.0,80386.0,353.0,,,,2966.0,,2966.0,,,,,2232.0,A1,title,Population bulletin: weekly 7 May 2021,https://assets.publishing.service.gov.uk/media/6094efdc8fa8f548b0a95f05/prison-pop-7-may-2021.ods,bulletin,,7.0
2021-05-14,77916.0,77823.0,93.0,74755.0,3161.0,,,True,80656.0,80303.0,353.0,,,,2740.0,,2740.0,,,,,2175.0,A1,title,Population bulletin: weekly 14 May 2021,https://assets.publishing.service.gov.uk/media/609e298d8fa8f56a33a3588a/prison-pop-14-may-2021.ods,bulletin,,7.0
2021-05-21,78049.0,77970.0,79.0,74870.0,3179.0,,,True,80689.0,80336.0,353.0,,,,2640.0,,2640.0,,,,,2197.0,A1,title, Population bulletin: weekly 21 May 2021,https://assets.publishing.service.gov.uk/media/60a778fd8fa8f520bec372e6/pop-bull-210521.ods,bulletin,,7.0
2021-05-28,78104.0,78034.0,70.0,74921.0,3183.0,,,True,80665.0,80312.0,353.0,,,,2561.0,,2561.0,,,,,2192.0,A1,title,Population bulletin: weekly 28 May 2021,https://assets.publishing.service.gov.uk/media/60b0bde6d3bf7f435b75e260/prison-pop-28-may-2021.ods,bulletin,,7.0
2021-06-04,78006.0,77912.0,94.0,74836.0,3170.0,,,True,80646.0,80293.0,353.0,,,,2640.0,,2640.0,,,,,2184.0,A1,title,Population bulletin: weekly 4 June 2021,https://assets.publishing.service.gov.uk/media/60b9e325e90e0743a02caf67/prison-pop-4-jun-2021.ods,bulletin,,7.0
2021-06-11,78132.0,78037.0,95.0,74957.0,3175.0,,,True,80638.0,80285.0,353.0,,,,2506.0,,2506.0,,,,,2168.0,A1,title,Population bulletin: weekly 11 June 2021,https://assets.publishing.service.gov.uk/media/60c322b2e90e074397d8c8b2/population-bulletin-110621.ods,bulletin,,7.0
2021-06-18,78172.0,78087.0,85.0,74993.0,3179.0,,,True,81100.0,80747.0,353.0,,,,2928.0,,2928.0,,,,,2179.0,A1,title,Population bulletin: weekly 18 June 2021,https://assets.publishing.service.gov.uk/media/60cc9e27d3bf7f4bca6e73de/prison-pop-18-jun-2021.ods,bulletin,,7.0
2021-06-25,78250.0,78176.0,74.0,75064.0,3186.0,,,True,81154.0,81080.0,74.0,,,,2904.0,,2904.0,,,,,2183.0,A1,title,Population bulletin: weekly 25 June 2021,https://assets.publishing.service.gov.uk/media/60d5b066e90e077171968054/prison-pop-25-jun-2021.ods,bulletin,,7.0
2021-07-02,78362.0,78298.0,64.0,75172.0,3190.0,,,True,81109.0,81045.0,64.0,,,,2747.0,,2747.0,,,,,2201.0,A1,title,Population bulletin: weekly 2 July 2021,https://assets.publishing.service.gov.uk/media/60ded6608fa8f50abc106c51/prison-pop-2-july-2021.ods,bulletin,,7.0
2021-07-09,78489.0,78448.0,41.0,75287.0,3202.0,,,True,81138.0,81097.0,41.0,,,,2649.0,,2649.0,,,,,2155.0,A1,title,Population bulletin: weekly 9 July 2021,https://assets.publishing.service.gov.uk/media/60e8020ae90e0764c5938270/prison-pop-9-july-2021.ods,bulletin,,7.0
2021-07-16,78445.0,78378.0,67.0,75237.0,3208.0,,,True,81165.0,80812.0,353.0,,,,2720.0,,2720.0,,,,,2108.0,A1,title,Population bulletin: weekly 16 July 2021,https://assets.publishing.service.gov.uk/media/60f155fae90e0764d1be2787/prison-pop-16-july-2021.ods,bulletin,,7.0
2021-07-23,78353.0,78353.0,0.0,75155.0,3198.0,,,True,81142.0,80789.0,353.0,,,,2789.0,,2789.0,,,,,2151.0,A1,title,Population bulletin: weekly 23 July 2021,https://assets.publishing.service.gov.uk/media/60fa8e23e90e0703ad633495/prison-pop-23-july-2021.ods,bulletin,,7.0
2021-07-30,78488.0,,,75286.0,3202.0,,,False,80653.0,,,,,,2165.0,,2165.0,,,,,2177.0,A2,title,Population bulletin: weekly 30 July 2021,https://assets.publishing.service.gov.uk/media/6103ed15d3bf7f0452a7a9d5/population-bulletin-300721.ods,bulletin,,7.0
2021-08-06,78616.0,,,75414.0,3202.0,,,False,80568.0,,,,,,1952.0,,1952.0,,,,,2172.0,A2,title,Population bulletin: weekly 6 August 2021,https://assets.publishing.service.gov.uk/media/610d14ca8fa8f506c3539fec/pop-bulletin-060821.ods,bulletin,,7.0
2021-08-13,78793.0,,,75573.0,3220.0,,,False,80590.0,,,,,,1797.0,,1797.0,,,,,2198.0,A2,title,Population bulletin: weekly: 13 August 2021,https://assets.publishing.service.gov.uk/media/6116264de90e070542081be0/prison-pop-13-august-2021.ods,bulletin,,7.0
2021-08-20,78832.0,,,75607.0,3225.0,,,False,80641.0,,,,,,1809.0,,1809.0,,,,,2212.0,A2,title,Population bulletin: weekly 20 August 2021,https://assets.publishing.service.gov.uk/media/611f63018fa8f53dc994e5e0/prison-pop-20-august-2021.ods,bulletin,,7.0
2021-08-27,78750.0,,,75558.0,3192.0,,,False,80641.0,,,,,,1891.0,,1891.0,,,,,2236.0,A2,title,Population bulletin: weekly 27 August 2021,https://assets.publishing.service.gov.uk/media/6128a1658fa8f53dcd3ae90a/PSWEBREPORT.ods,bulletin,,7.0
2021-09-03,78711.0,,,75530.0,3181.0,,,False,80709.0,,,,,,1998.0,,1998.0,,,,,2210.0,A2,title,Population bulletin: weekly 3 September 2021,https://assets.publishing.service.gov.uk/media/6131d29ee90e07043d565c2c/prison-pop-3-sept-2021.ods,bulletin,,7.0
2021-09-10,78743.0,,,75564.0,3179.0,,,False,80760.0,,,,,,2017.0,,2017.0,,,,,2174.0,A2,title,Population bulletin: weekly 10 September 2021,https://assets.publishing.service.gov.uk/media/613b0d2ad3bf7f05ab786446/prison-pop-10-sept-2021.ods,bulletin,,7.0
2021-09-17,78768.0,,,75571.0,3197.0,,,False,80748.0,,,,,,1980.0,,1980.0,,,,,2167.0,A2,title,Population bulletin: weekly 17 September 2021,https://assets.publishing.service.gov.uk/media/6144476dd3bf7f05b9705181/prison-pop-17-sept-2021.ods,bulletin,,7.0
2021-09-24,78830.0,,,75644.0,3186.0,,,False,80778.0,,,,,,1948.0,,1948.0,,,,,2167.0,A2,title,Population bulletin: weekly 24 September 2021,https://assets.publishing.service.gov.uk/media/614d9574e90e077a3078f91c/prison-pop-24-sept-2021.ods,bulletin,,7.0
2021-10-01,78789.0,,,75590.0,3199.0,,,False,80855.0,,,,,,2066.0,,2066.0,,,,,2160.0,A2,title,Population bulletin: weekly 1 October 2021,https://assets.publishing.service.gov.uk/media/6156c162d3bf7f55fd843a7e/prison-pop-1-oct-2021.ods,bulletin,,7.0
2021-10-08,78930.0,,,75713.0,3217.0,,,False,80933.0,,,,,,2003.0,,2003.0,,,,,2184.0,A2,title,Population bulletin: weekly 8 October 2021,https://assets.publishing.service.gov.uk/media/61600b88e90e07197e166338/prison-pop-8-oct-2021.ods,bulletin,,7.0
2021-10-15,79033.0,,,75806.0,3227.0,,,False,80877.0,,,,,,1844.0,,1844.0,,,,,2175.0,A2,title,Population bulletin: weekly 15 October 2021,https://assets.publishing.service.gov.uk/media/61693046d3bf7f56059040a3/prison-pop-15-oct-2021.ods,bulletin,,7.0
2021-10-22,79221.0,,,75977.0,3244.0,,,False,80868.0,,,,,,1647.0,,1647.0,,,,,2173.0,A2,title,Population bulletin: weekly 22 October 2021,https://assets.publishing.service.gov.uk/media/61726d70e90e07197512824e/prison-pop-22-oct-2021.ods,bulletin,,7.0
2021-10-29,79380.0,,,76133.0,3247.0,,,False,80852.0,,,,,,1472.0,,1472.0,,,,,2170.0,A2,title,Population bulletin: weekly 29 October 2021,https://assets.publishing.service.gov.uk/media/617bb145d3bf7f5604d83daf/prison-pop-29-oct-2021.ods,bulletin,,7.0
2021-11-05,79284.0,,,76052.0,3232.0,,,False,80897.0,,,,,,1613.0,,1613.0,,,,,2216.0,A2,title,Population bulletin: weekly 5 November 2021,https://assets.publishing.service.gov.uk/media/6184ee448fa8f52980d93290/prison-pop-5-nov-2021.ods,bulletin,,7.0
2021-11-12,79401.0,,,76175.0,3226.0,,,False,80886.0,,,,,,1485.0,,1485.0,,,,,2242.0,A2,title,Population bulletin: weekly 12 November 2021,https://assets.publishing.service.gov.uk/media/618e2af7e90e070440c8b99c/prison-pop-12-nov-2021.ods,bulletin,,7.0
2021-11-19,79580.0,,,76344.0,3236.0,,,False,80912.0,,,,,,1332.0,,1332.0,,,,,2219.0,A2,title,Population bulletin: weekly 19 November 2021,https://assets.publishing.service.gov.uk/media/61c31ad18fa8f54c17327a89/prison-pop-19-nov-2021-updated.ods,bulletin,,7.0
2021-11-26,79685.0,,,76411.0,3274.0,,,False,80880.0,,,,,,1195.0,,1195.0,,,,,2187.0,A2,title,Population bulletin: weekly 26 November 2021,https://assets.publishing.service.gov.uk/media/61c31ae88fa8f54c16e1a689/prison-pop-26-nov-2021-updated.ods,bulletin,,7.0
2021-12-03,79643.0,,,76355.0,3288.0,,,False,81128.0,,,,,,1485.0,,1485.0,,,,,2218.0,A2,title,Population bulletin: weekly 3 December 2021,https://assets.publishing.service.gov.uk/media/61a9da44e90e070445fd773a/prison-pop-3-december-2021.ods,bulletin,,7.0
2021-12-10,79545.0,,,76266.0,3279.0,,,False,81204.0,,,,,,1659.0,,1659.0,,,,,2200.0,A2,title,Population bulletin: weekly 10 December 2021,https://assets.publishing.service.gov.uk/media/61b345dbd3bf7f055eb9b84c/prison-pop-10-december-2021.ods,bulletin,,7.0
2021-12-17,79446.0,,,76173.0,3273.0,,,False,81224.0,,,,,,1778.0,,1778.0,,,,,2215.0,A2,title,Population bulletin: weekly 17 December 2021,https://assets.publishing.service.gov.uk/media/61bc571c8fa8f503816405ad/prison-pop-17-december-2021.ods,bulletin,,7.0
2021-12-24,79249.0,,,76024.0,3225.0,,,False,81195.0,,,,,,1946.0,,1946.0,,,,,2236.0,A2,title,Population bulletin: weekly 24 December 2021,https://assets.publishing.service.gov.uk/media/61cef8ced3bf7f1f72b5ffca/prison-pop-24-december-2021.ods,bulletin,,7.0
2021-12-31,79092.0,,,75881.0,3211.0,,,False,81195.0,,,,,,2103.0,,2103.0,,,,,2223.0,A2,title,Population bulletin: weekly 31 December 2021,https://assets.publishing.service.gov.uk/media/61d439428fa8f54c1ad6a5b1/population-bulletin-31122021.ods,bulletin,,7.0
2022-01-07,79086.0,,,75900.0,3186.0,,,False,81291.0,,,,,,2205.0,,2205.0,,,,,2191.0,A2,title,Population bulletin: weekly 7 January 2022,https://assets.publishing.service.gov.uk/media/61d813058fa8f505893f1c8e/population-bulletin-070122.ods,bulletin,,7.0
2022-01-14,79193.0,,,76001.0,3192.0,,,False,81216.0,,,,,,2023.0,,2023.0,,,,,2152.0,A2,title,Population bulletin: weekly 14 January 2022,https://assets.publishing.service.gov.uk/media/61e14450d3bf7f054db93802/prison-pop-14-jan-2022.ods,bulletin,,7.0
2022-01-21,79303.0,,,76102.0,3201.0,,,False,81181.0,,,,,,1878.0,,1878.0,,,,,2141.0,A2,title,Population bulletin: weekly 21 January 2022,https://assets.publishing.service.gov.uk/media/61ea7578d3bf7f054a1da205/prison-pop-21-jan-2022.ods,bulletin,,7.0
2022-01-28,79412.0,,,76207.0,3205.0,,,False,81292.0,,,,,,1880.0,,1880.0,,,,,2144.0,A2,title,Population bulletin: weekly 28 January 2022,https://assets.publishing.service.gov.uk/media/61f3ae53d3bf7f78eab158bc/prison-pop-28-jan-2022.ods,bulletin,,7.0
2022-02-04,79623.0,,,76427.0,3196.0,,,False,81374.0,,,,,,1751.0,,1751.0,,,,,2165.0,A2,title,Population bulletin: weekly 4 February 2022,https://assets.publishing.service.gov.uk/media/61fce5628fa8f538882511fe/prison-pop-4-february-2022.ods,bulletin,,7.0
2022-02-11,79765.0,,,76540.0,3225.0,,,False,81368.0,,,,,,1603.0,,1603.0,,,,,2190.0,A2,title,Population bulletin: weekly 11 February 2022,https://assets.publishing.service.gov.uk/media/6206675b8fa8f510b7285b12/prison-pop-11-feb-2022.ods,bulletin,,7.0
2022-02-18,79721.0,,,76504.0,3217.0,,,False,81451.0,,,,,,1730.0,,1730.0,,,,,2167.0,A2,title,Population bulletin: weekly 18 February 2022,https://assets.publishing.service.gov.uk/media/620f745be90e0710acb25439/population-bulletin-180222.ods,bulletin,,7.0
2022-02-25,79724.0,,,76522.0,3202.0,,,False,81537.0,,,,,,1813.0,,1813.0,,,,,2166.0,A2,title,Population bulletin: weekly 25 February 2022,https://assets.publishing.service.gov.uk/media/6218a1568fa8f549126751b2/prison-population-25-feb-2022.ods,bulletin,,7.0
2022-03-04,79715.0,,,76506.0,3209.0,,,False,81538.0,,,,,,1823.0,,1823.0,,,,,2142.0,A2,title,Population bulletin: weekly 4 March 2022,https://assets.publishing.service.gov.uk/media/6221dd0de90e0710bdc09b23/prison-pop-3-mar-2022.ods,bulletin,,7.0
2022-03-11,79679.0,,,76445.0,3234.0,,,False,81635.0,,,,,,1956.0,,1956.0,,,,,2135.0,A2,title,Population bulletin: weekly 11 March 2022,https://assets.publishing.service.gov.uk/media/622b0efdd3bf7f5a89aece8d/prison-pop-11-mar-2022.ods,bulletin,,7.0
2022-03-18,79808.0,,,76570.0,3238.0,,,False,81680.0,,,,,,1872.0,,1872.0,,,,,2129.0,A2,title,Population bulletin: weekly 18 March 2022,https://assets.publishing.service.gov.uk/media/623454188fa8f540f6c231c9/prison-pop-18-march-2022.ods,bulletin,,7.0
2022-03-25,79744.0,,,76503.0,3241.0,,,False,81752.0,,,,,,2008.0,,2008.0,,,,,2165.0,A2,title,Population bulletin: weekly 25 March 2022,https://assets.publishing.service.gov.uk/media/623d80f98fa8f52773d769f3/prison-pop-25-march-2022.ods,bulletin,,7.0
2022-04-01,79790.0,,,76550.0,3240.0,,,False,82092.0,,,,,,2302.0,,2302.0,,,,,2177.0,A2,title,Population bulletin: weekly 1 April 2022,https://assets.publishing.service.gov.uk/media/6246ae7de90e075f07426ec6/prison-pop-1-apr-2022.ods,bulletin,,7.0
2022-04-08,79742.0,,,76520.0,3222.0,,,False,82204.0,,,,,,2462.0,,2462.0,,,,,2182.0,A2,title,Population bulletin: weekly 8 April 2022,https://assets.publishing.service.gov.uk/media/624ff92fe90e0729fd14bc43/prison-pop-8-apr-2022.ods,bulletin,,7.0
2022-04-22,79569.0,,,76380.0,3189.0,,,False,82313.0,,,,,,2744.0,,2744.0,,,,,2159.0,A2,title,Population bulletin: weekly 22 April 2022,https://assets.publishing.service.gov.uk/media/62625e888fa8f523bae3c6d8/prison-pop-22-apr-2022.ods,bulletin,,14.0
2022-04-29,79729.0,,,76530.0,3199.0,,,False,82326.0,,,,,,2597.0,,2597.0,,,,,2149.0,A2,title,Population bulletin: weekly 29 April 2022,https://assets.publishing.service.gov.uk/media/626b9b3e8fa8f57a37b7b2eb/prison-pop-29-apr-2022.ods,bulletin,,7.0
2022-05-06,79746.0,,,76515.0,3231.0,,,False,82344.0,,,,,,2598.0,,2598.0,,,,,2126.0,A2,title,Population bulletin: weekly 6 May 2022,https://assets.publishing.service.gov.uk/media/6274e71f8fa8f52072cd240c/population-buletin-060520.ods,bulletin,,7.0
2022-05-13,79927.0,,,76697.0,3230.0,,,False,82386.0,,,,,,2459.0,,2459.0,,,,,2121.0,A2,title,Population bulletin: weekly 13 May 2022,https://assets.publishing.service.gov.uk/media/627e15318fa8f53f9ceb4c6a/prison-pop-13-may-2022.ods,bulletin,,7.0
2022-05-20,80030.0,,,76809.0,3221.0,,,False,82447.0,,,,,,2417.0,,2417.0,,,,,2104.0,A2,title,Population bulletin: weekly 20 May 2022,https://assets.publishing.service.gov.uk/media/62874a15d3bf7f1f4469541d/prison-pop-20-may-2022.ods,bulletin,,7.0
2022-05-27,80185.0,,,76970.0,3215.0,,,False,82505.0,,,,,,2320.0,,2320.0,,,,,2106.0,A2,title,Population bulletin: weekly 27 May 2022,https://assets.publishing.service.gov.uk/media/62908185d3bf7f0373c74f0f/prison-pop-27-may-2022.ods,bulletin,,7.0
2022-06-10,80115.0,,,76934.0,3181.0,,,False,82676.0,,,,,,2561.0,,2561.0,,,,,2082.0,A2,title,Population bulletin: weekly 10 June 2022,https://assets.publishing.service.gov.uk/media/62a30294d3bf7f036ebf59a8/prison-pop-10-june-2022.ods,bulletin,,14.0
2022-06-17,80360.0,,,77156.0,3204.0,,,False,82685.0,,,,,,2325.0,,2325.0,,,,,2058.0,A2,title,Population bulletin: weekly 17 June 2022,https://assets.publishing.service.gov.uk/media/62ac3a648fa8f53572e3da8d/prison-pop-17-june-2022.ods,bulletin,,7.0
2022-06-24,80476.0,,,77241.0,3235.0,,,False,82759.0,,,,,,2283.0,,2283.0,,,,,2075.0,A2,title,Population bulletin: weekly 24 June 2022,https://assets.publishing.service.gov.uk/media/62b576248fa8f53579842427/prison-pop-24-june-2022.ods,bulletin,,7.0
2022-07-01,80726.0,,,77474.0,3252.0,,,False,82967.0,,,,,,2241.0,,2241.0,,,,,2114.0,A2,title,Population bulletin: weekly 1 July 2022,https://assets.publishing.service.gov.uk/media/62beabb7e90e073f5bcff870/prison-population-1-july-2022.ods,bulletin,,7.0
2022-07-08,80769.0,,,77551.0,3218.0,,,False,82960.0,,,,,,2191.0,,2191.0,,,,,2125.0,A2,title,Population bulletin: weekly 8 July 2022,https://assets.publishing.service.gov.uk/media/62c7ebf2e90e07748b5929af/prison-pop-8-jul-2022.ods,bulletin,,7.0
2022-07-15,80819.0,,,77600.0,3219.0,,,False,82838.0,,,,,,2019.0,,2019.0,,,,,2140.0,A2,title,Population bulletin: weekly 15 July 2022,https://assets.publishing.service.gov.uk/media/62d11961e90e071e7a0748e7/prison-pop-15-jul-2022.ods,bulletin,,7.0
2022-07-22,80784.0,,,77589.0,3195.0,,,False,82831.0,,,,,,2047.0,,2047.0,,,,,2138.0,A2,title,Population bulletin: weekly 22 July 2022,https://assets.publishing.service.gov.uk/media/62da56cbd3bf7f28643ca521/prison-pop-22-july-2022.ods,bulletin,,7.0
2022-07-29,80984.0,,,77778.0,3206.0,,,False,82899.0,,,,,,1915.0,,1915.0,,,,,2140.0,A2,title,Population bulletin: weekly 29 July 2022,https://assets.publishing.service.gov.uk/media/62e3b29be90e07142da017ac/population-bulletin-290722.ods,bulletin,,7.0
2022-08-05,81051.0,,,77841.0,3210.0,,,False,82943.0,,,,,,1892.0,,1892.0,,,,,2141.0,A2,title,Population bulletin: weekly 5 August 2022,https://assets.publishing.service.gov.uk/media/62ecfb39d3bf7f75b4b5ff78/population-bulletin-050822.ods,bulletin,,7.0
2022-08-12,81070.0,,,77857.0,3213.0,,,False,83004.0,,,,,,1934.0,,1934.0,,,,,2139.0,A2,title,Population bulletin: weekly 12 August 2022,https://assets.publishing.service.gov.uk/media/62f6180ce90e076cfbb57bfd/prison-pop-12-august-2022.ods,bulletin,,7.0
2022-08-19,81207.0,,,78002.0,3205.0,,,False,82999.0,,,,,,1792.0,,1792.0,,,,,2121.0,A2,title,Population bulletin: weekly 19 August 2022,https://assets.publishing.service.gov.uk/media/62ff4ebfe90e0703d72f2d55/prison-pop-19-august-2022.ods,bulletin,,7.0
2022-08-26,81274.0,,,78070.0,3203.0,,,False,83017.0,,,,,,1743.0,,1743.0,,,,,2099.0,A2,title,Population bulletin: weekly 26 August 2022,https://assets.publishing.service.gov.uk/media/6308ade58fa8f55368a16180/population-bulletin-260822.ods,bulletin,,7.0
2022-09-02,81245.0,,,78074.0,3171.0,,,False,83381.0,,,,,,2136.0,,2136.0,,,,,2104.0,A2,title,Population bulletin: weekly 2 September 2022,https://assets.publishing.service.gov.uk/media/6311e9c6d3bf7f4cb0841bf0/prison-pop-2-sept-2022.ods,bulletin,,7.0
2022-09-09,81405.0,,,78230.0,3175.0,,,False,83482.0,,,,,,2077.0,,2077.0,,,,,2098.0,A2,title,Population bulletin: weekly 9 September 2022,https://assets.publishing.service.gov.uk/media/631ef3788fa8f50204574ead/prison-pop-9-sept-2022.ods,bulletin,,7.0
2022-09-16,81462.0,,,78239.0,3223.0,,,False,83551.0,,,,,,2089.0,,2089.0,,,,,2071.0,A2,title,Population bulletin: weekly 16 September 2022,https://assets.publishing.service.gov.uk/media/632429aad3bf7f1bf90fd7e3/prison-pop-16-sep-2022.ods,bulletin,,7.0
2022-09-23,81348.0,,,78161.0,3187.0,,,False,83682.0,,,,,,2334.0,,2334.0,,,,,2063.0,A2,title,Population bulletin: weekly 23 September 2022,https://assets.publishing.service.gov.uk/media/632d7611e90e0711d903e0ac/population-bulletin-230922.ods,bulletin,,7.0
2022-09-30,81309.0,,,78130.0,3179.0,,,False,83723.0,,,,,,2414.0,,2414.0,,,,,2055.0,A2,title,Population bulletin: weekly 30 September 2022,https://assets.publishing.service.gov.uk/media/6336ab54d3bf7f34f5e5d829/prison-pop-30-sept-2022.ods,bulletin,,7.0
2022-10-07,81423.0,,,78251.0,3172.0,,,False,83684.0,,,,,,2261.0,,2261.0,,,,,2038.0,A2,title,Population bulletin: weekly 7 October 2022,https://assets.publishing.service.gov.uk/media/6364f5fb8fa8f57a2872f320/prison-population-7-october-2022.ods,bulletin,,7.0
2022-10-14,81636.0,,,78411.0,3225.0,,,False,83738.0,,,,,,2102.0,,2102.0,,,,,1996.0,A2,title,Population bulletin: weekly 14 October 2022,https://assets.publishing.service.gov.uk/media/6364f6068fa8f57a25fcb4fd/prison-pop-14-oct-2022.ods,bulletin,,7.0
2022-10-21,81866.0,,,78624.0,3242.0,,,False,83695.0,,,,,,1829.0,,1829.0,,,,,1998.0,A2,title,Population bulletin: weekly 21 October 2022,https://assets.publishing.service.gov.uk/media/6364f60e8fa8f57a1f006c48/prison-population-21-october-2022.ods,bulletin,,7.0
2022-10-28,82063.0,,,78829.0,3234.0,,,False,83687.0,,,,,,1624.0,,1624.0,,,,,1985.0,A2,title,Population bulletin: weekly 28 October 2022,https://assets.publishing.service.gov.uk/media/6364f614e90e0734660680be/prison-population-28-october-2022.ods,bulletin,,7.0
2022-11-04,82161.0,,,78959.0,3202.0,,,False,83689.0,,,,,,1528.0,,1528.0,,,,,1988.0,A2,title,Population bulletin: weekly 4 November 2022,https://assets.publishing.service.gov.uk/media/6364edc9d3bf7f388d8b92ff/prison-population-4-november-2022.ods,bulletin,,7.0
2022-11-11,82379.0,,,79158.0,3221.0,,,False,83807.0,,,,,,1428.0,,1428.0,,,,,1993.0,A2,title,Population bulletin: weekly 11 November 2022,https://assets.publishing.service.gov.uk/media/636e1dd0e90e07618e6ae556/prison-pop-11-nov-2022.ods,bulletin,,7.0
2022-11-18,82691.0,,,79444.0,3247.0,,,False,83918.0,,,,,,1227.0,,1227.0,,,,,1974.0,A2,title,Population bulletin: weekly 18 November 2022,https://assets.publishing.service.gov.uk/media/63774f838fa8f5771cd8de4e/prison-pop-18-nov-2022.ods,bulletin,,7.0
2022-11-25,82839.0,,,79585.0,3254.0,,,False,84035.0,,,,,,1196.0,,1196.0,,,,,1967.0,A2,title,Population bulletin: weekly 25 November 2022,https://assets.publishing.service.gov.uk/media/63808b34d3bf7f1541cf497e/prison-pop-25-nov-2022.ods,bulletin,,7.0
2022-12-02,82896.0,,,79666.0,3230.0,,,False,84148.0,,,,,,1252.0,,1252.0,,,,,1965.0,A2,title,Population bulletin: weekly 2 December 2022,https://assets.publishing.service.gov.uk/media/6389c5148fa8f569fd5c4c71/prison-population-2-december-2022.ods,bulletin,,7.0
2022-12-09,82832.0,,,79610.0,3222.0,,,False,84211.0,,,,,,1379.0,,1379.0,,,,,1933.0,A2,title,Population bulletin: weekly 9 December 2022,https://assets.publishing.service.gov.uk/media/6393093de90e0769b8cf0cfd/prison-population-9-december-2022.ods,bulletin,,7.0
2022-12-16,82668.0,,,79472.0,3196.0,,,False,84332.0,,,,,,1664.0,,1664.0,,,,,1952.0,A2,title,Population bulletin: weekly 16 December 2022,https://assets.publishing.service.gov.uk/media/639c386d8fa8f50662f41124/prison-pop-16-dec-2022.ods,bulletin,,7.0
2022-12-23,82452.0,,,79281.0,3171.0,,,False,84385.0,,,,,,1933.0,,1933.0,,,,,1983.0,A2,title,Population bulletin: weekly 23 December 2022,https://assets.publishing.service.gov.uk/media/63a577dad3bf7f7081d1d05a/prison-population-23-dec-2022.ods,bulletin,,7.0
2022-12-30,82176.0,,,79036.0,3140.0,,,False,84385.0,,,,,,2209.0,,2209.0,,,,,1955.0,A2,title,Population bulletin: weekly 30 December 2022,https://assets.publishing.service.gov.uk/media/63b41de68fa8f5735809f648/population-bulletin-301222.ods,bulletin,,7.0
2023-01-06,82212.0,,,79076.0,3136.0,,,False,84431.0,,,,,,2219.0,,2219.0,,,,,1903.0,A2,title,Population bulletin: weekly 6 January 2023,https://assets.publishing.service.gov.uk/media/63b7f991e90e07302cd0e3bb/population-bulletin-060123.ods,bulletin,,7.0
2023-01-13,82358.0,,,79191.0,3167.0,,,False,84430.0,,,,,,2072.0,,2072.0,,,,,1900.0,A2,title,Population bulletin: weekly 13 January 2023,https://assets.publishing.service.gov.uk/media/63c12292e90e07706f39c43d/prison-population-13-jan-2023.ods,bulletin,,7.0
2023-01-20,82538.0,,,79311.0,3227.0,,,False,84478.0,,,,,,1940.0,,1940.0,,,,,1885.0,A2,title,Population bulletin: weekly 20 January 2023,https://assets.publishing.service.gov.uk/media/63ca5e04e90e0707151e068c/prison-population-20-jan-2023.ods,bulletin,,7.0
2023-01-27,82792.0,,,79555.0,3237.0,,,False,84548.0,,,,,,1756.0,,1756.0,,,,,1863.0,A2,title,Population bulletin: weekly 27 January 2023,https://assets.publishing.service.gov.uk/media/63d393efd3bf7f200dd9921d/prison-pop-27-jan-2023.ods,bulletin,,7.0
2023-02-03,83188.0,,,79915.0,3273.0,,,False,84607.0,,,,,,1419.0,,1419.0,,,,,1833.0,A2,title,Population bulletin: weekly 3 February 2023 ,https://assets.publishing.service.gov.uk/media/63dcd1c3e90e075d9b17db47/prison-pop-3-february-2023.ods,bulletin,,7.0
2023-02-10,83469.0,,,80190.0,3279.0,,,False,84733.0,,,,,,1264.0,,1264.0,,,,,1845.0,A2,title,Population bulletin: weekly 10 February 2023 ,https://assets.publishing.service.gov.uk/media/63e611eb8fa8f5051973c232/prison-pop-10-february-2023.ods,bulletin,,7.0
2023-02-17,83687.0,,,80398.0,3289.0,,,False,84844.0,,,,,,1157.0,,1157.0,,,,,1831.0,A2,title,Population bulletin: weekly 17 February 2023,https://assets.publishing.service.gov.uk/media/63ef4893d3bf7f62eaaf2e31/prison-pop-17-feb-2023.ods,bulletin,,7.0
2023-02-24,83844.0,,,80536.0,3308.0,,,False,85063.0,,,,,,1219.0,,1219.0,,,,,1821.0,A2,title,Population bulletin: weekly 24 February 2023 ,https://assets.publishing.service.gov.uk/media/63f8c587d3bf7f25f33910c2/prison-pop-24-february-2023.ods,bulletin,,7.0
2023-03-03,83990.0,,,80677.0,3313.0,,,False,85132.0,,,,,,1142.0,,1142.0,,,,,1847.0,A2,title,Population bulletin: weekly 3 March 2023 ,https://assets.publishing.service.gov.uk/media/6401bedce90e0740d715a299/prison-pop-3-March-2023.ods,bulletin,,7.0
2023-03-10,84137.0,,,80829.0,3308.0,,,False,85215.0,,,,,,1078.0,,1078.0,,,,,1838.0,A2,title,Population bulletin: weekly 10 March 2023 ,https://assets.publishing.service.gov.uk/media/640af6e3d3bf7f02f37931e0/prison-pop-10-March-2023.ods,bulletin,,7.0
2023-03-17,84180.0,,,80863.0,3317.0,,,False,85280.0,,,,,,1100.0,,1100.0,,,,,1859.0,A2,title,Population bulletin: weekly 17 March 2023,https://assets.publishing.service.gov.uk/media/6414468fe90e0776943ea599/prison-pop-17-March-2023.ods,bulletin,,7.0
2023-03-24,84230.0,,,80906.0,3324.0,,,False,85354.0,,,,,,1124.0,,1124.0,,,,,1861.0,A2,title,Population bulletin: weekly 24 March 2023,https://assets.publishing.service.gov.uk/media/641d6ec132a8e00012fa9380/prison-pop-24-March-2023.ods,bulletin,,7.0
2023-03-31,84372.0,,,81057.0,3315.0,,,False,85503.0,,,,,,1131.0,,1131.0,,,,,1862.0,A2,title,Population bulletin: weekly 31 March 2023,https://assets.publishing.service.gov.uk/media/6426aa65ddf8ad0013ac0b1b/prison-population-31-march-2023.ods.ods,bulletin,,7.0
2023-04-14,84436.0,,,81088.0,3348.0,,,False,85552.0,,,,,,1116.0,,1116.0,,,,,1813.0,A2,title,Population bulletin: weekly 14 April 2023,https://assets.publishing.service.gov.uk/media/643914e78b86bb0013f1b210/prison-population-14-april-2023.ods,bulletin,,14.0
2023-04-21,84539.0,,,81190.0,3349.0,,,False,85615.0,,,,,,1076.0,,1076.0,,,,,1819.0,A2,title,Population bulletin: weekly 21 April 2023,https://assets.publishing.service.gov.uk/media/64423ee98b86bb000cf1b68d/prison-pop-21-april-2023.ods,bulletin,,7.0
2023-04-28,84658.0,,,81335.0,3323.0,,,False,85855.0,,,,,,1197.0,,1197.0,,,,,1809.0,A2,title,Population bulletin: weekly 28 April 2023,https://assets.publishing.service.gov.uk/media/644b89372f62220013a6a24a/prison-pop-28-april-2023.ods,bulletin,,7.0
2023-05-05,84772.0,,,81443.0,3329.0,,,False,85992.0,,,,,,1220.0,,1220.0,,,,,1828.0,A2,title,Population bulletin: weekly 5 May 2023,https://assets.publishing.service.gov.uk/media/6454b676faf4aa0012e13385/prison-pop-5-may-2023.ods,bulletin,,7.0
2023-05-12,84940.0,,,81618.0,3322.0,,,False,86124.0,,,,,,1184.0,,1184.0,,,,,1801.0,A2,title,Population bulletin: weekly 12 May 2023,https://assets.publishing.service.gov.uk/media/645df9532c06a30013c05be0/prison-pop-12-may-2023.ods,bulletin,,7.0
2023-05-19,85193.0,,,81830.0,3363.0,,,False,86150.0,,,,,,957.0,,957.0,,,,,1794.0,A2,title,Population bulletin: weekly 19 May 2023,https://assets.publishing.service.gov.uk/media/6467337016c976000c9a25fe/prison-pop-19-may-2023.ods,bulletin,,7.0
2023-05-26,85415.0,,,82053.0,3362.0,,,False,86201.0,,,,,,786.0,,786.0,,,,,1802.0,A2,title,Population bulletin: weekly 26 May 2023,https://assets.publishing.service.gov.uk/media/64707b894a892b0013746bea/prison-pop-26-may-2023.ods,bulletin,,7.0
2023-06-02,85407.0,,,82039.0,3368.0,,,False,86306.0,,,,,,899.0,,899.0,,,,,1820.0,A2,title,Population bulletin: weekly 2 June 2023,https://assets.publishing.service.gov.uk/media/647a2488103ca600130398d7/prison-population-2-june-2023.ods,bulletin,,7.0
2023-06-09,85246.0,,,81893.0,3353.0,,,False,86392.0,,,,,,1146.0,,1146.0,,,,,2059.0,A2,title,Population bulletin: weekly 9 June 2023,https://assets.publishing.service.gov.uk/media/6482f38b5f7bb700127fa756/prison-pop-9-jun-2023.ods,bulletin,,7.0
2023-06-16,85420.0,,,82087.0,3333.0,,,False,86644.0,,,,,,1224.0,,1224.0,,,,,2109.0,A2,title,Population bulletin: weekly 16 June 2023,https://assets.publishing.service.gov.uk/media/648c1bb1103ca6000c039fd1/prison-pop-16-june-2023.ods,bulletin,,7.0
2023-06-23,85572.0,,,82197.0,3375.0,,,False,86709.0,,,,,,1137.0,,1137.0,,,,,2117.0,A2,title,Population bulletin: weekly 23 June 2023,https://assets.publishing.service.gov.uk/media/649555b8de86820013bc8cc3/prison-pop-23-june-2023.ods,bulletin,,7.0
2023-06-30,85851.0,,,82481.0,3370.0,,,False,86859.0,,,,,,1008.0,,1008.0,,,,,2117.0,A2,title,Population bulletin: weekly 30 June 2023,https://assets.publishing.service.gov.uk/media/649e975106179b00113f75b3/prison-pop-30-june-2023.ods,bulletin,,7.0
2023-07-07,86035.0,,,82642.0,3393.0,,,False,86989.0,,,,,,954.0,,954.0,,,,,2124.0,A2,title,Population bulletin: weekly 7 July 2023,https://assets.publishing.service.gov.uk/media/64a7c6c07a4c23000cbba342/prison-pop-7-july-2023.ods,bulletin,,7.0
2023-07-14,86344.0,,,82939.0,3405.0,,,False,87097.0,,,,,,753.0,,753.0,,,,,2100.0,A2,title,Population bulletin: weekly 14 July 2023,https://assets.publishing.service.gov.uk/media/64b108fa8bc29f00132ccded/prison-pop-14-july-2023.ods,bulletin,,7.0
2023-07-21,86498.0,,,83069.0,3429.0,,,False,87408.0,,,,,,910.0,,910.0,,,,,2079.0,A2,title,Population bulletin: weekly 21 July 2023,https://assets.publishing.service.gov.uk/media/64ba43ff2059dc00125d274a/prison-population-21-july-2023.ods,bulletin,,7.0
2023-07-28,86602.0,,,83152.0,3450.0,,,False,87573.0,,,,,,971.0,,971.0,,,,,2072.0,A2,title,Population bulletin: weekly 28 July 2023,https://assets.publishing.service.gov.uk/media/64c378257aea5b00126a8dbc/prison-population-28-july-2023.ods,bulletin,,7.0
2023-08-04,86763.0,,,83281.0,3482.0,,,False,87710.0,,,,,,947.0,,947.0,,,,,2047.0,A2,title,Population bulletin: weekly 4 August 2023,https://assets.publishing.service.gov.uk/media/64ccb489995827000dc1e8e2/prison-population-4-august-2023.ods,bulletin,,7.0
2023-08-11,86790.0,,,83313.0,3477.0,,,False,87734.0,,,,,,944.0,,944.0,1480.0,,,,2073.0,A2,title,Population bulletin: weekly 11 August 2023,https://assets.publishing.service.gov.uk/media/64d5ee75667f34000d05efea/prison-pop-11-aug-2023.ods,bulletin,,7.0
2023-08-18,87012.0,,,83518.0,3494.0,,,False,87812.0,,,,,,800.0,,800.0,1480.0,,,,2058.0,A2,title,Population bulletin: weekly 18 August 2023,https://assets.publishing.service.gov.uk/media/64df3c1a3fde61000d4a5487/prison-pop-18-aug-2023.ods,bulletin,,7.0
2023-08-25,87063.0,,,83559.0,3504.0,,,False,87891.0,,,,,,828.0,,828.0,1480.0,,,,2068.0,A2,title,Population bulletin: weekly 25 August 2023,https://assets.publishing.service.gov.uk/media/64e864a7db1c07001422b43f/prison-pop-25-aug-2023.ods,bulletin,,7.0
2023-09-01,87124.0,,,83609.0,3515.0,,,False,88020.0,,,,,,896.0,,896.0,1480.0,,,,2061.0,A2,title,Population bulletin: weekly 1 September 2023,https://assets.publishing.service.gov.uk/media/64f19b859ee0f2000fb7bd52/prison-pop-01-sept-2023.ods,bulletin,,7.0
2023-09-08,87128.0,,,83590.0,3538.0,,,False,88115.0,,,,,,987.0,,987.0,1480.0,,,,2027.0,A2,title,Population bulletin: weekly 8 September 2023,https://assets.publishing.service.gov.uk/media/64fad4defdc5d1000dfce80d/prison-pop-08-sept-2023.ods,bulletin,,7.0
2023-09-15,87423.0,,,83848.0,3575.0,,,False,88222.0,,,,,,799.0,,799.0,1480.0,,,,2025.0,A2,title,Population bulletin: weekly 15 September 2023,https://assets.publishing.service.gov.uk/media/65041060702634000d89b8fe/prison-pop-15-september-2023.ods,bulletin,,7.0
2023-09-22,87685.0,,,84091.0,3594.0,,,False,88314.0,,,,,,629.0,,629.0,1480.0,,,,2007.0,A2,title,Population bulletin: weekly 22 September 2023,https://assets.publishing.service.gov.uk/media/650d565dfbd7bc000de54807/prison-pop-22-september-2023.ods,bulletin,,7.0
2023-09-29,87793.0,,,84201.0,3592.0,,,False,88561.0,,,,,,768.0,,768.0,1480.0,,,,2012.0,A2,title,Population bulletin: weekly 29 September 2023,https://assets.publishing.service.gov.uk/media/65168c5c7c2c4a001395e224/prison-pop-29-sept--2023.ods,bulletin,,7.0
2023-10-06,88016.0,,,84412.0,3604.0,,,False,88667.0,,,,,,651.0,,651.0,1340.0,,,,2022.0,A2,title,Population bulletin: weekly 6 October 2023,https://assets.publishing.service.gov.uk/media/651fc80579fc580014639701/prison-pop-06-october-2023.ods,bulletin,,7.0
2023-10-13,88225.0,,,84604.0,3621.0,,,False,88782.0,,,,,,557.0,,557.0,1340.0,,,,2049.0,A2,title,Population bulletin: weekly 13 October 2023,https://assets.publishing.service.gov.uk/media/65290a31244f8e00138e752b/prison-pop-13-october-2023.ods,bulletin,,7.0
2023-10-20,88126.0,,,84504.0,3622.0,,,False,88890.0,,,,,,764.0,,764.0,1340.0,,,,2078.0,A2,title,Population bulletin: weekly 20 October 2023,https://assets.publishing.service.gov.uk/media/6532574a26b9b1000faf1c77/prison-pop-20-october-2023.ods,bulletin,,7.0
2023-10-27,87801.0,,,84194.0,3607.0,,,False,88945.0,,,,,,1144.0,,1144.0,1340.0,,,,2127.0,A2,title,Population bulletin: weekly 27 October 2023,https://assets.publishing.service.gov.uk/media/653b73f4d10f35000d9a6a6a/prison-pop-27-october-2023.ods,bulletin,,7.0
2023-11-03,87764.0,,,84168.0,3596.0,,,False,88970.0,,,,,,1206.0,,1206.0,1340.0,,,,2177.0,A2,title,Population bulletin: weekly 3 November 2023,https://assets.publishing.service.gov.uk/media/6544bf46d36c91000d935d0c/prison-pop-3-november-2023.ods,bulletin,,7.0
2023-11-10,87704.0,,,84101.0,3603.0,,,False,88943.0,,,,,,1239.0,,1239.0,1350.0,,,,2188.0,A2,title,Population bulletin: weekly 10 November 2023,https://assets.publishing.service.gov.uk/media/654dec55014cc900106773b0/prison-pop-10-november-2023.ods,bulletin,,7.0
2023-11-17,87744.0,,,84149.0,3595.0,,,False,88894.0,,,,,,1150.0,,1150.0,1350.0,,,,2223.0,A2,title,Population bulletin: weekly 17 November 2023,https://assets.publishing.service.gov.uk/media/65573882544aea000dfb2f1b/prison-pop-17-november-2023.ods,bulletin,,7.0
2023-11-24,87930.0,,,84321.0,3609.0,,,False,88924.0,,,,,,994.0,,994.0,1350.0,,,,2219.0,A2,title,Population bulletin: weekly 24 November 2023,https://assets.publishing.service.gov.uk/media/656061021fd90c000dac3b1a/prison-pop-24-november-2023.ods,bulletin,,7.0
2023-12-01,87891.0,,,84279.0,3612.0,,,False,88925.0,,,,,,1034.0,,1034.0,1350.0,,,,2239.0,A2,title,Population bulletin: weekly 1 December 2023,https://assets.publishing.service.gov.uk/media/6569a9a2cc1ec500138ef01b/prison-pop-1-dec-2023.ods,bulletin,,7.0
2023-12-08,87864.0,,,84288.0,3576.0,,,False,88981.0,,,,,,1117.0,,1117.0,1350.0,,,,2231.0,A2,title,Population bulletin: weekly 8 December 2023,https://assets.publishing.service.gov.uk/media/6572ed2e58fa300013b1410d/prison-pop-8-dec-2023.ods,bulletin,,7.0
2023-12-15,87560.0,,,83995.0,3565.0,,,False,88976.0,,,,,,1416.0,,1416.0,1350.0,,,,2233.0,A2,title,Population bulletin: weekly 15 December 2023 ,https://assets.publishing.service.gov.uk/media/657c1eff254aaa000d050e16/prison-pop-15-dec-2023.ods,bulletin,,7.0
2023-12-22,87175.0,,,83644.0,3531.0,,,False,88987.0,,,,,,1812.0,,1812.0,1350.0,,,,2237.0,A2,title,Population bulletin: weekly 22 December 2023 ,https://assets.publishing.service.gov.uk/media/658562b0fc07f3000d8d46d4/PSWEBREPORT.ods,bulletin,,7.0
2023-12-29,87216.0,,,83687.0,3529.0,,,False,88987.0,,,,,,1771.0,,1771.0,1350.0,,,,2227.0,A2,title,Population bulletin: weekly 29 December 2023 ,https://assets.publishing.service.gov.uk/media/658e98b680a3bb000d9d05c8/prison_pop_report_29_dec.ods,bulletin,,7.0
2024-01-05,87448.0,,,83877.0,3571.0,,,False,88956.0,,,,,,1508.0,,1508.0,1350.0,,,,2167.0,A2,title,Population bulletin: weekly 5 January 2024,https://assets.publishing.service.gov.uk/media/6597e687c23a1000128d0bbf/PSWEBREPORT.ods,bulletin,,7.0
2024-01-12,87549.0,,,83960.0,3589.0,,,False,88959.0,,,,,,1410.0,,1410.0,1350.0,,,,2191.0,A2,title,Population bulletin: weekly 12 January 2024 ,https://assets.publishing.service.gov.uk/media/65a1069fe96df5000df84511/prison-pop-12-jan-2024.ods,bulletin,,7.0
2024-01-19,87579.0,,,83986.0,3593.0,,,False,89009.0,,,,,,1430.0,,1430.0,1350.0,,,,2181.0,A2,title,Population bulletin: weekly 19 January 2024 ,https://assets.publishing.service.gov.uk/media/65aa3f2a94c997000daeba6b/prison-pop-19-jan-2024.ods,bulletin,,7.0
2024-01-26,87538.0,,,83976.0,3562.0,,,False,89004.0,,,,,,1466.0,,1466.0,1350.0,,,,2163.0,A2,title,Population bulletin: weekly 26 January 2024,https://assets.publishing.service.gov.uk/media/65b3a607a0ae1b000d5260b0/prison-pop-26-jan-2024.ods,bulletin,,7.0
2024-02-02,87706.0,,,84118.0,3588.0,,,False,89051.0,,,,,,1345.0,,1345.0,1350.0,,,,2193.0,A2,title,Population bulletin: weekly 2 February 2024,https://assets.publishing.service.gov.uk/media/65bcb9ae38cb910012bcdbc8/prison-pop-2-february-2024.ods,bulletin,,7.0
2024-02-09,87982.0,,,84359.0,3623.0,,,False,89099.0,,,,,,1117.0,,1117.0,1350.0,,,,2189.0,A2,title,Population bulletin: weekly 9 February 2024 ,https://assets.publishing.service.gov.uk/media/65c5eee6cc433b000ca90afe/prison-pop-9-feb-2024.ods,bulletin,,7.0
2024-02-16,87936.0,,,84314.0,3622.0,,,False,89050.0,,,,,,1114.0,,1114.0,1350.0,,,,2202.0,A2,title,Population bulletin: weekly 16 February 2024 ,https://assets.publishing.service.gov.uk/media/65cf384f0f4eb1001aa98153/prison-pop-16-feb-2024.ods,bulletin,,7.0
2024-02-23,87973.0,,,84344.0,3629.0,,,False,89041.0,,,,,,1068.0,,1068.0,1350.0,,,,2195.0,A2,title,Population bulletin: weekly 23 February 2024 ,https://assets.publishing.service.gov.uk/media/65d8ba6754f1e7001116595d/Prison_population_report_23_Feb_24.ods,bulletin,,7.0
2024-03-01,88133.0,,,84469.0,3664.0,,,False,89066.0,,,,,,933.0,,933.0,1350.0,,,,2217.0,A2,title,Population bulletin: weekly 1 March 2024 ,https://assets.publishing.service.gov.uk/media/65e1a6593f6945001d036058/prison-pop-1-march-2024.ods,bulletin,,7.0
2024-03-08,88220.0,,,84569.0,3651.0,,,False,89059.0,,,,,,839.0,,839.0,1350.0,,,,2240.0,A2,title,Population bulletin: weekly 8 March 2024 ,https://assets.publishing.service.gov.uk/media/65eadbc63649a255a7ed6312/prison-pop-8-march-2024.ods,bulletin,,7.0
2024-03-15,87827.0,,,84192.0,3635.0,,,False,88991.0,,,,,,1164.0,,1164.0,1350.0,,,,2249.0,A2,title,Population bulletin: weekly 15 March 2024 ,https://assets.publishing.service.gov.uk/media/65f4121cfa1851001101178c/prison-pop-15-march-2024.ods,bulletin,,7.0
2024-03-22,87699.0,,,84080.0,3619.0,,,False,88935.0,,,,,,1236.0,,1236.0,1350.0,,,,2244.0,A2,title,Population bulletin: weekly 22 March 2024 ,https://assets.publishing.service.gov.uk/media/65fd444ba6c0f7001aef9231/prison-pop-22-march-2024.ods,bulletin,,7.0
2024-04-05,86926.0,,,83351.0,3575.0,,,False,88890.0,,,,,,1964.0,,1964.0,1950.0,,,,2205.0,A2,title,Population bulletin: weekly 5 April 2024 ,https://assets.publishing.service.gov.uk/media/660fb185a43d91001c3af1ad/prison-pop-5-april-2024.ods,bulletin,,14.0
2024-04-12,87099.0,,,83500.0,3599.0,,,False,88857.0,,,,,,1758.0,,1758.0,1350.0,,,,2222.0,A2,title,Population bulletin: weekly 12 April 2024 ,https://assets.publishing.service.gov.uk/media/6619101e679e9c8d921dfe49/PSWEBREPORT_12_April.ods,bulletin,,7.0
2024-04-19,87247.0,,,83629.0,3618.0,,,False,88883.0,,,,,,1636.0,,1636.0,1350.0,,,,2213.0,A2,title,Population bulletin: weekly 19 April 2024 ,https://assets.publishing.service.gov.uk/media/6622299a252f0d71cf757d64/prison-pop-19-april-2024.ods,bulletin,,7.0
2024-04-26,87481.0,,,83832.0,3649.0,,,False,88889.0,,,,,,1408.0,,1408.0,1350.0,,,,2224.0,A2,title,Population bulletin: weekly 26 April 2024 ,https://assets.publishing.service.gov.uk/media/662b6bb1fddcc9e7ab22525d/prison-pop-26-apr-2024.ods,bulletin,,7.0
2024-05-03,87505.0,,,83859.0,3646.0,,,False,88895.0,,,,,,1390.0,,1390.0,1350.0,,,,2239.0,A2,title,Population bulletin: weekly 3 May 2024 ,https://assets.publishing.service.gov.uk/media/66349b584d8bb7378fb6c1d8/prison-pop-3-may-2024.ods,bulletin,,7.0
2024-05-10,87691.0,,,84049.0,3642.0,,,False,88929.0,,,,,,1238.0,,1238.0,1350.0,,,,2220.0,A2,title,Population bulletin: weekly 10 May 2024 ,https://assets.publishing.service.gov.uk/media/663de956993111924d9d3232/prison-pop-10-may-2024.ods,bulletin,,7.0
2024-05-17,87915.0,,,84250.0,3665.0,,,False,88987.0,,,,,,1072.0,,1072.0,1350.0,,,,2198.0,A2,title,Population bulletin: weekly 17 May 2024 ,https://assets.publishing.service.gov.uk/media/6647076f993111924d9d36de/prison-pop-17-may-2024.ods,bulletin,,7.0
2024-05-24,87089.0,,,83438.0,3651.0,,,False,89014.0,,,,,,1925.0,,1925.0,1350.0,,,,2169.0,A2,title,Population bulletin: weekly 24 May 2024 ,https://assets.publishing.service.gov.uk/media/6650477f2eb55b89628fc453/prison-pop-24-may-2024.ods,bulletin,,7.0
2024-05-31,87177.0,,,83568.0,3609.0,,,False,88914.0,,,,,,1737.0,,1737.0,1350.0,,,,2200.0,A2,title,Population bulletin: weekly 31 May 2024 ,https://assets.publishing.service.gov.uk/media/6659939a8f90ef31c23ebcb6/prison-population-31-May.ods,bulletin,,7.0
2024-06-07,87284.0,,,83648.0,3636.0,,,False,88863.0,,,,,,1579.0,,1579.0,1350.0,,,,2200.0,A2,title,Population bulletin: weekly 7 June 2024,https://assets.publishing.service.gov.uk/media/6662b83c1669db82a64c1ba1/prison-pop-7-june-2024.ods,bulletin,,7.0
2024-06-14,87347.0,,,83699.0,3648.0,,,False,88815.0,,,,,,1468.0,,1468.0,1350.0,,,,2176.0,A2,title,Population bulletin: weekly 14 June 2024 ,https://assets.publishing.service.gov.uk/media/666bfc36ffd07973a043d137/prison-pop-14-june-2024.ods,bulletin,,7.0
2024-06-21,87395.0,,,83771.0,3624.0,,,False,88778.0,,,,,,1383.0,,1383.0,1350.0,,,,2165.0,A2,title,Population bulletin: weekly 21 June 2024 ,https://assets.publishing.service.gov.uk/media/6675308accc4aa460a729923/prison-pop-21-june-2024.ods,bulletin,,7.0
2024-06-28,87360.0,,,83702.0,3658.0,,,False,88818.0,,,,,,1458.0,,1458.0,1350.0,,,,2194.0,A2,title,Population bulletin: weekly 28 June 2024,https://assets.publishing.service.gov.uk/media/667e6a0c97ea0c79abfe4d5a/prison-pop-28-june-2024.ods,bulletin,,7.0
2024-07-05,87453.0,,,83796.0,3657.0,,,False,88864.0,,,,,,1411.0,,1411.0,1350.0,,,,2247.0,A2,title,Population bulletin: weekly 5 July 2024 ,https://assets.publishing.service.gov.uk/media/6687a4a5ab5fc5929851b9f9/prison-pop-5-july-2024.ods,bulletin,,7.0
2024-07-12,87505.0,,,83859.0,3646.0,,,False,88956.0,,,,,,1451.0,,1451.0,1350.0,,,,2318.0,A2,title,Population bulletin: weekly 12 July 2024 ,https://assets.publishing.service.gov.uk/media/6690f5ea0808eaf43b50ce45/prison-pop-12-july-2024.ods.ods,bulletin,,7.0
2024-07-19,87343.0,,,83692.0,3651.0,,,False,88848.0,,,,,,1505.0,,1505.0,1350.0,,,,2449.0,A2,title,Population bulletin: weekly 19 July 2024 ,https://assets.publishing.service.gov.uk/media/669a24c7a3c2a28abb50d2b2/population_19_July_2024.ods,bulletin,,7.0
2024-07-26,87479.0,,,83816.0,3663.0,,,False,88862.0,,,,,,1383.0,,1383.0,1350.0,,,,2520.0,A2,title,Population bulletin: weekly 26 July 2024 ,https://assets.publishing.service.gov.uk/media/66a374bca3c2a28abb50d7ba/Population_bulletin_weekly_26_July_2024_.ods,bulletin,,7.0
2024-08-02,87362.0,,,83737.0,3625.0,,,False,88832.0,,,,,,1470.0,,1470.0,1350.0,,,,2581.0,A2,title,Population bulletin: weekly 2 August 2024 ,https://assets.publishing.service.gov.uk/media/66ac9766ab418ab0555931f5/prison-pop-2-aug-2024.ods,bulletin,,7.0
2024-08-09,87496.0,,,83900.0,3596.0,,,False,88936.0,,,,,,1440.0,,1440.0,1350.0,,,,2645.0,A2,title,Population bulletin: weekly 9 August 2024 ,https://assets.publishing.service.gov.uk/media/66b5d0680808eaf43b50df70/prison-pop-9-aug-2024.ods,bulletin,,7.0
2024-08-16,87893.0,,,84283.0,3610.0,,,False,89191.0,,,,,,1298.0,,1298.0,1350.0,,,,2709.0,A2,title,Population bulletin: weekly 16 August 2024 ,https://assets.publishing.service.gov.uk/media/66bf00563effd5b79ba491b0/prison-pop-16-aug-2024.ods,bulletin,,7.0
2024-08-23,88234.0,,,84596.0,3638.0,,,False,89383.0,,,,,,1149.0,,1149.0,1350.0,,,,2767.0,A2,title,Population bulletin: weekly 23 August 2024 ,https://assets.publishing.service.gov.uk/media/66c856a41f215d9f0a91351a/Prison_population_23_August.ods,bulletin,,7.0
2024-08-30,88350.0,,,84718.0,3632.0,,,False,89543.0,,,,,,1193.0,,1193.0,1350.0,,,,2800.0,A2,title,Population bulletin: weekly 30 August 2024 ,https://assets.publishing.service.gov.uk/media/66d192c15e39b54bdb183397/Prison_population_30_August.ods,bulletin,,7.0
2024-09-06,88521.0,,,84865.0,3656.0,,,False,89619.0,,,,,,1098.0,,1098.0,1350.0,,,,2852.0,A2,title,Population bulletin: weekly 6 September 2024 ,https://assets.publishing.service.gov.uk/media/66daba752bc43c72b0826535/prison-pop-6-sept-2024.ods,bulletin,,7.0
2024-09-13,86333.0,,,82893.0,3440.0,,,False,89552.0,,,,,,3219.0,,3219.0,1350.0,,,,3528.0,A2,title,Population bulletin: weekly 13 September 2024 ,https://assets.publishing.service.gov.uk/media/66e3f4ef718edd81771316e1/prison-pop-13-sept-2024.ods,bulletin,,7.0
2024-09-20,86406.0,,,82953.0,3453.0,,,False,89449.0,,,,,,3043.0,,3043.0,1350.0,,,,3654.0,A2,title,Population bulletin: weekly 20 September 2024 ,https://assets.publishing.service.gov.uk/media/66ed32d4c8398625c331e816/prison-pop-20-sept-2024.ods,bulletin,,7.0
2024-09-27,86526.0,,,83034.0,3492.0,,,False,89412.0,,,,,,2886.0,,2886.0,1350.0,,,,3784.0,A2,title,Population bulletin: weekly 27 September 2024 ,https://assets.publishing.service.gov.uk/media/66f66cbc3b919067bb48283e/prison-pop-27-sept-2024.ods,bulletin,,7.0
2024-10-04,86618.0,,,83124.0,3494.0,,,False,89313.0,,,,,,2695.0,,2695.0,1350.0,,,,3872.0,A2,title,Population bulletin: weekly 4 October 2024 ,https://assets.publishing.service.gov.uk/media/66ffa0afa31f45a9c765f107/prison-pop-4-october-2024.ods,bulletin,,7.0
2024-10-11,86803.0,,,83287.0,3516.0,,,False,89257.0,,,,,,2454.0,,2454.0,1350.0,,,,3959.0,A2,title,Population bulletin: weekly 11 October 2024 ,https://assets.publishing.service.gov.uk/media/6708ec133b919067bb48302a/prison-pop-11-oct-2024.ods,bulletin,,7.0
2024-10-18,87028.0,,,83491.0,3537.0,,,False,89136.0,,,,,,2108.0,,2108.0,1350.0,,,,3971.0,A2,title,Population bulletin: weekly 18 October 2024 ,https://assets.publishing.service.gov.uk/media/671211bfb22a14f7ee18edb1/prison-pop-18-october-2024.ods,bulletin,,7.0
2024-10-21,87465.0,,,,3576.0,83530.0,359.0,False,89136.0,,,84804.0,3880.0,452.0,1671.0,1671.0,1671.0,1350.0,1190.0,100.0,60.0,3913.0,B,title,Population bulletin: weekly 21 October 2024 ,https://assets.publishing.service.gov.uk/media/6716656ad100972c0f4c9b0f/Prison_stats_weekly_21_October_2024.ods,bulletin,,3.0
2024-10-28,85867.0,,,,3529.0,81976.0,362.0,False,89008.0,,,84703.0,3853.0,452.0,3141.0,3141.0,3141.0,1350.0,1190.0,100.0,60.0,4358.0,B,title,Population bulletin: weekly 28 October 2024 ,https://assets.publishing.service.gov.uk/media/671f6dad34853837d7fc4087/Prison_stats_28_October.ods,bulletin,,7.0
2024-11-04,85794.0,,,,3533.0,81894.0,367.0,False,88938.0,,,84633.0,3853.0,452.0,3144.0,3144.0,3144.0,1350.0,1190.0,100.0,60.0,4376.0,B,title,Population bulletin: weekly 4 November 2024 ,https://assets.publishing.service.gov.uk/media/6728a2f0094e4e60c466d088/prison-pop-4-november-2024.ods,bulletin,,7.0
2024-11-11,85826.0,,,,3514.0,81943.0,369.0,False,88923.0,,,84618.0,3853.0,452.0,3097.0,3097.0,3097.0,1350.0,1190.0,100.0,60.0,4395.0,B,title,Population bulletin: weekly 11 November 2024 ,https://assets.publishing.service.gov.uk/media/6731d1752cccb48648badac1/prison-pop-11-nov-2024.ods,bulletin,,7.0
2024-11-18,85933.0,,,,3517.0,82043.0,373.0,False,88910.0,,,84605.0,3853.0,452.0,2977.0,2977.0,2977.0,1350.0,1190.0,100.0,60.0,4341.0,B,title,Population bulletin: weekly 18 November 2024 ,https://assets.publishing.service.gov.uk/media/673b26d2abe1d74ea7dade88/prison-pop-18-nov-2024.ods,bulletin,,7.0
2024-11-25,86038.0,,,,3528.0,82132.0,378.0,False,88876.0,,,84571.0,3853.0,452.0,2838.0,2838.0,2838.0,1350.0,1190.0,100.0,60.0,4293.0,B,title,Population bulletin: weekly 25 November 2024 ,https://assets.publishing.service.gov.uk/media/67445c3881f809b32c8568bb/prison-pop-25-nov-2024.ods,bulletin,,7.0
2024-12-02,86059.0,,,,3495.0,82193.0,371.0,False,88852.0,,,84547.0,3853.0,452.0,2793.0,2793.0,2793.0,1350.0,1190.0,100.0,60.0,4264.0,B,title,Population bulletin: weekly 2 December 2024,https://assets.publishing.service.gov.uk/media/674d7cd7eb52380f5456af12/prison-pop-2-dec-2024.ods,bulletin,,7.0
2024-12-09,86089.0,,,,3500.0,82218.0,371.0,False,88822.0,,,84517.0,3853.0,452.0,2733.0,2733.0,2733.0,1350.0,1190.0,100.0,60.0,4167.0,B,title,Population bulletin: weekly 9 December 2024,https://assets.publishing.service.gov.uk/media/6756c6f043b2de5fee8dae59/prison_pop__dec_24.ods,bulletin,,7.0
2024-12-16,85960.0,,,,3485.0,82114.0,361.0,False,88692.0,,,84387.0,3853.0,452.0,2732.0,2732.0,2732.0,1350.0,1190.0,100.0,60.0,4101.0,B,title,Population bulletin: weekly 16 December 2024,https://assets.publishing.service.gov.uk/media/67600fb50fb02bbe4853ef5e/prison-pop-16-dec-2024.ods,bulletin,,7.0
2024-12-23,85877.0,,,,3458.0,82065.0,354.0,False,88688.0,,,84383.0,3853.0,452.0,2811.0,2811.0,2811.0,1350.0,1190.0,100.0,60.0,4056.0,B,title,Population bulletin: weekly 23 December 2024 ,https://assets.publishing.service.gov.uk/media/676930a2ff2c870561bde9e5/23_December_2024.ods,bulletin,,7.0
2024-12-30,85618.0,,,,3436.0,81827.0,355.0,False,88688.0,,,84383.0,3853.0,452.0,3070.0,3070.0,3070.0,1350.0,1190.0,100.0,60.0,3979.0,B,title,Population bulletin: weekly 30 December 2024 ,https://assets.publishing.service.gov.uk/media/6772679cba6d29336159dc7f/PSWEBREPORT_30_December.ods,bulletin,,7.0
2025-01-06,85689.0,,,,3442.0,81897.0,350.0,False,88677.0,,,84402.0,3823.0,452.0,2988.0,2988.0,2988.0,1350.0,1190.0,100.0,60.0,3879.0,B,title,Population bulletin: weekly 6 January 2025,https://assets.publishing.service.gov.uk/media/677bc3dad721a08c0066549b/6_January_PSWEBREPORT.ods,bulletin,,7.0
2025-01-13,85853.0,,,,3443.0,82062.0,348.0,False,88630.0,,,84355.0,3823.0,452.0,2777.0,2777.0,2777.0,1350.0,1190.0,100.0,60.0,3758.0,B,title,Population bulletin: weekly 13 January 2025,https://assets.publishing.service.gov.uk/media/6784f264f0528401055d22f9/prison-pop-13-january-2025.ods,bulletin,,7.0
2025-01-20,86068.0,,,,3450.0,82265.0,353.0,False,88651.0,,,84376.0,3823.0,452.0,2583.0,2583.0,2583.0,1350.0,1190.0,100.0,60.0,3684.0,B,title,Population bulletin: weekly 20 January 2025,https://assets.publishing.service.gov.uk/media/678e3ba3af483d80fc9bdaf3/prison-pop-20-jan-2025.ods,bulletin,,7.0
2025-01-27,86463.0,,,,3480.0,82634.0,349.0,False,88662.0,,,84387.0,3823.0,452.0,2199.0,2199.0,2199.0,1350.0,1190.0,100.0,60.0,3623.0,B,title,Population bulletin: weekly 27 January 2025,https://assets.publishing.service.gov.uk/media/67976c4d4686aac1586062f6/prison-pop-27-jan-2025.ods,bulletin,,7.0
2025-02-03,86802.0,,,,3497.0,82958.0,347.0,False,88687.0,,,84412.0,3823.0,452.0,1885.0,1885.0,1885.0,1350.0,1190.0,100.0,60.0,3549.0,B,title,Population bulletin: weekly 3 February 2025,https://assets.publishing.service.gov.uk/media/67a0a959172b438fbf16a3c4/prison-pop-3-feb-2025.ods,bulletin,,7.0
2025-02-10,86941.0,,,,3488.0,83114.0,339.0,False,88662.0,,,84387.0,3823.0,452.0,1721.0,1721.0,1721.0,1350.0,1190.0,100.0,60.0,3504.0,B,title,Population bulletin: weekly 10 February 2025 ,https://assets.publishing.service.gov.uk/media/67a9c4ad6553af198f3a2115/10_Feb_PSWEBREPORT.ods,bulletin,,7.0
2025-02-17,87094.0,,,,3470.0,83277.0,347.0,False,88618.0,,,84343.0,3823.0,452.0,1524.0,1524.0,1524.0,1350.0,1190.0,100.0,60.0,3454.0,B,title,Population bulletin: weekly 17 February 2025,https://assets.publishing.service.gov.uk/media/67b3000c421271d7e45f57d9/prison-pop-17-february-2025.ods,bulletin,,7.0
2025-02-24,87199.0,,,,3474.0,83386.0,339.0,False,88635.0,,,84360.0,3823.0,452.0,1436.0,1436.0,1436.0,1350.0,1190.0,100.0,60.0,3424.0,B,title,Population bulletin: weekly 24 February 2025,https://assets.publishing.service.gov.uk/media/67bc61fe98ea2db44faddd65/prison-pop-24-feb-2025.ods,bulletin,,7.0
2025-03-03,87316.0,,,,3499.0,83475.0,342.0,False,88610.0,,,84335.0,3823.0,452.0,1294.0,1294.0,1294.0,1350.0,1190.0,100.0,60.0,3339.0,B,title,Population bulletin: weekly 3 March 2025 ,https://assets.publishing.service.gov.uk/media/67c592b2a0f0c95a498d21a8/PSWEBREPORT.ods,bulletin,,7.0
2025-03-10,87416.0,,,,3502.0,83577.0,337.0,False,88700.0,,,84425.0,3823.0,452.0,1284.0,1284.0,1284.0,1350.0,1190.0,100.0,60.0,3321.0,B,title,Population bulletin: weekly 10 March 2025,https://assets.publishing.service.gov.uk/media/67cecec71aecd816cd80c560/prison-pop-10-march-2025.ods,bulletin,,7.0
2025-03-17,87556.0,,,,3546.0,83672.0,338.0,False,88771.0,,,84496.0,3823.0,452.0,1215.0,1215.0,1215.0,1350.0,1190.0,100.0,60.0,3340.0,B,title,Population bulletin: weekly 17 March 2025,https://assets.publishing.service.gov.uk/media/67d801a979f0d993dfb11f42/prison-pop-17-march-2025.ods,bulletin,,7.0
2025-03-24,87684.0,,,,3545.0,83806.0,333.0,False,88861.0,,,84589.0,3823.0,449.0,1177.0,1177.0,1177.0,1350.0,1190.0,100.0,60.0,3340.0,B,title,Population bulletin: weekly 24 March 2025,https://assets.publishing.service.gov.uk/media/67e13f3764220b68ed6a6fe4/prison-pop-24-march-2025.ods,bulletin,,7.0
2025-03-31,87919.0,,,,3568.0,84021.0,330.0,False,88925.0,,,84644.0,3823.0,458.0,1006.0,1006.0,1006.0,1350.0,1190.0,100.0,60.0,3339.0,B,title,Population bulletin: weekly 31 March 2025,https://assets.publishing.service.gov.uk/media/67ea6897f0edd954a99fe921/prison-pop-31-march-2025.ods,bulletin,,7.0
2025-04-07,87938.0,,,,3525.0,84088.0,325.0,False,88994.0,,,84713.0,3823.0,458.0,1056.0,1056.0,1056.0,1350.0,1190.0,100.0,60.0,3285.0,B,title,Population bulletin: weekly 7 April 2025 ,https://assets.publishing.service.gov.uk/media/67f38b9acb0feef57df7e5f6/Population_bulletin_weekly_7_April_2025.ods,bulletin,,7.0
2025-04-14,88081.0,,,,3554.0,84210.0,317.0,False,89042.0,,,84761.0,3823.0,458.0,961.0,961.0,961.0,1350.0,1190.0,100.0,60.0,3290.0,B,title,Population bulletin: weekly 14 April 2025 ,https://assets.publishing.service.gov.uk/media/67fcc81745705eb1a1513fa8/Population_bulletin_weekly_14_April_2025.ods,bulletin,,7.0
2025-04-28,88084.0,,,,3556.0,84215.0,313.0,False,89228.0,,,84947.0,3823.0,458.0,1144.0,1144.0,1144.0,1350.0,1190.0,100.0,60.0,3249.0,B,title,Population bulletin: weekly 28 April 2025 ,https://assets.publishing.service.gov.uk/media/680f570a56bc2cfe7f7f5c05/28_April_PSWEBREPORT.ods,bulletin,,14.0
2025-05-12,88087.0,,,,3568.0,84212.0,307.0,False,89442.0,,,85183.0,3801.0,458.0,1355.0,1355.0,1355.0,1350.0,1190.0,100.0,60.0,3211.0,B,title,Population bulletin: weekly 12 May 2025,https://assets.publishing.service.gov.uk/media/6821d1e1c66deec8488f7f19/prison-pop-12-may-2025.ods,bulletin,,14.0
2025-05-19,88103.0,,,,3567.0,84225.0,311.0,False,89551.0,,,85292.0,3801.0,458.0,1448.0,1448.0,1448.0,1350.0,1190.0,100.0,60.0,3209.0,B,title,Population bulletin: weekly 19 May 2025,https://assets.publishing.service.gov.uk/media/682aedf450dbd3ce8372ab7d/prison-pop-19-may-2025.ods,bulletin,,7.0
2025-06-02,87864.0,,,,3506.0,84047.0,311.0,False,89599.0,,,85340.0,3801.0,458.0,1735.0,1735.0,1735.0,1350.0,1190.0,100.0,60.0,3251.0,B,title,Population bulletin: weekly 2 June 2025,https://assets.publishing.service.gov.uk/media/683d5cf7f17469e343ebb988/prison-pop-2-june-2025.ods,bulletin,,14.0
2025-06-09,87441.0,,,,3474.0,83655.0,312.0,False,89694.0,,,85375.0,3801.0,518.0,2253.0,2253.0,2253.0,1350.0,1190.0,100.0,60.0,3676.0,B,title,Population bulletin: weekly 9 June 2025 ,https://assets.publishing.service.gov.uk/media/6846bda70392ed9b784c01a0/Population_bulletin_weekly_9_June_2025.ods,bulletin,,7.0
2025-06-16,87032.0,,,,3490.0,83223.0,319.0,False,89688.0,,,85389.0,3781.0,518.0,2656.0,2656.0,2656.0,1350.0,1190.0,100.0,60.0,4170.0,B,title,Population bulletin: weekly 16 June 2025,https://assets.publishing.service.gov.uk/media/684ff5ab77c424182b0c4e71/prison-pop-16-june-2025.ods,bulletin,,7.0
2025-06-23,87041.0,,,,3517.0,83210.0,314.0,False,89608.0,,,85309.0,3781.0,518.0,2567.0,2567.0,2567.0,1350.0,1190.0,100.0,60.0,4236.0,B,title,Population bulletin: weekly 23 June 2025,https://assets.publishing.service.gov.uk/media/68592f4d5e1909fc4c86118f/prison-pop-23-june-2025.ods,bulletin,,7.0
2025-06-30,87334.0,,,,3566.0,83449.0,319.0,False,89573.0,,,85274.0,3781.0,518.0,2239.0,2239.0,2239.0,1350.0,1190.0,100.0,60.0,4246.0,B,title,Population bulletin: weekly 30 June 2025 ,https://assets.publishing.service.gov.uk/media/686261503464d9c0ad609ceb/PSWEBREPORT_30June.ods,bulletin,,7.0
2025-07-07,87488.0,,,,3558.0,83606.0,324.0,False,89576.0,,,85255.0,3803.0,518.0,2088.0,2088.0,2088.0,1350.0,1190.0,100.0,60.0,4276.0,B,title,Population bulletin: weekly 7 July 2025,https://assets.publishing.service.gov.uk/media/686b876a10d550c668de3b80/PSWEBREPORT0707.ods,bulletin,,7.0
2025-07-14,87618.0,,,,3557.0,83737.0,324.0,False,89563.0,,,85254.0,3803.0,506.0,1945.0,1945.0,1945.0,1350.0,1190.0,100.0,60.0,4264.0,B,title,Population bulletin: weekly 14 July 2025,https://assets.publishing.service.gov.uk/media/6874c04a2557debd867cc09e/PSWEBREPORT_14_July.ods,bulletin,,7.0
2025-07-21,87835.0,,,,3570.0,83939.0,326.0,False,89582.0,,,85273.0,3803.0,506.0,1747.0,1747.0,1747.0,1350.0,1190.0,100.0,60.0,4213.0,B,title,Population bulletin: weekly 21 July 2025,https://assets.publishing.service.gov.uk/media/687df6123f4bde279ef452e2/PSWEBREPORT_21_July.ods,bulletin,,7.0
2025-07-28,87966.0,,,,3569.0,84066.0,331.0,False,89373.0,,,85064.0,3803.0,506.0,1407.0,1407.0,1407.0,1640.0,1460.0,120.0,60.0,4211.0,B,title,Population bulletin: weekly 28 July 2025,https://assets.publishing.service.gov.uk/media/68874891ac2c821a74bbec10/prison-pop-28-july-2025.ods,bulletin,,7.0
2025-08-04,88007.0,,,,3579.0,84098.0,330.0,False,89452.0,,,85133.0,3813.0,506.0,1445.0,1445.0,1445.0,1640.0,1460.0,120.0,60.0,4251.0,B,title,Population bulletin: weekly 4 August 2025,https://assets.publishing.service.gov.uk/media/68908d71dc6688ed508783a6/prison-pop-4-august-2025.ods,bulletin,,7.0
2025-08-11,88238.0,,,,3619.0,84285.0,334.0,False,89529.0,,,85210.0,3813.0,506.0,1291.0,1291.0,1291.0,1640.0,1460.0,120.0,60.0,4280.0,B,title,Population bulletin: weekly 11 August 2025,https://assets.publishing.service.gov.uk/media/6899aa0d9c63e0ee87656a55/PSWEBREPORT_11_August.ods,bulletin,,7.0
2025-08-18,88273.0,,,,3591.0,84349.0,333.0,False,89627.0,,,85308.0,3813.0,506.0,1354.0,1354.0,1354.0,1640.0,1460.0,120.0,60.0,4292.0,B,title,Population bulletin: weekly 18 August 2025,https://assets.publishing.service.gov.uk/media/68a3041ecd7b7dcfaf2b5e27/PSWEBREPORT_18_August.ods,bulletin,,7.0
2025-09-01,88424.0,,,,3588.0,84501.0,335.0,False,89747.0,,,85428.0,3813.0,506.0,1323.0,1323.0,1323.0,1640.0,1460.0,120.0,60.0,4286.0,B,title, Population bulletin: weekly 1 September 2025,https://assets.publishing.service.gov.uk/media/68b575d8536d629f9c82a944/PSWEBREPORT_1_Seot.ods,bulletin,,14.0
2025-09-08,88045.0,,,,3585.0,84126.0,334.0,False,89720.0,,,85401.0,3813.0,506.0,1675.0,1675.0,1675.0,1640.0,1460.0,120.0,60.0,4281.0,B,title,Population bulletin: weekly 8 September 2025,https://assets.publishing.service.gov.uk/media/68bebdbb626205fb47f01d89/PSWEBREPORT_8_Sept.ods,bulletin,,7.0
2025-09-15,87578.0,,,,3556.0,83696.0,326.0,False,89664.0,,,85345.0,3813.0,506.0,2086.0,2086.0,2086.0,1640.0,1460.0,120.0,60.0,4255.0,B,title,Population bulletin: weekly 15 September 2025,https://assets.publishing.service.gov.uk/media/68c7f4899798bfbb19e2069d/PSWEBREPORT_15_September.ods,bulletin,,7.0
2025-09-22,87459.0,,,,3552.0,83578.0,329.0,False,89688.0,,,85369.0,3813.0,506.0,2229.0,2229.0,2229.0,1640.0,1460.0,120.0,60.0,4262.0,B,title,Population bulletin: weekly 22 September 2025,https://assets.publishing.service.gov.uk/media/68d145a4c908572e81248b0b/prison-pop-22-september-2025.ods,bulletin,,7.0
2025-09-29,87336.0,,,,3504.0,83517.0,315.0,False,89437.0,,,85122.0,3809.0,506.0,2101.0,2101.0,2101.0,1640.0,1460.0,120.0,60.0,4231.0,B,title,Population bulletin: weekly 29 September 2025,https://assets.publishing.service.gov.uk/media/68da62a2c487360cc70c9e8a/prison-pop-29-sept--2025.ods,bulletin,,7.0
2025-10-06,87294.0,,,,3500.0,83486.0,308.0,False,89380.0,,,85053.0,3809.0,518.0,2086.0,2086.0,2086.0,1640.0,1460.0,120.0,60.0,4223.0,B,title,Population bulletin: weekly 6 October 2025,https://assets.publishing.service.gov.uk/media/68e395f1c487360cc70ca132/prison-pop-6-oct-2025.ods,bulletin,,7.0
2025-10-13,87432.0,,,,3516.0,83611.0,305.0,False,89256.0,,,84929.0,3809.0,518.0,1824.0,1824.0,1824.0,1640.0,1460.0,120.0,60.0,4236.0,B,title,Population bulletin: weekly 13 October 2025,https://assets.publishing.service.gov.uk/media/68ecb99a9b9afd539ca098b3/prison-pop-13-october-2025.ods,bulletin,,7.0
2025-10-20,87427.0,,,,3502.0,83615.0,310.0,False,89286.0,,,84959.0,3809.0,518.0,1859.0,1859.0,1859.0,1640.0,1460.0,120.0,60.0,4258.0,B,title,Population bulletin: weekly 20 October 2025,https://assets.publishing.service.gov.uk/media/68f6354a06e6515f7914c815/prison-pop-20-oct-2025.ods,bulletin,,7.0
2025-10-27,87413.0,,,,3457.0,83640.0,316.0,False,89311.0,,,85004.0,3789.0,518.0,1898.0,1898.0,1898.0,1640.0,1460.0,120.0,60.0,4259.0,B,title,Population bulletin: weekly 27 October 2025,https://assets.publishing.service.gov.uk/media/68ff418bbcb10f6bf9bef8ec/PSWEBREPORT_Monday_27_October_2025.ods,bulletin,,7.0
2025-11-03,86888.0,,,,3414.0,83154.0,320.0,False,89291.0,,,84984.0,3789.0,518.0,2403.0,2403.0,2403.0,1640.0,1460.0,120.0,60.0,4254.0,B,title,Population bulletin: weekly 3 November 2025,https://assets.publishing.service.gov.uk/media/69088fb4ef26c341988b2581/prison-pop-3-november-2025.ods,bulletin,,7.0
2025-11-10,86958.0,,,,3434.0,83206.0,318.0,False,89288.0,,,84981.0,3789.0,518.0,2330.0,2330.0,2330.0,1640.0,1460.0,120.0,60.0,4297.0,B,title,Population bulletin: weekly 10 November 2025,https://assets.publishing.service.gov.uk/media/6911ba89663088df8f54f45c/prison-pop-10-nov-2025.ods,bulletin,,7.0
2025-11-17,87179.0,,,,3456.0,83407.0,316.0,False,89309.0,,,85002.0,3789.0,518.0,2130.0,2130.0,2130.0,1640.0,1460.0,120.0,60.0,4291.0,B,title,Population bulletin: weekly 17 November 2025,https://assets.publishing.service.gov.uk/media/691aee6c5a253e2c40d70599/PSWEBREPORT_17_November.ods,bulletin,,7.0
2025-11-24,87332.0,,,,3477.0,83534.0,321.0,False,89334.0,,,85037.0,3779.0,518.0,2002.0,2002.0,2002.0,1640.0,1460.0,120.0,60.0,4279.0,B,title,Population bulletin: weekly 24 November 2025,https://assets.publishing.service.gov.uk/media/69244bdbf2b88d41c7ba7e9e/prison-pop-24-nov-2025.ods,bulletin,,7.0
2025-12-01,87063.0,,,,3485.0,83262.0,316.0,False,89350.0,,,85053.0,3779.0,518.0,2287.0,2287.0,2287.0,1640.0,1460.0,120.0,60.0,4295.0,B,title,Population bulletin: weekly 1 December 2025,https://assets.publishing.service.gov.uk/media/692dadeab3b9afff34e96303/PSWEBREPORT_1_December.ods,bulletin,,7.0
2025-12-08,87056.0,,,,3466.0,83282.0,308.0,False,89388.0,,,85091.0,3779.0,518.0,2332.0,2332.0,2332.0,1640.0,1460.0,120.0,60.0,4322.0,B,title,Population bulletin: weekly 8 December 2025,https://assets.publishing.service.gov.uk/media/69369cee70840a535475d3eb/PSWEBREPORT_8_Dec_25.ods,bulletin,,7.0
2025-12-15,86962.0,,,,3449.0,83213.0,300.0,False,89454.0,,,85157.0,3779.0,518.0,2492.0,2492.0,2492.0,1640.0,1460.0,120.0,60.0,4342.0,B,title,Population bulletin: weekly 15 December 2025,https://assets.publishing.service.gov.uk/media/693fdb8c5cc812f50aa42164/PSWEBREPORT_15_12.ods,bulletin,,7.0
2025-12-22,86838.0,,,,3450.0,83073.0,315.0,False,89464.0,,,85157.0,3789.0,518.0,2626.0,2626.0,2626.0,1640.0,1460.0,120.0,60.0,4356.0,B,title,Population bulletin: weekly 22 December 2025,https://assets.publishing.service.gov.uk/media/69492b19888ddc41b48a5467/PSWEBREPORT_22_Dec.ods,bulletin,,7.0
2025-12-29,86596.0,,,,3404.0,82880.0,312.0,False,89464.0,,,85157.0,3789.0,518.0,2868.0,2868.0,2868.0,1640.0,1460.0,120.0,60.0,4319.0,B,title,Population bulletin: weekly 29 December 2025,https://assets.publishing.service.gov.uk/media/695243f5ecb1863cca9d3111/PSWEBREPORT_29_Dec.ods,bulletin,,7.0
2026-01-05,86568.0,,,,3393.0,82866.0,309.0,False,89464.0,,,85157.0,3789.0,518.0,2896.0,2896.0,2896.0,1640.0,1460.0,120.0,60.0,4289.0,B,title,Population bulletin: weekly 5 January 2026,https://assets.publishing.service.gov.uk/media/695badc4295a95414df21afd/PSWEBREPORT_5_Jan.ods,bulletin,,7.0
2026-01-12,86692.0,,,,3411.0,82972.0,309.0,False,89562.0,,,85255.0,3789.0,518.0,2870.0,2870.0,2870.0,1640.0,1460.0,120.0,60.0,4246.0,B,title,Population bulletin: weekly 12 January 2026,https://assets.publishing.service.gov.uk/media/6964d5a599fbdc498faeccca/prison-pop-12-january-2026.ods,bulletin,,7.0
2026-01-19,86936.0,,,,3441.0,83184.0,311.0,False,89617.0,,,85306.0,3793.0,518.0,2681.0,2681.0,2681.0,1640.0,1460.0,120.0,60.0,4254.0,B,title,Population bulletin: weekly 19 January 2026,https://assets.publishing.service.gov.uk/media/696e1180719d837d69afc7e9/PSWEBREPORT_19_Jan.ods,bulletin,,7.0
2026-01-26,87212.0,,,,3484.0,83413.0,315.0,False,89671.0,,,85360.0,3793.0,518.0,2459.0,2459.0,2459.0,1640.0,1460.0,120.0,60.0,4244.0,B,title,Population bulletin: weekly 26 January 2026,https://assets.publishing.service.gov.uk/media/69773d4d276692606c0137e4/PSWEBREPORT_26_Jan.ods,bulletin,,7.0
2026-02-02,87249.0,,,,3495.0,83447.0,307.0,False,89703.0,,,85392.0,3793.0,518.0,2454.0,2454.0,2454.0,1640.0,1460.0,120.0,60.0,4264.0,B,title,Population bulletin: weekly 2 February 2026,https://assets.publishing.service.gov.uk/media/6980864dec71a16669612dce/prison-pop-2-february-2026.ods,bulletin,,7.0
2026-02-09,87312.0,,,,3481.0,83536.0,295.0,False,89762.0,,,85451.0,3793.0,518.0,2450.0,2450.0,2450.0,1640.0,1460.0,120.0,60.0,4295.0,B,title,Population bulletin: weekly 9 February 2026,https://assets.publishing.service.gov.uk/media/6989b940cfe7ccf77efbc7b9/prison-pop-9-feb-2026.ods,bulletin,,7.0
2026-02-16,87433.0,,,,3506.0,83639.0,288.0,False,89781.0,,,85470.0,3793.0,518.0,2348.0,2348.0,2348.0,1640.0,1460.0,120.0,60.0,4303.0,B,title,Population bulletin: weekly 16 February 2026,https://assets.publishing.service.gov.uk/media/6992e473492ea446ea7f4439/PSWEBREPORT_16_February.ods,bulletin,,7.0
2026-02-23,87367.0,,,,3488.0,83592.0,287.0,False,89792.0,,,85481.0,3793.0,518.0,2425.0,2425.0,2425.0,1640.0,1460.0,120.0,60.0,4304.0,B,title,Population bulletin: weekly 23 February 2026,https://assets.publishing.service.gov.uk/media/699c39d2882eb23165f12714/prison-pop-23-feb-2026.ods,bulletin,,7.0
2026-03-02,87352.0,,,,3477.0,83583.0,292.0,False,89809.0,,,85498.0,3793.0,518.0,2457.0,2457.0,2457.0,1640.0,1460.0,120.0,60.0,4289.0,B,title, Population bulletin: weekly 2 March 2026,https://assets.publishing.service.gov.uk/media/69a55fc446e50eda5c46b554/prison-pop-2-march-2026.ods,bulletin,,7.0
2026-03-09,87616.0,,,,3502.0,83821.0,293.0,False,89884.0,,,85573.0,3793.0,518.0,2268.0,2268.0,2268.0,1640.0,1460.0,120.0,60.0,4261.0,B,title,Population bulletin: weekly 9 March 2026,https://assets.publishing.service.gov.uk/media/69aeab1abde9c3f213c899bd/prison-pop-9-march-2026.ods,bulletin,,7.0
2026-03-16,87751.0,,,,3494.0,83965.0,292.0,False,89922.0,,,85611.0,3793.0,518.0,2171.0,2171.0,2171.0,1640.0,1460.0,120.0,60.0,4255.0,B,title,Population bulletin: weekly 16 March 2026,https://assets.publishing.service.gov.uk/media/69b7e4f3ba47c264e6c8cfa2/prison-pop-16-march-2026.ods,bulletin,,7.0
2026-03-23,87710.0,,,,3498.0,83919.0,293.0,False,89825.0,,,85648.0,3793.0,384.0,2115.0,2115.0,2115.0,1640.0,1460.0,120.0,60.0,4272.0,B,title,Population bulletin: weekly 23 March 2026,https://assets.publishing.service.gov.uk/media/69c121cbb920af63be1c7634/prison-pop-23-mar-2026.ods,bulletin,,7.0
2026-03-30,87292.0,,,,3459.0,83547.0,286.0,False,89795.0,,,85618.0,3793.0,384.0,2503.0,2503.0,2503.0,1640.0,1460.0,120.0,60.0,4303.0,B,title,Population bulletin: weekly 30 March 2026,https://assets.publishing.service.gov.uk/media/69ca54dd94c191d28596ec8f/prison-pop-30-march-2026.ods,bulletin,,7.0
2026-04-13,86191.0,,,,3332.0,82568.0,291.0,False,89763.0,,,85586.0,3793.0,384.0,3572.0,3572.0,3572.0,1640.0,1460.0,120.0,60.0,4250.0,B,title,Population bulletin: weekly 13 April 2026,https://assets.publishing.service.gov.uk/media/69dccbc86b695d635c34dca2/PSWEBREPORT_13_april_2026.ods,bulletin,,14.0
2026-04-20,86073.0,,,,3319.0,82467.0,287.0,False,89794.0,,,85617.0,3793.0,384.0,3721.0,3721.0,3721.0,1640.0,1460.0,120.0,60.0,4261.0,B,title,Population bulletin: weekly 20 April 2026,https://assets.publishing.service.gov.uk/media/69e5e4df2570f65c2716d9c3/prison-pop-20-april-2026.ods,bulletin,,7.0
2026-04-27,85704.0,,,,3270.0,82155.0,279.0,False,89765.0,,,85588.0,3793.0,384.0,4061.0,4061.0,4061.0,1640.0,1460.0,120.0,60.0,4300.0,B,title,Population bulletin: weekly 27 April 2026,https://assets.publishing.service.gov.uk/media/69ef257a9ca985145673b9c7/prison-pop-27-apr-2026.ods,bulletin,,7.0
2026-05-11,85911.0,,,,3370.0,82258.0,283.0,False,89654.0,,,85477.0,3793.0,384.0,3743.0,3743.0,3743.0,1640.0,1460.0,120.0,60.0,4321.0,B,title,Population bulletin: weekly 11 May 2026,https://assets.publishing.service.gov.uk/media/6a01b1e3e71c4cdf4026b99c/prison-pop-11-may-2026.ods,bulletin,,14.0
2026-05-18,85992.0,,,,3395.0,82315.0,282.0,False,89662.0,,,85485.0,3793.0,384.0,3670.0,3670.0,3670.0,1640.0,1460.0,120.0,60.0,4317.0,B,title,Population bulletin: weekly 18 May 2026,https://assets.publishing.service.gov.uk/media/6a0aea2cc75cc34a8ff8f3d8/PSWEBREPORT_Mon_18_May.ods,bulletin,,7.0
2026-06-01,85920.0,,,,3389.0,82253.0,278.0,False,89460.0,,,85293.0,3783.0,384.0,3540.0,3540.0,3540.0,1640.0,1460.0,120.0,60.0,4261.0,B,title,Population bulletin: weekly 1 June 2026,https://assets.publishing.service.gov.uk/media/6a1d44fd65bc5f798327f566/PSWEBREPORT_1_June_2026.ods,bulletin,,14.0
2026-06-08,85936.0,,,,3344.0,82316.0,276.0,False,89369.0,,,85212.0,3773.0,384.0,3433.0,3433.0,3433.0,1640.0,1460.0,120.0,60.0,4250.0,B,title,Population bulletin: weekly 8 June 2026,https://assets.publishing.service.gov.uk/media/6a267ecf56960b0542c0b133/PSWEBREPORT_8_June_26.ods,bulletin,,7.0
2026-06-15,85848.0,,,,3353.0,82221.0,274.0,False,89340.0,,,85202.0,3754.0,384.0,3492.0,3492.0,3492.0,1640.0,1460.0,120.0,60.0,4278.0,B,title,Population bulletin: weekly 15 June 2026,https://assets.publishing.service.gov.uk/media/6a2fcdb1a3674dfd3eb50896/PSWEBREPORT_15_June_26.ods,bulletin,,7.0
2026-06-22,85808.0,,,,3362.0,82164.0,282.0,False,89230.0,,,85112.0,3734.0,384.0,3422.0,3422.0,3422.0,1640.0,1460.0,120.0,60.0,4263.0,B,title,Population bulletin: weekly 22 June 2026,https://assets.publishing.service.gov.uk/media/6a38f1c46422bec01b1178ab/PSWEBREPORT_22_June_26.ods,bulletin,,7.0
2026-06-29,85761.0,,,,3349.0,82138.0,274.0,False,89120.0,,,85002.0,3734.0,384.0,3359.0,3359.0,3359.0,1640.0,1460.0,120.0,60.0,4276.0,B,title,Population bulletin: weekly 29 June 2026,https://assets.publishing.service.gov.uk/media/6a424c037ac6fd9c6a94ab06/PSWEBREPORT_29_6_26.ods,bulletin,,7.0
2026-07-06,85840.0,,,,3334.0,82223.0,283.0,False,89090.0,,,84972.0,3734.0,384.0,3250.0,3250.0,3250.0,1640.0,1460.0,120.0,60.0,4318.0,B,title,Population bulletin: weekly 6 July 2026,https://assets.publishing.service.gov.uk/media/6a4b8609045e1108aaa5ebb3/PSWEBREPORT_6_July_2026.ods,bulletin,,7.0
2026-07-13,86037.0,,,,3338.0,82422.0,277.0,False,89074.0,,,84956.0,3734.0,384.0,3037.0,3037.0,3037.0,1640.0,1460.0,120.0,60.0,4309.0,B,title,Population bulletin: weekly 13 July 2026,https://assets.publishing.service.gov.uk/media/6a54b7879e9c95844ae64d73/prison-pop-13-july-2026.ods,bulletin,,7.0
2026-07-20,86098.0,,,,3348.0,82461.0,289.0,False,89036.0,,,84908.0,3744.0,384.0,2938.0,2938.0,2938.0,1640.0,1460.0,120.0,60.0,4297.0,B,title,Population bulletin: weekly 20 July 2026,https://assets.publishing.service.gov.uk/media/6a5de5727eb057103bd946d7/prison-pop-20-july-2026.ods,bulletin,,7.0
2026-07-27,86267.0,,,,3355.0,82624.0,288.0,False,88895.0,,,84767.0,3744.0,384.0,2628.0,2628.0,2628.0,1640.0,1460.0,120.0,60.0,4269.0,B,title,Population bulletin: weekly 27 July 2026,https://assets.publishing.service.gov.uk/media/6a67396bf02dfa8e780938fa/prison-pop-27-july-2026.ods,bulletin,,7.0
2026-08-03,86495.0,,,,3380.0,82822.0,293.0,False,88890.0,,,84762.0,3744.0,384.0,2395.0,2395.0,2395.0,1640.0,1460.0,120.0,60.0,4258.0,B,title,Population bulletin: weekly 3 August 2026,https://assets.publishing.service.gov.uk/media/6a708129895ee729c0e5b42d/PSWEBREPORT_3_August.ods,bulletin,,7.0
2026-08-10,86536.0,,,,3378.0,82864.0,294.0,False,88862.0,,,84758.0,3720.0,384.0,2326.0,2326.0,2326.0,1640.0,1460.0,120.0,60.0,4205.0,B,title,Population bulletin: weekly 10 August 2026,https://assets.publishing.service.gov.uk/media/6a79a4809fad0e27bebabe5a/prison-pop-10-august-2026.ods,bulletin,,7.0
2026-08-17,86722.0,,,,3397.0,83036.0,289.0,False,88921.0,,,84819.0,3718.0,384.0,2199.0,2199.0,2199.0,1640.0,1460.0,120.0,60.0,4148.0,B,title,Population bulletin: weekly 17 August 2026,https://assets.publishing.service.gov.uk/media/6a82bfaf03b4fe14b1e7ded5/prison-pop-17-aug-2026.ods,bulletin,,7.0
2026-08-24,86843.0,,,,3388.0,83170.0,285.0,False,88937.0,,,84835.0,3718.0,384.0,2094.0,2094.0,2094.0,1640.0,1460.0,120.0,60.0,4096.0,B,title,Population bulletin: weekly 24 August 2026,https://assets.publishing.service.gov.uk/media/6a8c3338a8f84a582b84282f/PSWEBREPORT.ods,bulletin,,7.0
