date,date_in_file,date_title,date_from_last_week,layout,sheet,pop_total,pop_prisons,pop_irc,pop_adult_male,pop_female,pop_ycs,pop_male,uoc_total,uoc_prisons,uoc_irc,uoc_adult_male,uoc_female,uoc_ycs,headroom_published,hdc,operating_margin,operating_margin_adult_male,operating_margin_female,operating_margin_ycs,lw_pop_total,lw_uoc_total,lw_operating_margin,ya_pop_total,ya_uoc_total,ya_operating_margin,last_week_date_text,ya_date_text,title,url,local,error
2026-08-24,,2026-08-24,2026-08-24,B,Data,86843.0,,,83170.0,3388.0,285.0,,88937.0,,,84835.0,3718.0,384.0,2094.0,4096.0,1640.0,1460.0,120.0,60.0,86722.0,88921.0,,,,,Last Week:  17 August 2026,12 Months Ago:  25 August 2025,Population bulletin: weekly 24 August 2026,https://assets.publishing.service.gov.uk/media/6a8c3338a8f84a582b84282f/PSWEBREPORT.ods,raw/weekly/6a8c3338a8f84a582b84282f_PSWEBREPORT.ods,
2026-08-17,,2026-08-17,2026-08-17,B,Data,86722.0,,,83036.0,3397.0,289.0,,88921.0,,,84819.0,3718.0,384.0,2199.0,4148.0,1640.0,1460.0,120.0,60.0,86536.0,88862.0,,88273.0,89627.0,,Last Week:  10 August 2026,12 Months Ago:  18 August 2025,Population bulletin: weekly 17 August 2026,https://assets.publishing.service.gov.uk/media/6a82bfaf03b4fe14b1e7ded5/prison-pop-17-aug-2026.ods,raw/weekly/6a82bfaf03b4fe14b1e7ded5_prison-pop-17-aug-2026.ods,
2026-08-10,,2026-08-10,2026-08-10,B,Data,86536.0,,,82864.0,3378.0,294.0,,88862.0,,,84758.0,3720.0,384.0,2326.0,4205.0,1640.0,1460.0,120.0,60.0,86495.0,88890.0,,88238.0,89529.0,,Last Week:  03 August 2026,12 Months Ago:  11 August 2025,Population bulletin: weekly 10 August 2026,https://assets.publishing.service.gov.uk/media/6a79a4809fad0e27bebabe5a/prison-pop-10-august-2026.ods,raw/weekly/6a79a4809fad0e27bebabe5a_prison-pop-10-august-2026.ods,
2026-08-03,,2026-08-03,2026-08-03,B,Data,86495.0,,,82822.0,3380.0,293.0,,88890.0,,,84762.0,3744.0,384.0,2395.0,4258.0,1640.0,1460.0,120.0,60.0,86267.0,88895.0,,88007.0,89452.0,,Last Week:  27 July 2026,12 Months Ago:  04 August 2025,Population bulletin: weekly 3 August 2026,https://assets.publishing.service.gov.uk/media/6a708129895ee729c0e5b42d/PSWEBREPORT_3_August.ods,raw/weekly/6a708129895ee729c0e5b42d_PSWEBREPORT_3_August.ods,
2026-07-27,,2026-07-27,2026-07-27,B,Data,86267.0,,,82624.0,3355.0,288.0,,88895.0,,,84767.0,3744.0,384.0,2628.0,4269.0,1640.0,1460.0,120.0,60.0,86098.0,89036.0,,87966.0,89373.0,,Last Week:  20 July 2026,12 Months Ago:  28 July 2025,Population bulletin: weekly 27 July 2026,https://assets.publishing.service.gov.uk/media/6a67396bf02dfa8e780938fa/prison-pop-27-july-2026.ods,raw/weekly/6a67396bf02dfa8e780938fa_prison-pop-27-july-2026.ods,
2026-07-20,,2026-07-20,2026-07-20,B,Data,86098.0,,,82461.0,3348.0,289.0,,89036.0,,,84908.0,3744.0,384.0,2938.0,4297.0,1640.0,1460.0,120.0,60.0,86037.0,89074.0,,87835.0,89582.0,,Last Week:  13 July 2026,12 Months Ago:  21 July 2025,Population bulletin: weekly 20 July 2026,https://assets.publishing.service.gov.uk/media/6a5de5727eb057103bd946d7/prison-pop-20-july-2026.ods,raw/weekly/6a5de5727eb057103bd946d7_prison-pop-20-july-2026.ods,
2026-07-13,,2026-07-13,2026-07-13,B,Data,86037.0,,,82422.0,3338.0,277.0,,89074.0,,,84956.0,3734.0,384.0,3037.0,4309.0,1640.0,1460.0,120.0,60.0,85840.0,89090.0,,87618.0,89563.0,,Last Week:  06 July 2026,12 Months Ago:  14 July 2025,Population bulletin: weekly 13 July 2026,https://assets.publishing.service.gov.uk/media/6a54b7879e9c95844ae64d73/prison-pop-13-july-2026.ods,raw/weekly/6a54b7879e9c95844ae64d73_prison-pop-13-july-2026.ods,
2026-07-06,,2026-07-06,2026-07-06,B,Data,85840.0,,,82223.0,3334.0,283.0,,89090.0,,,84972.0,3734.0,384.0,3250.0,4318.0,1640.0,1460.0,120.0,60.0,85761.0,89120.0,,87488.0,89576.0,,Last Week:  29 June 2026,12 Months Ago:  07 July 2025,Population bulletin: weekly 6 July 2026,https://assets.publishing.service.gov.uk/media/6a4b8609045e1108aaa5ebb3/PSWEBREPORT_6_July_2026.ods,raw/weekly/6a4b8609045e1108aaa5ebb3_PSWEBREPORT_6_July_2026.ods,
2026-06-29,,2026-06-29,2026-06-29,B,Data,85761.0,,,82138.0,3349.0,274.0,,89120.0,,,85002.0,3734.0,384.0,3359.0,4276.0,1640.0,1460.0,120.0,60.0,85808.0,89230.0,,87334.0,89573.0,,Last Week:  22 June 2026,12 Months Ago:  30 June 2025,Population bulletin: weekly 29 June 2026,https://assets.publishing.service.gov.uk/media/6a424c037ac6fd9c6a94ab06/PSWEBREPORT_29_6_26.ods,raw/weekly/6a424c037ac6fd9c6a94ab06_PSWEBREPORT_29_6_26.ods,
2026-06-22,,2026-06-22,2026-06-22,B,Data,85808.0,,,82164.0,3362.0,282.0,,89230.0,,,85112.0,3734.0,384.0,3422.0,4263.0,1640.0,1460.0,120.0,60.0,85848.0,89340.0,,87041.0,89608.0,,Last Week:  15 June 2026,12 Months Ago:  23 June 2025,Population bulletin: weekly 22 June 2026,https://assets.publishing.service.gov.uk/media/6a38f1c46422bec01b1178ab/PSWEBREPORT_22_June_26.ods,raw/weekly/6a38f1c46422bec01b1178ab_PSWEBREPORT_22_June_26.ods,
2026-06-15,,2026-06-15,2026-06-15,B,Data,85848.0,,,82221.0,3353.0,274.0,,89340.0,,,85202.0,3754.0,384.0,3492.0,4278.0,1640.0,1460.0,120.0,60.0,85936.0,89369.0,,87032.0,89688.0,,Last Week:  08 June 2026,12 Months Ago:  16 June 2025,Population bulletin: weekly 15 June 2026,https://assets.publishing.service.gov.uk/media/6a2fcdb1a3674dfd3eb50896/PSWEBREPORT_15_June_26.ods,raw/weekly/6a2fcdb1a3674dfd3eb50896_PSWEBREPORT_15_June_26.ods,
2026-06-08,,2026-06-08,2026-06-08,B,Data,85936.0,,,82316.0,3344.0,276.0,,89369.0,,,85212.0,3773.0,384.0,3433.0,4250.0,1640.0,1460.0,120.0,60.0,85920.0,89460.0,,87441.0,89694.0,,Last Week:  01 June 2026,12 Months Ago:  09 June 2025,Population bulletin: weekly 8 June 2026,https://assets.publishing.service.gov.uk/media/6a267ecf56960b0542c0b133/PSWEBREPORT_8_June_26.ods,raw/weekly/6a267ecf56960b0542c0b133_PSWEBREPORT_8_June_26.ods,
2026-06-01,,2026-06-01,2026-06-01,B,Data,85920.0,,,82253.0,3389.0,278.0,,89460.0,,,85293.0,3783.0,384.0,3540.0,4261.0,1640.0,1460.0,120.0,60.0,,,,87864.0,89599.0,,Last Week:  25 May 2026,12 Months Ago:  02 June 2025,Population bulletin: weekly 1 June 2026,https://assets.publishing.service.gov.uk/media/6a1d44fd65bc5f798327f566/PSWEBREPORT_1_June_2026.ods,raw/weekly/6a1d44fd65bc5f798327f566_PSWEBREPORT_1_June_2026.ods,
2026-05-18,,2026-05-18,2026-05-18,B,Data,85992.0,,,82315.0,3395.0,282.0,,89662.0,,,85485.0,3793.0,384.0,3670.0,4317.0,1640.0,1460.0,120.0,60.0,85911.0,89654.0,,88103.0,89551.0,,Last Week:  11 May 2026,12 Months Ago:  19 May 2025,Population bulletin: weekly 18 May 2026,https://assets.publishing.service.gov.uk/media/6a0aea2cc75cc34a8ff8f3d8/PSWEBREPORT_Mon_18_May.ods,raw/weekly/6a0aea2cc75cc34a8ff8f3d8_PSWEBREPORT_Mon_18_May.ods,
2026-05-11,,2026-05-11,2026-05-11,B,Data,85911.0,,,82258.0,3370.0,283.0,,89654.0,,,85477.0,3793.0,384.0,3743.0,4321.0,1640.0,1460.0,120.0,60.0,,,,88087.0,89442.0,,Last Week:  04 May 2026,12 Months Ago:  12 May 2025,Population bulletin: weekly 11 May 2026,https://assets.publishing.service.gov.uk/media/6a01b1e3e71c4cdf4026b99c/prison-pop-11-may-2026.ods,raw/weekly/6a01b1e3e71c4cdf4026b99c_prison-pop-11-may-2026.ods,
2026-04-27,,2026-04-27,2026-04-27,B,Data,85704.0,,,82155.0,3270.0,279.0,,89765.0,,,85588.0,3793.0,384.0,4061.0,4300.0,1640.0,1460.0,120.0,60.0,86073.0,89794.0,,88084.0,89228.0,,Last Week:  20 April 2026,12 Months Ago:  28 April 2025,Population bulletin: weekly 27 April 2026,https://assets.publishing.service.gov.uk/media/69ef257a9ca985145673b9c7/prison-pop-27-apr-2026.ods,raw/weekly/69ef257a9ca985145673b9c7_prison-pop-27-apr-2026.ods,
2026-04-20,,2026-04-20,2026-04-20,B,Data,86073.0,,,82467.0,3319.0,287.0,,89794.0,,,85617.0,3793.0,384.0,3721.0,4261.0,1640.0,1460.0,120.0,60.0,86191.0,89763.0,,,,,Last Week:  13 April 2026,12 Months Ago:  21 April 2025,Population bulletin: weekly 20 April 2026,https://assets.publishing.service.gov.uk/media/69e5e4df2570f65c2716d9c3/prison-pop-20-april-2026.ods,raw/weekly/69e5e4df2570f65c2716d9c3_prison-pop-20-april-2026.ods,
2026-04-13,,2026-04-13,2026-04-13,B,Data,86191.0,,,82568.0,3332.0,291.0,,89763.0,,,85586.0,3793.0,384.0,3572.0,4250.0,1640.0,1460.0,120.0,60.0,,,,88081.0,89042.0,,Last Week:  06 April 2026,12 Months Ago:  14 April 2025,Population bulletin: weekly 13 April 2026,https://assets.publishing.service.gov.uk/media/69dccbc86b695d635c34dca2/PSWEBREPORT_13_april_2026.ods,raw/weekly/69dccbc86b695d635c34dca2_PSWEBREPORT_13_april_2026.ods,
2026-03-30,,2026-03-30,2026-03-30,B,Data,87292.0,,,83547.0,3459.0,286.0,,89795.0,,,85618.0,3793.0,384.0,2503.0,4303.0,1640.0,1460.0,120.0,60.0,87710.0,89825.0,,87919.0,88925.0,,Last Week:  23 March 2026,12 Months Ago:  31 March 2025,Population bulletin: weekly 30 March 2026,https://assets.publishing.service.gov.uk/media/69ca54dd94c191d28596ec8f/prison-pop-30-march-2026.ods,raw/weekly/69ca54dd94c191d28596ec8f_prison-pop-30-march-2026.ods,
2026-03-23,,2026-03-23,2026-03-23,B,Data,87710.0,,,83919.0,3498.0,293.0,,89825.0,,,85648.0,3793.0,384.0,2115.0,4272.0,1640.0,1460.0,120.0,60.0,87751.0,89922.0,,87684.0,88861.0,,Last Week:  16 March 2026,12 Months Ago:  24 March 2025,Population bulletin: weekly 23 March 2026,https://assets.publishing.service.gov.uk/media/69c121cbb920af63be1c7634/prison-pop-23-mar-2026.ods,raw/weekly/69c121cbb920af63be1c7634_prison-pop-23-mar-2026.ods,
2026-03-16,,2026-03-16,2026-03-16,B,Data,87751.0,,,83965.0,3494.0,292.0,,89922.0,,,85611.0,3793.0,518.0,2171.0,4255.0,1640.0,1460.0,120.0,60.0,87616.0,89884.0,,87556.0,88771.0,,Last Week:  09 March 2026,12 Months Ago:  17 March 2025,Population bulletin: weekly 16 March 2026,https://assets.publishing.service.gov.uk/media/69b7e4f3ba47c264e6c8cfa2/prison-pop-16-march-2026.ods,raw/weekly/69b7e4f3ba47c264e6c8cfa2_prison-pop-16-march-2026.ods,
2026-03-09,,2026-03-09,2026-03-09,B,Data,87616.0,,,83821.0,3502.0,293.0,,89884.0,,,85573.0,3793.0,518.0,2268.0,4261.0,1640.0,1460.0,120.0,60.0,87352.0,89809.0,,87416.0,88700.0,,Last Week:  02 March 2026,12 Months Ago:  10 March 2025,Population bulletin: weekly 9 March 2026,https://assets.publishing.service.gov.uk/media/69aeab1abde9c3f213c899bd/prison-pop-9-march-2026.ods,raw/weekly/69aeab1abde9c3f213c899bd_prison-pop-9-march-2026.ods,
2026-03-02,,2026-03-02,2026-03-02,B,Data,87352.0,,,83583.0,3477.0,292.0,,89809.0,,,85498.0,3793.0,518.0,2457.0,4289.0,1640.0,1460.0,120.0,60.0,87367.0,89792.0,,87316.0,88610.0,,Last Week:  23 February 2026,12 Months Ago:  03 March 2025, Population bulletin: weekly 2 March 2026,https://assets.publishing.service.gov.uk/media/69a55fc446e50eda5c46b554/prison-pop-2-march-2026.ods,raw/weekly/69a55fc446e50eda5c46b554_prison-pop-2-march-2026.ods,
2026-02-23,,2026-02-23,2026-02-23,B,Data,87367.0,,,83592.0,3488.0,287.0,,89792.0,,,85481.0,3793.0,518.0,2425.0,4304.0,1640.0,1460.0,120.0,60.0,87433.0,89781.0,,87199.0,88635.0,,Last Week:  16 February 2026,12 Months Ago:  24 February 2025,Population bulletin: weekly 23 February 2026,https://assets.publishing.service.gov.uk/media/699c39d2882eb23165f12714/prison-pop-23-feb-2026.ods,raw/weekly/699c39d2882eb23165f12714_prison-pop-23-feb-2026.ods,
2026-02-16,,2026-02-16,2026-02-16,B,Data,87433.0,,,83639.0,3506.0,288.0,,89781.0,,,85470.0,3793.0,518.0,2348.0,4303.0,1640.0,1460.0,120.0,60.0,87312.0,89762.0,,87094.0,88618.0,,Last Week:  09 February 2026,12 Months Ago:  17 February 2025,Population bulletin: weekly 16 February 2026,https://assets.publishing.service.gov.uk/media/6992e473492ea446ea7f4439/PSWEBREPORT_16_February.ods,raw/weekly/6992e473492ea446ea7f4439_PSWEBREPORT_16_February.ods,
2026-02-09,,2026-02-09,2026-02-09,B,Data,87312.0,,,83536.0,3481.0,295.0,,89762.0,,,85451.0,3793.0,518.0,2450.0,4295.0,1640.0,1460.0,120.0,60.0,87249.0,89703.0,,86941.0,88662.0,,Last Week:  02 February 2026,12 Months Ago:  10 February 2025,Population bulletin: weekly 9 February 2026,https://assets.publishing.service.gov.uk/media/6989b940cfe7ccf77efbc7b9/prison-pop-9-feb-2026.ods,raw/weekly/6989b940cfe7ccf77efbc7b9_prison-pop-9-feb-2026.ods,
2026-02-02,,2026-02-02,2026-02-02,B,Data,87249.0,,,83447.0,3495.0,307.0,,89703.0,,,85392.0,3793.0,518.0,2454.0,4264.0,1640.0,1460.0,120.0,60.0,87212.0,89671.0,,86802.0,88687.0,,Last Week:  26 January 2026,12 Months Ago:  03 February 2025,Population bulletin: weekly 2 February 2026,https://assets.publishing.service.gov.uk/media/6980864dec71a16669612dce/prison-pop-2-february-2026.ods,raw/weekly/6980864dec71a16669612dce_prison-pop-2-february-2026.ods,
2026-01-26,,2026-01-26,2026-01-26,B,Data,87212.0,,,83413.0,3484.0,315.0,,89671.0,,,85360.0,3793.0,518.0,2459.0,4244.0,1640.0,1460.0,120.0,60.0,86936.0,89617.0,,86463.0,88662.0,,Last Week:  19 January 2026,12 Months Ago:  27 January 2025,Population bulletin: weekly 26 January 2026,https://assets.publishing.service.gov.uk/media/69773d4d276692606c0137e4/PSWEBREPORT_26_Jan.ods,raw/weekly/69773d4d276692606c0137e4_PSWEBREPORT_26_Jan.ods,
2026-01-19,,2026-01-19,2026-01-19,B,Data,86936.0,,,83184.0,3441.0,311.0,,89617.0,,,85306.0,3793.0,518.0,2681.0,4254.0,1640.0,1460.0,120.0,60.0,86692.0,89562.0,,86068.0,88651.0,,Last Week:  12 January 2026,12 Months Ago:  20 January 2025,Population bulletin: weekly 19 January 2026,https://assets.publishing.service.gov.uk/media/696e1180719d837d69afc7e9/PSWEBREPORT_19_Jan.ods,raw/weekly/696e1180719d837d69afc7e9_PSWEBREPORT_19_Jan.ods,
2026-01-12,,2026-01-12,2026-01-12,B,Data,86692.0,,,82972.0,3411.0,309.0,,89562.0,,,85255.0,3789.0,518.0,2870.0,4246.0,1640.0,1460.0,120.0,60.0,86568.0,89464.0,,85853.0,88630.0,,Last Week:  05 January 2026,12 Months Ago:  13 January 2025,Population bulletin: weekly 12 January 2026,https://assets.publishing.service.gov.uk/media/6964d5a599fbdc498faeccca/prison-pop-12-january-2026.ods,raw/weekly/6964d5a599fbdc498faeccca_prison-pop-12-january-2026.ods,
2026-01-05,,2026-01-05,2026-01-05,B,Data,86568.0,,,82866.0,3393.0,309.0,,89464.0,,,85157.0,3789.0,518.0,2896.0,4289.0,1640.0,1460.0,120.0,60.0,86596.0,89464.0,,85689.0,88677.0,,Last Week:  29 December 2025,12 Months Ago:  06 January 2025,Population bulletin: weekly 5 January 2026,https://assets.publishing.service.gov.uk/media/695badc4295a95414df21afd/PSWEBREPORT_5_Jan.ods,raw/weekly/695badc4295a95414df21afd_PSWEBREPORT_5_Jan.ods,
2025-12-29,,2025-12-29,2025-12-29,B,Data,86596.0,,,82880.0,3404.0,312.0,,89464.0,,,85157.0,3789.0,518.0,2868.0,4319.0,1640.0,1460.0,120.0,60.0,86838.0,89464.0,,85618.0,88688.0,,Last Week:  22 December 2025,12 Months Ago:  30 December 2024,Population bulletin: weekly 29 December 2025,https://assets.publishing.service.gov.uk/media/695243f5ecb1863cca9d3111/PSWEBREPORT_29_Dec.ods,raw/weekly/695243f5ecb1863cca9d3111_PSWEBREPORT_29_Dec.ods,
2025-12-22,,2025-12-22,2025-12-22,B,Data,86838.0,,,83073.0,3450.0,315.0,,89464.0,,,85157.0,3789.0,518.0,2626.0,4356.0,1640.0,1460.0,120.0,60.0,86962.0,89454.0,,85877.0,88688.0,,Last Week:  15 December 2025,12 Months Ago:  23 December 2024,Population bulletin: weekly 22 December 2025,https://assets.publishing.service.gov.uk/media/69492b19888ddc41b48a5467/PSWEBREPORT_22_Dec.ods,raw/weekly/69492b19888ddc41b48a5467_PSWEBREPORT_22_Dec.ods,
2025-12-15,,2025-12-15,2025-12-15,B,Data,86962.0,,,83213.0,3449.0,300.0,,89454.0,,,85157.0,3779.0,518.0,2492.0,4342.0,1640.0,1460.0,120.0,60.0,87056.0,89388.0,,85960.0,88692.0,,Last Week:  08 December 2025,12 Months Ago:  16 December 2024,Population bulletin: weekly 15 December 2025,https://assets.publishing.service.gov.uk/media/693fdb8c5cc812f50aa42164/PSWEBREPORT_15_12.ods,raw/weekly/693fdb8c5cc812f50aa42164_PSWEBREPORT_15_12.ods,
2025-12-08,,2025-12-08,2025-12-08,B,Data,87056.0,,,83282.0,3466.0,308.0,,89388.0,,,85091.0,3779.0,518.0,2332.0,4322.0,1640.0,1460.0,120.0,60.0,87063.0,89350.0,,86089.0,88822.0,,Last Week:  01 December 2025,12 Months Ago:  09 December 2024,Population bulletin: weekly 8 December 2025,https://assets.publishing.service.gov.uk/media/69369cee70840a535475d3eb/PSWEBREPORT_8_Dec_25.ods,raw/weekly/69369cee70840a535475d3eb_PSWEBREPORT_8_Dec_25.ods,
2025-12-01,,2025-12-01,2025-12-01,B,Data,87063.0,,,83262.0,3485.0,316.0,,89350.0,,,85053.0,3779.0,518.0,2287.0,4295.0,1640.0,1460.0,120.0,60.0,87332.0,89334.0,,86059.0,88852.0,,Last Week:  24 November 2025,12 Months Ago:  02 December 2024,Population bulletin: weekly 1 December 2025,https://assets.publishing.service.gov.uk/media/692dadeab3b9afff34e96303/PSWEBREPORT_1_December.ods,raw/weekly/692dadeab3b9afff34e96303_PSWEBREPORT_1_December.ods,
2025-11-24,,2025-11-24,2025-11-24,B,Data,87332.0,,,83534.0,3477.0,321.0,,89334.0,,,85037.0,3779.0,518.0,2002.0,4279.0,1640.0,1460.0,120.0,60.0,87179.0,89309.0,,86038.0,88876.0,,Last Week:  17 November 2025,12 Months Ago:  25 November 2024,Population bulletin: weekly 24 November 2025,https://assets.publishing.service.gov.uk/media/69244bdbf2b88d41c7ba7e9e/prison-pop-24-nov-2025.ods,raw/weekly/69244bdbf2b88d41c7ba7e9e_prison-pop-24-nov-2025.ods,
2025-11-17,,2025-11-17,2025-11-17,B,Data,87179.0,,,83407.0,3456.0,316.0,,89309.0,,,85002.0,3789.0,518.0,2130.0,4291.0,1640.0,1460.0,120.0,60.0,86958.0,89288.0,,85933.0,88910.0,,Last Week:  10 November 2025,12 Months Ago:  18 November 2024,Population bulletin: weekly 17 November 2025,https://assets.publishing.service.gov.uk/media/691aee6c5a253e2c40d70599/PSWEBREPORT_17_November.ods,raw/weekly/691aee6c5a253e2c40d70599_PSWEBREPORT_17_November.ods,
2025-11-10,,2025-11-10,2025-11-10,B,Data,86958.0,,,83206.0,3434.0,318.0,,89288.0,,,84981.0,3789.0,518.0,2330.0,4297.0,1640.0,1460.0,120.0,60.0,86888.0,89291.0,,85826.0,88923.0,,Last Week:  03 November 2025,12 Months Ago:  11 November 2024,Population bulletin: weekly 10 November 2025,https://assets.publishing.service.gov.uk/media/6911ba89663088df8f54f45c/prison-pop-10-nov-2025.ods,raw/weekly/6911ba89663088df8f54f45c_prison-pop-10-nov-2025.ods,
2025-11-03,,2025-11-03,2025-11-03,B,Data,86888.0,,,83154.0,3414.0,320.0,,89291.0,,,84984.0,3789.0,518.0,2403.0,4254.0,1640.0,1460.0,120.0,60.0,87413.0,89311.0,,85794.0,88938.0,,Last Week:  27 October 2025,12 Months Ago:  04 November 2024,Population bulletin: weekly 3 November 2025,https://assets.publishing.service.gov.uk/media/69088fb4ef26c341988b2581/prison-pop-3-november-2025.ods,raw/weekly/69088fb4ef26c341988b2581_prison-pop-3-november-2025.ods,
2025-10-27,,2025-10-27,2025-10-27,B,Data,87413.0,,,83640.0,3457.0,316.0,,89311.0,,,85004.0,3789.0,518.0,1898.0,4259.0,1640.0,1460.0,120.0,60.0,87427.0,89286.0,,85867.0,89008.0,,Last Week:  20 October 2025,12 Months Ago:  28 October 2024,Population bulletin: weekly 27 October 2025,https://assets.publishing.service.gov.uk/media/68ff418bbcb10f6bf9bef8ec/PSWEBREPORT_Monday_27_October_2025.ods,raw/weekly/68ff418bbcb10f6bf9bef8ec_PSWEBREPORT_Monday_27_October_2025.ods,
2025-10-20,,2025-10-20,2025-10-20,B,Data,87427.0,,,83615.0,3502.0,310.0,,89286.0,,,84959.0,3809.0,518.0,1859.0,4258.0,1640.0,1460.0,120.0,60.0,87432.0,89256.0,,87465.0,89136.0,,Last Week:  13 October 2025,12 Months Ago:  21 October 2024,Population bulletin: weekly 20 October 2025,https://assets.publishing.service.gov.uk/media/68f6354a06e6515f7914c815/prison-pop-20-oct-2025.ods,raw/weekly/68f6354a06e6515f7914c815_prison-pop-20-oct-2025.ods,
2025-10-13,,2025-10-13,2025-10-13,B,Data,87432.0,,,83611.0,3516.0,305.0,,89256.0,,,84929.0,3809.0,518.0,1824.0,4236.0,1640.0,1460.0,120.0,60.0,87294.0,89380.0,,87210.0,89257.0,,Last Week:  06 October 2025,12 Months Ago:  14 October 2024,Population bulletin: weekly 13 October 2025,https://assets.publishing.service.gov.uk/media/68ecb99a9b9afd539ca098b3/prison-pop-13-october-2025.ods,raw/weekly/68ecb99a9b9afd539ca098b3_prison-pop-13-october-2025.ods,
2025-10-06,,2025-10-06,2025-10-06,B,Data,87294.0,,,83486.0,3500.0,308.0,,89380.0,,,85053.0,3809.0,518.0,2086.0,4223.0,1640.0,1460.0,120.0,60.0,87336.0,89437.0,,87015.0,89313.0,,Last Week:  29 September 2025,12 Months Ago:  07 October 2024,Population bulletin: weekly 6 October 2025,https://assets.publishing.service.gov.uk/media/68e395f1c487360cc70ca132/prison-pop-6-oct-2025.ods,raw/weekly/68e395f1c487360cc70ca132_prison-pop-6-oct-2025.ods,
2025-09-29,,2025-09-29,2025-09-29,B,Data,87336.0,,,83517.0,3504.0,315.0,,89437.0,,,85122.0,3809.0,506.0,2101.0,4231.0,1640.0,1460.0,120.0,60.0,87459.0,89688.0,,86966.0,89412.0,,Last Week:  22 September 2025,12 Months Ago:  30 September 2024,Population bulletin: weekly 29 September 2025,https://assets.publishing.service.gov.uk/media/68da62a2c487360cc70c9e8a/prison-pop-29-sept--2025.ods,raw/weekly/68da62a2c487360cc70c9e8a_prison-pop-29-sept--2025.ods,
2025-09-22,,2025-09-22,2025-09-22,B,Data,87459.0,,,83578.0,3552.0,329.0,,89688.0,,,85369.0,3813.0,506.0,2229.0,4262.0,1640.0,1460.0,120.0,60.0,87578.0,89664.0,,86810.0,89449.0,,Last Week:  15 September 2025,12 Months Ago:  23 September 2024,Population bulletin: weekly 22 September 2025,https://assets.publishing.service.gov.uk/media/68d145a4c908572e81248b0b/prison-pop-22-september-2025.ods,raw/weekly/68d145a4c908572e81248b0b_prison-pop-22-september-2025.ods,
2025-09-15,,2025-09-15,2025-09-15,B,Data,87578.0,,,83696.0,3556.0,326.0,,89664.0,,,85345.0,3813.0,506.0,2086.0,4255.0,1640.0,1460.0,120.0,60.0,88045.0,89720.0,,86684.0,89552.0,,Last Week:  08 September 2025,12 Months Ago:  16 September 2024,Population bulletin: weekly 15 September 2025,https://assets.publishing.service.gov.uk/media/68c7f4899798bfbb19e2069d/PSWEBREPORT_15_September.ods,raw/weekly/68c7f4899798bfbb19e2069d_PSWEBREPORT_15_September.ods,
2025-09-08,,2025-09-08,2025-09-08,B,Data,88045.0,,,84126.0,3585.0,334.0,,89720.0,,,85401.0,3813.0,506.0,1675.0,4281.0,1640.0,1460.0,120.0,60.0,88424.0,89747.0,,88893.0,89619.0,,Last Week:  01 September 2025,12 Months Ago:  09 September 2024,Population bulletin: weekly 8 September 2025,https://assets.publishing.service.gov.uk/media/68bebdbb626205fb47f01d89/PSWEBREPORT_8_Sept.ods,raw/weekly/68bebdbb626205fb47f01d89_PSWEBREPORT_8_Sept.ods,
2025-09-01,,2025-09-01,2025-09-01,B,Data,88424.0,,,84501.0,3588.0,335.0,,89747.0,,,85428.0,3813.0,506.0,1323.0,4286.0,1640.0,1460.0,120.0,60.0,,,,88678.0,89543.0,,Last Week:  25 August 2025,12 Months Ago:  02 September 2024, Population bulletin: weekly 1 September 2025,https://assets.publishing.service.gov.uk/media/68b575d8536d629f9c82a944/PSWEBREPORT_1_Seot.ods,raw/weekly/68b575d8536d629f9c82a944_PSWEBREPORT_1_Seot.ods,
2025-08-18,,2025-08-18,2025-08-18,B,Data,88273.0,,,84349.0,3591.0,333.0,,89627.0,,,85308.0,3813.0,506.0,1354.0,4292.0,1640.0,1460.0,120.0,60.0,88238.0,89529.0,,88370.0,89211.0,,Last Week:  11 August 2025,12 Months Ago:  19 August 2024,Population bulletin: weekly 18 August 2025,https://assets.publishing.service.gov.uk/media/68a3041ecd7b7dcfaf2b5e27/PSWEBREPORT_18_August.ods,raw/weekly/68a3041ecd7b7dcfaf2b5e27_PSWEBREPORT_18_August.ods,
2025-08-11,,2025-08-11,2025-08-11,B,Data,88238.0,,,84285.0,3619.0,334.0,,89529.0,,,85210.0,3813.0,506.0,1291.0,4280.0,1640.0,1460.0,120.0,60.0,88007.0,89452.0,,87887.0,88936.0,,Last Week:  04 August 2025,12 Months Ago:  12 August 2024,Population bulletin: weekly 11 August 2025,https://assets.publishing.service.gov.uk/media/6899aa0d9c63e0ee87656a55/PSWEBREPORT_11_August.ods,raw/weekly/6899aa0d9c63e0ee87656a55_PSWEBREPORT_11_August.ods,
2025-08-04,,2025-08-04,2025-08-04,B,Data,88007.0,,,84098.0,3579.0,330.0,,89452.0,,,85133.0,3813.0,506.0,1445.0,4251.0,1640.0,1460.0,120.0,60.0,87966.0,89373.0,,87716.0,88832.0,,Last Week:  28 July 2025,12 Months Ago:  05 August 2024,Population bulletin: weekly 4 August 2025,https://assets.publishing.service.gov.uk/media/68908d71dc6688ed508783a6/prison-pop-4-august-2025.ods,raw/weekly/68908d71dc6688ed508783a6_prison-pop-4-august-2025.ods,
2025-07-28,,2025-07-28,2025-07-28,B,Data,87966.0,,,84066.0,3569.0,331.0,,89373.0,,,85064.0,3803.0,506.0,1407.0,4211.0,1640.0,1460.0,120.0,60.0,87835.0,89582.0,,87787.0,88862.0,,Last Week:  21 July 2025,12 Months Ago:  29 July 2024,Population bulletin: weekly 28 July 2025,https://assets.publishing.service.gov.uk/media/68874891ac2c821a74bbec10/prison-pop-28-july-2025.ods,raw/weekly/68874891ac2c821a74bbec10_prison-pop-28-july-2025.ods,
2025-07-21,,2025-07-21,2025-07-21,B,Data,87835.0,,,83939.0,3570.0,326.0,,89582.0,,,85273.0,3803.0,506.0,1747.0,4213.0,1350.0,1190.0,100.0,60.0,87618.0,89563.0,,87698.0,88848.0,,Last Week:  14 July 2025,12 Months Ago:  22 July 2024,Population bulletin: weekly 21 July 2025,https://assets.publishing.service.gov.uk/media/687df6123f4bde279ef452e2/PSWEBREPORT_21_July.ods,raw/weekly/687df6123f4bde279ef452e2_PSWEBREPORT_21_July.ods,
2025-07-14,,2025-07-14,2025-07-14,B,Data,87618.0,,,83737.0,3557.0,324.0,,89563.0,,,85254.0,3803.0,506.0,1945.0,4264.0,1350.0,1190.0,100.0,60.0,87488.0,89576.0,,87848.0,88956.0,,Last Week:  07 July 2025,12 Months Ago:  15 July 2024,Population bulletin: weekly 14 July 2025,https://assets.publishing.service.gov.uk/media/6874c04a2557debd867cc09e/PSWEBREPORT_14_July.ods,raw/weekly/6874c04a2557debd867cc09e_PSWEBREPORT_14_July.ods,
2025-07-07,,2025-07-07,2025-07-07,B,Data,87488.0,,,83606.0,3558.0,324.0,,89576.0,,,85255.0,3803.0,518.0,2088.0,4276.0,1350.0,1190.0,100.0,60.0,87334.0,89573.0,,87822.0,88864.0,,Last Week:  30 June 2025,12 Months Ago:  08 July 2024,Population bulletin: weekly 7 July 2025,https://assets.publishing.service.gov.uk/media/686b876a10d550c668de3b80/PSWEBREPORT0707.ods,raw/weekly/686b876a10d550c668de3b80_PSWEBREPORT0707.ods,
2025-06-30,,2025-06-30,2025-06-30,B,Data,87334.0,,,83449.0,3566.0,319.0,,89573.0,,,85274.0,3781.0,518.0,2239.0,4246.0,1350.0,1190.0,100.0,60.0,87041.0,89608.0,,87727.0,88818.0,,Last Week:  23 June 2025,12 Months Ago:  01 July 2024,Population bulletin: weekly 30 June 2025 ,https://assets.publishing.service.gov.uk/media/686261503464d9c0ad609ceb/PSWEBREPORT_30June.ods,raw/weekly/686261503464d9c0ad609ceb_PSWEBREPORT_30June.ods,
2025-06-23,,2025-06-23,2025-06-23,B,Data,87041.0,,,83210.0,3517.0,314.0,,89608.0,,,85309.0,3781.0,518.0,2567.0,4236.0,1350.0,1190.0,100.0,60.0,87032.0,89688.0,,87726.0,88778.0,,Last Week:  16 June 2025,12 Months Ago:  24 June 2024,Population bulletin: weekly 23 June 2025,https://assets.publishing.service.gov.uk/media/68592f4d5e1909fc4c86118f/prison-pop-23-june-2025.ods,raw/weekly/68592f4d5e1909fc4c86118f_prison-pop-23-june-2025.ods,
2025-06-16,,2025-06-16,2025-06-16,B,Data,87032.0,,,83223.0,3490.0,319.0,,89688.0,,,85389.0,3781.0,518.0,2656.0,4170.0,1350.0,1190.0,100.0,60.0,87441.0,89694.0,,87688.0,88815.0,,Last Week:  09 June 2025,12 Months Ago:  17 June 2024,Population bulletin: weekly 16 June 2025,https://assets.publishing.service.gov.uk/media/684ff5ab77c424182b0c4e71/prison-pop-16-june-2025.ods,raw/weekly/684ff5ab77c424182b0c4e71_prison-pop-16-june-2025.ods,
2025-06-09,,2025-06-09,2025-06-09,B,Data,87441.0,,,83655.0,3474.0,312.0,,89694.0,,,85375.0,3801.0,518.0,2253.0,3676.0,1350.0,1190.0,100.0,60.0,87864.0,89599.0,,87693.0,88863.0,,Last Week:  02 June 2025,12 Months Ago:  10 June 2024,Population bulletin: weekly 9 June 2025 ,https://assets.publishing.service.gov.uk/media/6846bda70392ed9b784c01a0/Population_bulletin_weekly_9_June_2025.ods,raw/weekly/6846bda70392ed9b784c01a0_Population_bulletin_weekly_9_June_2025.ods,
2025-06-02,,2025-06-02,2025-06-02,B,Data,87864.0,,,84047.0,3506.0,311.0,,89599.0,,,85340.0,3801.0,458.0,1735.0,3251.0,1350.0,1190.0,100.0,60.0,,,,87541.0,88914.0,,Last Week:  26 May 2025,12 Months Ago:  03 June 2024,Population bulletin: weekly 2 June 2025,https://assets.publishing.service.gov.uk/media/683d5cf7f17469e343ebb988/prison-pop-2-june-2025.ods,raw/weekly/683d5cf7f17469e343ebb988_prison-pop-2-june-2025.ods,
2025-05-19,,2025-05-19,2025-05-19,B,Data,88103.0,,,84225.0,3567.0,311.0,,89551.0,,,85292.0,3801.0,458.0,1448.0,3209.0,1350.0,1190.0,100.0,60.0,88087.0,89442.0,,88297.0,88987.0,,Last Week:  12 May 2025,12 Months Ago:  20 May 2024,Population bulletin: weekly 19 May 2025,https://assets.publishing.service.gov.uk/media/682aedf450dbd3ce8372ab7d/prison-pop-19-may-2025.ods,raw/weekly/682aedf450dbd3ce8372ab7d_prison-pop-19-may-2025.ods,
2025-05-12,,2025-05-12,2025-05-12,B,Data,88087.0,,,84212.0,3568.0,307.0,,89442.0,,,85183.0,3801.0,458.0,1355.0,3211.0,1350.0,1190.0,100.0,60.0,,,,88083.0,88929.0,,Last Week:  05 May 2025,12 Months Ago:  13 May 2024,Population bulletin: weekly 12 May 2025,https://assets.publishing.service.gov.uk/media/6821d1e1c66deec8488f7f19/prison-pop-12-may-2025.ods,raw/weekly/6821d1e1c66deec8488f7f19_prison-pop-12-may-2025.ods,
2025-04-28,,2025-04-28,2025-04-28,B,Data,88084.0,,,84215.0,3556.0,313.0,,89228.0,,,84947.0,3823.0,458.0,1144.0,3249.0,1350.0,1190.0,100.0,60.0,,,,87870.0,88889.0,,Last Week:  21 April 2025,12 Months Ago:  29 April 2024,Population bulletin: weekly 28 April 2025 ,https://assets.publishing.service.gov.uk/media/680f570a56bc2cfe7f7f5c05/28_April_PSWEBREPORT.ods,raw/weekly/680f570a56bc2cfe7f7f5c05_28_April_PSWEBREPORT.ods,
2025-04-14,,2025-04-14,2025-04-14,B,Data,88081.0,,,84210.0,3554.0,317.0,,89042.0,,,84761.0,3823.0,458.0,961.0,3290.0,1350.0,1190.0,100.0,60.0,87938.0,88994.0,,87427.0,88857.0,,Last Week:  07 April 2025,12 Months Ago:  15 April 2024,Population bulletin: weekly 14 April 2025 ,https://assets.publishing.service.gov.uk/media/67fcc81745705eb1a1513fa8/Population_bulletin_weekly_14_April_2025.ods,raw/weekly/67fcc81745705eb1a1513fa8_Population_bulletin_weekly_14_April_2025.ods,
2025-04-07,,2025-04-07,2025-04-07,B,Data,87938.0,,,84088.0,3525.0,325.0,,88994.0,,,84713.0,3823.0,458.0,1056.0,3285.0,1350.0,1190.0,100.0,60.0,87919.0,88925.0,,87256.0,88890.0,,Last Week:  31 March 2025,12 Months Ago:  08 April 2024,Population bulletin: weekly 7 April 2025 ,https://assets.publishing.service.gov.uk/media/67f38b9acb0feef57df7e5f6/Population_bulletin_weekly_7_April_2025.ods,raw/weekly/67f38b9acb0feef57df7e5f6_Population_bulletin_weekly_7_April_2025.ods,
2025-03-31,,2025-03-31,2025-03-31,B,Data,87919.0,,,84021.0,3568.0,330.0,,88925.0,,,84644.0,3823.0,458.0,1006.0,3339.0,1350.0,1190.0,100.0,60.0,87684.0,88861.0,,,,,Last Week:  24 March 2025,12 Months Ago:  01 April 2024,Population bulletin: weekly 31 March 2025,https://assets.publishing.service.gov.uk/media/67ea6897f0edd954a99fe921/prison-pop-31-march-2025.ods,raw/weekly/67ea6897f0edd954a99fe921_prison-pop-31-march-2025.ods,
2025-03-24,,2025-03-24,2025-03-24,B,Data,87684.0,,,83806.0,3545.0,333.0,,88861.0,,,84589.0,3823.0,449.0,1177.0,3340.0,1350.0,1190.0,100.0,60.0,87556.0,88771.0,,87991.0,88935.0,,Last Week:  17 March 2025,12 Months Ago:  25 March 2024,Population bulletin: weekly 24 March 2025,https://assets.publishing.service.gov.uk/media/67e13f3764220b68ed6a6fe4/prison-pop-24-march-2025.ods,raw/weekly/67e13f3764220b68ed6a6fe4_prison-pop-24-march-2025.ods,
2025-03-17,,2025-03-17,2025-03-17,B,Data,87556.0,,,83672.0,3546.0,338.0,,88771.0,,,84496.0,3823.0,452.0,1215.0,3340.0,1350.0,1190.0,100.0,60.0,87416.0,88700.0,,88081.0,88991.0,,Last Week:  10 March 2025,12 Months Ago:  18 March 2024,Population bulletin: weekly 17 March 2025,https://assets.publishing.service.gov.uk/media/67d801a979f0d993dfb11f42/prison-pop-17-march-2025.ods,raw/weekly/67d801a979f0d993dfb11f42_prison-pop-17-march-2025.ods,
2025-03-10,,2025-03-10,2025-03-10,B,Data,87416.0,,,83577.0,3502.0,337.0,,88700.0,,,84425.0,3823.0,452.0,1284.0,3321.0,1350.0,1190.0,100.0,60.0,87316.0,88610.0,,88478.0,89059.0,,Last Week:  03 March 2025,12 Months Ago:  11 March 2024,Population bulletin: weekly 10 March 2025,https://assets.publishing.service.gov.uk/media/67cecec71aecd816cd80c560/prison-pop-10-march-2025.ods,raw/weekly/67cecec71aecd816cd80c560_prison-pop-10-march-2025.ods,
2025-03-03,,2025-03-03,2025-03-03,B,Data,87316.0,,,83475.0,3499.0,342.0,,88610.0,,,84335.0,3823.0,452.0,1294.0,3339.0,1350.0,1190.0,100.0,60.0,87199.0,88635.0,,88415.0,89066.0,,Last Week:  24 February 2025,12 Months Ago:  04 March 2024,Population bulletin: weekly 3 March 2025 ,https://assets.publishing.service.gov.uk/media/67c592b2a0f0c95a498d21a8/PSWEBREPORT.ods,raw/weekly/67c592b2a0f0c95a498d21a8_PSWEBREPORT.ods,
2025-02-24,,2025-02-24,2025-02-24,B,Data,87199.0,,,83386.0,3474.0,339.0,,88635.0,,,84360.0,3823.0,452.0,1436.0,3424.0,1350.0,1190.0,100.0,60.0,87094.0,88618.0,,88308.0,89041.0,,Last Week:  17 February 2025,12 Months Ago:  26 February 2024,Population bulletin: weekly 24 February 2025,https://assets.publishing.service.gov.uk/media/67bc61fe98ea2db44faddd65/prison-pop-24-feb-2025.ods,raw/weekly/67bc61fe98ea2db44faddd65_prison-pop-24-feb-2025.ods,
2025-02-17,,2025-02-17,2025-02-17,B,Data,87094.0,,,83277.0,3470.0,347.0,,88618.0,,,84343.0,3823.0,452.0,1524.0,3454.0,1350.0,1190.0,100.0,60.0,86941.0,88662.0,,88293.0,89050.0,,Last Week:  10 February 2025,12 Months Ago:  19 February 2024,Population bulletin: weekly 17 February 2025,https://assets.publishing.service.gov.uk/media/67b3000c421271d7e45f57d9/prison-pop-17-february-2025.ods,raw/weekly/67b3000c421271d7e45f57d9_prison-pop-17-february-2025.ods,
2025-02-10,,2025-02-10,2025-02-10,B,Data,86941.0,,,83114.0,3488.0,339.0,,88662.0,,,84387.0,3823.0,452.0,1721.0,3504.0,1350.0,1190.0,100.0,60.0,86802.0,88687.0,,88318.0,89099.0,,Last Week:  03 February 2025,12 Months Ago:  12 February 2024,Population bulletin: weekly 10 February 2025 ,https://assets.publishing.service.gov.uk/media/67a9c4ad6553af198f3a2115/10_Feb_PSWEBREPORT.ods,raw/weekly/67a9c4ad6553af198f3a2115_10_Feb_PSWEBREPORT.ods,
2025-02-03,,2025-02-03,2025-02-03,B,Data,86802.0,,,82958.0,3497.0,347.0,,88687.0,,,84412.0,3823.0,452.0,1885.0,3549.0,1350.0,1190.0,100.0,60.0,86463.0,88662.0,,88089.0,89051.0,,Last Week:  27 January 2025,12 Months Ago:  05 February 2024,Population bulletin: weekly 3 February 2025,https://assets.publishing.service.gov.uk/media/67a0a959172b438fbf16a3c4/prison-pop-3-feb-2025.ods,raw/weekly/67a0a959172b438fbf16a3c4_prison-pop-3-feb-2025.ods,
2025-01-27,,2025-01-27,2025-01-27,B,Data,86463.0,,,82634.0,3480.0,349.0,,88662.0,,,84387.0,3823.0,452.0,2199.0,3623.0,1350.0,1190.0,100.0,60.0,86068.0,88651.0,,87870.0,89004.0,,Last Week:  20 January 2025,12 Months Ago:  29 January 2024,Population bulletin: weekly 27 January 2025,https://assets.publishing.service.gov.uk/media/67976c4d4686aac1586062f6/prison-pop-27-jan-2025.ods,raw/weekly/67976c4d4686aac1586062f6_prison-pop-27-jan-2025.ods,
2025-01-20,,2025-01-20,2025-01-20,B,Data,86068.0,,,82265.0,3450.0,353.0,,88651.0,,,84376.0,3823.0,452.0,2583.0,3684.0,1350.0,1190.0,100.0,60.0,85853.0,88630.0,,87860.0,89009.0,,Last Week:  13 January 2025,12 Months Ago:  22 January 2024,Population bulletin: weekly 20 January 2025,https://assets.publishing.service.gov.uk/media/678e3ba3af483d80fc9bdaf3/prison-pop-20-jan-2025.ods,raw/weekly/678e3ba3af483d80fc9bdaf3_prison-pop-20-jan-2025.ods,
2025-01-13,,2025-01-13,2025-01-13,B,Data,85853.0,,,82062.0,3443.0,348.0,,88630.0,,,84355.0,3823.0,452.0,2777.0,3758.0,1350.0,1190.0,100.0,60.0,85689.0,88677.0,,87935.0,88959.0,,Last Week:  06 January 2025,12 Months Ago:  15 January 2024,Population bulletin: weekly 13 January 2025,https://assets.publishing.service.gov.uk/media/6784f264f0528401055d22f9/prison-pop-13-january-2025.ods,raw/weekly/6784f264f0528401055d22f9_prison-pop-13-january-2025.ods,
2025-01-06,,2025-01-06,2025-01-06,B,Data,85689.0,,,81897.0,3442.0,350.0,,88677.0,,,84402.0,3823.0,452.0,2988.0,3879.0,1350.0,1190.0,100.0,60.0,85618.0,88688.0,,87802.0,88956.0,,Last Week:  30 December 2024,12 Months Ago:  08 January 2024,Population bulletin: weekly 6 January 2025,https://assets.publishing.service.gov.uk/media/677bc3dad721a08c0066549b/6_January_PSWEBREPORT.ods,raw/weekly/677bc3dad721a08c0066549b_6_January_PSWEBREPORT.ods,
2024-12-30,,2024-12-30,2024-12-30,B,Data,85618.0,,,81827.0,3436.0,355.0,,88688.0,,,84383.0,3853.0,452.0,3070.0,3979.0,1350.0,1190.0,100.0,60.0,85877.0,88688.0,,87488.0,88987.0,,Last Week:  23 December 2024,12 Months Ago:  01 January 2024,Population bulletin: weekly 30 December 2024 ,https://assets.publishing.service.gov.uk/media/6772679cba6d29336159dc7f/PSWEBREPORT_30_December.ods,raw/weekly/6772679cba6d29336159dc7f_PSWEBREPORT_30_December.ods,
2024-12-23,,2024-12-23,2024-12-23,B,Data,85877.0,,,82065.0,3458.0,354.0,,88688.0,,,84383.0,3853.0,452.0,2811.0,4056.0,1350.0,1190.0,100.0,60.0,85960.0,88692.0,,87381.0,88987.0,,Last Week:  16 December 2024,12 Months Ago:  25 December 2023,Population bulletin: weekly 23 December 2024 ,https://assets.publishing.service.gov.uk/media/676930a2ff2c870561bde9e5/23_December_2024.ods,raw/weekly/676930a2ff2c870561bde9e5_23_December_2024.ods,
2024-12-16,,2024-12-16,2024-12-16,B,Data,85960.0,,,82114.0,3485.0,361.0,,88692.0,,,84387.0,3853.0,452.0,2732.0,4101.0,1350.0,1190.0,100.0,60.0,86089.0,88822.0,,87831.0,88976.0,,Last Week:  09 December 2024,12 Months Ago:  18 December 2023,Population bulletin: weekly 16 December 2024,https://assets.publishing.service.gov.uk/media/67600fb50fb02bbe4853ef5e/prison-pop-16-dec-2024.ods,raw/weekly/67600fb50fb02bbe4853ef5e_prison-pop-16-dec-2024.ods,
2024-12-09,,2024-12-09,2024-12-09,B,Data,86089.0,,,82218.0,3500.0,371.0,,88822.0,,,84517.0,3853.0,452.0,2733.0,4167.0,1350.0,1190.0,100.0,60.0,86059.0,88852.0,,87862.0,88981.0,,Last Week:  02 December 2024,12 Months Ago:  11 December 2023,Population bulletin: weekly 9 December 2024,https://assets.publishing.service.gov.uk/media/6756c6f043b2de5fee8dae59/prison_pop__dec_24.ods,raw/weekly/6756c6f043b2de5fee8dae59_prison_pop__dec_24.ods,
2024-12-02,,2024-12-02,2024-12-02,B,Data,86059.0,,,82193.0,3495.0,371.0,,88852.0,,,84547.0,3853.0,452.0,2793.0,4264.0,1350.0,1190.0,100.0,60.0,86038.0,88876.0,,87888.0,88925.0,,Last Week:  25 November 2024,12 Months Ago:  04 December 2023,Population bulletin: weekly 2 December 2024,https://assets.publishing.service.gov.uk/media/674d7cd7eb52380f5456af12/prison-pop-2-dec-2024.ods,raw/weekly/674d7cd7eb52380f5456af12_prison-pop-2-dec-2024.ods,
2024-11-25,,2024-11-25,2024-11-25,B,Data,86038.0,,,82132.0,3528.0,378.0,,88876.0,,,84571.0,3853.0,452.0,2838.0,4293.0,1350.0,1190.0,100.0,60.0,85933.0,88910.0,,87902.0,88924.0,,Last Week:  18 November 2024,12 Months Ago:  27 November 2023,Population bulletin: weekly 25 November 2024 ,https://assets.publishing.service.gov.uk/media/67445c3881f809b32c8568bb/prison-pop-25-nov-2024.ods,raw/weekly/67445c3881f809b32c8568bb_prison-pop-25-nov-2024.ods,
2024-11-18,,2024-11-18,2024-11-18,B,Data,85933.0,,,82043.0,3517.0,373.0,,88910.0,,,84605.0,3853.0,452.0,2977.0,4341.0,1350.0,1190.0,100.0,60.0,85826.0,88923.0,,87809.0,88894.0,,Last Week:  11 November 2024,12 Months Ago:  20 November 2023,Population bulletin: weekly 18 November 2024 ,https://assets.publishing.service.gov.uk/media/673b26d2abe1d74ea7dade88/prison-pop-18-nov-2024.ods,raw/weekly/673b26d2abe1d74ea7dade88_prison-pop-18-nov-2024.ods,
2024-11-11,,2024-11-11,2024-11-11,B,Data,85826.0,,,81943.0,3514.0,369.0,,88923.0,,,84618.0,3853.0,452.0,3097.0,4395.0,1350.0,1190.0,100.0,60.0,85794.0,88938.0,,87728.0,88943.0,,Last Week:  04 November 2024,12 Months Ago:  13 November 2023,Population bulletin: weekly 11 November 2024 ,https://assets.publishing.service.gov.uk/media/6731d1752cccb48648badac1/prison-pop-11-nov-2024.ods,raw/weekly/6731d1752cccb48648badac1_prison-pop-11-nov-2024.ods,
2024-11-04,,2024-11-04,2024-11-04,B,Data,85794.0,,,81894.0,3533.0,367.0,,88938.0,,,84633.0,3853.0,452.0,3144.0,4376.0,1350.0,1190.0,100.0,60.0,85867.0,89008.0,,87760.0,88970.0,,Last Week:  28 October 2024,12 Months Ago:  06 November 2023,Population bulletin: weekly 4 November 2024 ,https://assets.publishing.service.gov.uk/media/6728a2f0094e4e60c466d088/prison-pop-4-november-2024.ods,raw/weekly/6728a2f0094e4e60c466d088_prison-pop-4-november-2024.ods,
2024-10-28,,2024-10-28,2024-10-28,B,Data,85867.0,,,81976.0,3529.0,362.0,,89008.0,,,84703.0,3853.0,452.0,3141.0,4358.0,1350.0,1190.0,100.0,60.0,87465.0,89136.0,,87779.0,88945.0,,Last Week:  21 October 2024,12 Months Ago:  30 October 2023,Population bulletin: weekly 28 October 2024 ,https://assets.publishing.service.gov.uk/media/671f6dad34853837d7fc4087/Prison_stats_28_October.ods,raw/weekly/671f6dad34853837d7fc4087_Prison_stats_28_October.ods,
2024-10-21,,2024-10-21,2024-10-21,B,Data,87465.0,,,83530.0,3576.0,359.0,,89136.0,,,84804.0,3880.0,452.0,1671.0,3913.0,1350.0,1190.0,100.0,60.0,87210.0,89257.0,,87975.0,88890.0,,Last Week:  14 October 2024,12 Months Ago:  23 October 2023,Population bulletin: weekly 21 October 2024 ,https://assets.publishing.service.gov.uk/media/6716656ad100972c0f4c9b0f/Prison_stats_weekly_21_October_2024.ods,raw/weekly/6716656ad100972c0f4c9b0f_Prison_stats_weekly_21_October_2024.ods,
2024-10-18,2024-10-18,2024-10-18,,A2,Headlines-PUBLISHED,87028.0,,,,3537.0,,83491.0,89136.0,,,,,,,3971.0,1350.0,,,,86803.0,89257.0,1350.0,88126.0,88890.0,1340.0,Last week,,Population bulletin: weekly 18 October 2024 ,https://assets.publishing.service.gov.uk/media/671211bfb22a14f7ee18edb1/prison-pop-18-october-2024.ods,raw/weekly/671211bfb22a14f7ee18edb1_prison-pop-18-october-2024.ods,
2024-10-11,2024-10-11,2024-10-11,,A2,Headlines-PUBLISHED,86803.0,,,,3516.0,,83287.0,89257.0,,,,,,,3959.0,1350.0,,,,86618.0,89313.0,1350.0,88225.0,88782.0,1340.0,Last week,,Population bulletin: weekly 11 October 2024 ,https://assets.publishing.service.gov.uk/media/6708ec133b919067bb48302a/prison-pop-11-oct-2024.ods,raw/weekly/6708ec133b919067bb48302a_prison-pop-11-oct-2024.ods,
2024-10-04,2024-10-04,2024-10-04,,A2,Headlines-PUBLISHED,86618.0,,,,3494.0,,83124.0,89313.0,,,,,,,3872.0,1350.0,,,,86526.0,89412.0,1350.0,88016.0,88667.0,1340.0,Last week,,Population bulletin: weekly 4 October 2024 ,https://assets.publishing.service.gov.uk/media/66ffa0afa31f45a9c765f107/prison-pop-4-october-2024.ods,raw/weekly/66ffa0afa31f45a9c765f107_prison-pop-4-october-2024.ods,
2024-09-27,2024-09-27,2024-09-27,,A2,Headlines-PUBLISHED,86526.0,,,,3492.0,,83034.0,89412.0,,,,,,,3784.0,1350.0,,,,86406.0,89449.0,1350.0,87793.0,88561.0,1340.0,Last week,,Population bulletin: weekly 27 September 2024 ,https://assets.publishing.service.gov.uk/media/66f66cbc3b919067bb48283e/prison-pop-27-sept-2024.ods,raw/weekly/66f66cbc3b919067bb48283e_prison-pop-27-sept-2024.ods,
2024-09-20,2024-09-20,2024-09-20,,A2,Headlines-PUBLISHED,86406.0,,,,3453.0,,82953.0,89449.0,,,,,,,3654.0,1350.0,,,,86333.0,89552.0,1350.0,87685.0,88314.0,1480.0,Last week,,Population bulletin: weekly 20 September 2024 ,https://assets.publishing.service.gov.uk/media/66ed32d4c8398625c331e816/prison-pop-20-sept-2024.ods,raw/weekly/66ed32d4c8398625c331e816_prison-pop-20-sept-2024.ods,
2024-09-13,2024-09-13,2024-09-13,,A2,Headlines-PUBLISHED,86333.0,,,,3440.0,,82893.0,89552.0,,,,,,,3528.0,1350.0,,,,88521.0,89619.0,1350.0,87423.0,88222.0,1480.0,Last week,,Population bulletin: weekly 13 September 2024 ,https://assets.publishing.service.gov.uk/media/66e3f4ef718edd81771316e1/prison-pop-13-sept-2024.ods,raw/weekly/66e3f4ef718edd81771316e1_prison-pop-13-sept-2024.ods,
2024-09-06,2024-09-06,2024-09-06,,A2,Headlines-PUBLISHED,88521.0,,,,3656.0,,84865.0,89619.0,,,,,,,2852.0,1350.0,,,,88350.0,89543.0,1350.0,87128.0,88115.0,1480.0,Last week,,Population bulletin: weekly 6 September 2024 ,https://assets.publishing.service.gov.uk/media/66daba752bc43c72b0826535/prison-pop-6-sept-2024.ods,raw/weekly/66daba752bc43c72b0826535_prison-pop-6-sept-2024.ods,
2024-08-30,2024-08-30,2024-08-30,,A2,Headlines-PUBLISHED,88350.0,,,,3632.0,,84718.0,89543.0,,,,,,,2800.0,1350.0,,,,88234.0,89383.0,1350.0,87124.0,88020.0,1480.0,Last week,,Population bulletin: weekly 30 August 2024 ,https://assets.publishing.service.gov.uk/media/66d192c15e39b54bdb183397/Prison_population_30_August.ods,raw/weekly/66d192c15e39b54bdb183397_Prison_population_30_August.ods,
2024-08-23,2024-08-23,2024-08-23,,A2,Headlines-PUBLISHED,88234.0,,,,3638.0,,84596.0,89383.0,,,,,,,2767.0,1350.0,,,,87893.0,89191.0,1350.0,87063.0,87891.0,1480.0,Last week,,Population bulletin: weekly 23 August 2024 ,https://assets.publishing.service.gov.uk/media/66c856a41f215d9f0a91351a/Prison_population_23_August.ods,raw/weekly/66c856a41f215d9f0a91351a_Prison_population_23_August.ods,
2024-08-16,2024-08-16,2024-08-16,,A2,Headlines-PUBLISHED,87893.0,,,,3610.0,,84283.0,89191.0,,,,,,,2709.0,1350.0,,,,87496.0,88936.0,1350.0,87012.0,87812.0,1480.0,Last week,,Population bulletin: weekly 16 August 2024 ,https://assets.publishing.service.gov.uk/media/66bf00563effd5b79ba491b0/prison-pop-16-aug-2024.ods,raw/weekly/66bf00563effd5b79ba491b0_prison-pop-16-aug-2024.ods,
2024-08-09,2024-08-09,2024-08-09,,A2,Headlines-PUBLISHED,87496.0,,,,3596.0,,83900.0,88936.0,,,,,,,2645.0,1350.0,,,,87362.0,88832.0,1350.0,86790.0,87734.0,1480.0,Last week,,Population bulletin: weekly 9 August 2024 ,https://assets.publishing.service.gov.uk/media/66b5d0680808eaf43b50df70/prison-pop-9-aug-2024.ods,raw/weekly/66b5d0680808eaf43b50df70_prison-pop-9-aug-2024.ods,
2024-08-02,2024-08-02,2024-08-02,,A2,Headlines-PUBLISHED,87362.0,,,,3625.0,,83737.0,88832.0,,,,,,,2581.0,1350.0,,,,87479.0,88862.0,1350.0,86763.0,87710.0,1480.0,Last week,,Population bulletin: weekly 2 August 2024 ,https://assets.publishing.service.gov.uk/media/66ac9766ab418ab0555931f5/prison-pop-2-aug-2024.ods,raw/weekly/66ac9766ab418ab0555931f5_prison-pop-2-aug-2024.ods,
2024-07-26,2024-07-26,2024-07-26,,A2,Headlines-PUBLISHED,87479.0,,,,3663.0,,83816.0,88862.0,,,,,,,2520.0,1350.0,,,,87343.0,88848.0,1350.0,86602.0,87573.0,1480.0,Last week,,Population bulletin: weekly 26 July 2024 ,https://assets.publishing.service.gov.uk/media/66a374bca3c2a28abb50d7ba/Population_bulletin_weekly_26_July_2024_.ods,raw/weekly/66a374bca3c2a28abb50d7ba_Population_bulletin_weekly_26_July_2024_.ods,
2024-07-19,2024-07-19,2024-07-19,,A2,Headlines-PUBLISHED,87343.0,,,,3651.0,,83692.0,88848.0,,,,,,,2449.0,1350.0,,,,87505.0,88956.0,1350.0,86498.0,87408.0,1480.0,Last week,,Population bulletin: weekly 19 July 2024 ,https://assets.publishing.service.gov.uk/media/669a24c7a3c2a28abb50d2b2/population_19_July_2024.ods,raw/weekly/669a24c7a3c2a28abb50d2b2_population_19_July_2024.ods,
2024-07-12,2024-07-12,2024-07-12,,A2,Headlines-PUBLISHED,87505.0,,,,3646.0,,83859.0,88956.0,,,,,,,2318.0,1350.0,,,,87453.0,88864.0,1350.0,86344.0,87097.0,1680.0,Last week,,Population bulletin: weekly 12 July 2024 ,https://assets.publishing.service.gov.uk/media/6690f5ea0808eaf43b50ce45/prison-pop-12-july-2024.ods.ods,raw/weekly/6690f5ea0808eaf43b50ce45_prison-pop-12-july-2024.ods.ods,
2024-07-05,2024-07-05,2024-07-05,,A2,Headlines-PUBLISHED,87453.0,,,,3657.0,,83796.0,88864.0,,,,,,,2247.0,1350.0,,,,87360.0,88818.0,1350.0,86035.0,86989.0,1680.0,Last week,,Population bulletin: weekly 5 July 2024 ,https://assets.publishing.service.gov.uk/media/6687a4a5ab5fc5929851b9f9/prison-pop-5-july-2024.ods,raw/weekly/6687a4a5ab5fc5929851b9f9_prison-pop-5-july-2024.ods,
2024-06-28,2024-06-28,2024-06-28,,A2,Headlines-PUBLISHED,87360.0,,,,3658.0,,83702.0,88818.0,,,,,,,2194.0,1350.0,,,,87395.0,88778.0,1350.0,85851.0,86859.0,1680.0,Last week,,Population bulletin: weekly 28 June 2024,https://assets.publishing.service.gov.uk/media/667e6a0c97ea0c79abfe4d5a/prison-pop-28-june-2024.ods,raw/weekly/667e6a0c97ea0c79abfe4d5a_prison-pop-28-june-2024.ods,
2024-06-21,2024-06-21,2024-06-21,,A2,Headlines-PUBLISHED,87395.0,,,,3624.0,,83771.0,88778.0,,,,,,,2165.0,1350.0,,,,87347.0,88815.0,1350.0,85572.0,86709.0,1680.0,Last week,,Population bulletin: weekly 21 June 2024 ,https://assets.publishing.service.gov.uk/media/6675308accc4aa460a729923/prison-pop-21-june-2024.ods,raw/weekly/6675308accc4aa460a729923_prison-pop-21-june-2024.ods,
2024-06-14,2024-06-14,2024-06-14,,A2,Headlines-PUBLISHED,87347.0,,,,3648.0,,83699.0,88815.0,,,,,,,2176.0,1350.0,,,,87284.0,88863.0,1350.0,85420.0,86644.0,1680.0,Last week,,Population bulletin: weekly 14 June 2024 ,https://assets.publishing.service.gov.uk/media/666bfc36ffd07973a043d137/prison-pop-14-june-2024.ods,raw/weekly/666bfc36ffd07973a043d137_prison-pop-14-june-2024.ods,
2024-06-07,2024-06-07,2024-06-07,,A2,Headlines-PUBLISHED,87284.0,,,,3636.0,,83648.0,88863.0,,,,,,,2200.0,1350.0,,,,87177.0,88914.0,1350.0,85246.0,86392.0,1830.0,Last week,,Population bulletin: weekly 7 June 2024,https://assets.publishing.service.gov.uk/media/6662b83c1669db82a64c1ba1/prison-pop-7-june-2024.ods,raw/weekly/6662b83c1669db82a64c1ba1_prison-pop-7-june-2024.ods,
2024-05-31,2024-05-31,2024-05-31,,A2,Headlines-PUBLISHED,87177.0,,,,3609.0,,83568.0,88914.0,,,,,,,2200.0,1350.0,,,,87089.0,89014.0,1350.0,85407.0,86306.0,1830.0,Last week,,Population bulletin: weekly 31 May 2024 ,https://assets.publishing.service.gov.uk/media/6659939a8f90ef31c23ebcb6/prison-population-31-May.ods,raw/weekly/6659939a8f90ef31c23ebcb6_prison-population-31-May.ods,
2024-05-24,2024-05-24,2024-05-24,,A2,Headlines-PUBLISHED,87089.0,,,,3651.0,,83438.0,89014.0,,,,,,,2169.0,1350.0,,,,87915.0,88987.0,1350.0,85415.0,86201.0,1830.0,Last week,,Population bulletin: weekly 24 May 2024 ,https://assets.publishing.service.gov.uk/media/6650477f2eb55b89628fc453/prison-pop-24-may-2024.ods,raw/weekly/6650477f2eb55b89628fc453_prison-pop-24-may-2024.ods,
2024-05-17,2024-05-17,2024-05-17,,A2,Headlines-PUBLISHED,87915.0,,,,3665.0,,84250.0,88987.0,,,,,,,2198.0,1350.0,,,,87691.0,88929.0,1350.0,85193.0,86150.0,1830.0,Last week,,Population bulletin: weekly 17 May 2024 ,https://assets.publishing.service.gov.uk/media/6647076f993111924d9d36de/prison-pop-17-may-2024.ods,raw/weekly/6647076f993111924d9d36de_prison-pop-17-may-2024.ods,
2024-05-10,2024-05-10,2024-05-10,,A2,Headlines-PUBLISHED,87691.0,,,,3642.0,,84049.0,88929.0,,,,,,,2220.0,1350.0,,,,87505.0,88895.0,1350.0,84940.0,86124.0,1830.0,Last week,,Population bulletin: weekly 10 May 2024 ,https://assets.publishing.service.gov.uk/media/663de956993111924d9d3232/prison-pop-10-may-2024.ods,raw/weekly/663de956993111924d9d3232_prison-pop-10-may-2024.ods,
2024-05-03,2024-05-03,2024-05-03,,A2,Headlines-PUBLISHED,87505.0,,,,3646.0,,83859.0,88895.0,,,,,,,2239.0,1350.0,,,,87481.0,88889.0,1350.0,84772.0,85992.0,1830.0,Last week,,Population bulletin: weekly 3 May 2024 ,https://assets.publishing.service.gov.uk/media/66349b584d8bb7378fb6c1d8/prison-pop-3-may-2024.ods,raw/weekly/66349b584d8bb7378fb6c1d8_prison-pop-3-may-2024.ods,
2024-04-26,2024-04-26,2024-04-26,,A2,Headlines-PUBLISHED,87481.0,,,,3649.0,,83832.0,88889.0,,,,,,,2224.0,1350.0,,,,87247.0,88883.0,1350.0,84658.0,85855.0,1830.0,Last week,,Population bulletin: weekly 26 April 2024 ,https://assets.publishing.service.gov.uk/media/662b6bb1fddcc9e7ab22525d/prison-pop-26-apr-2024.ods,raw/weekly/662b6bb1fddcc9e7ab22525d_prison-pop-26-apr-2024.ods,
2024-04-19,2024-04-19,2024-04-19,,A2,Headlines-PUBLISHED,87247.0,,,,3618.0,,83629.0,88883.0,,,,,,,2213.0,1350.0,,,,87099.0,88857.0,1350.0,84539.0,85615.0,1950.0,Last week,,Population bulletin: weekly 19 April 2024 ,https://assets.publishing.service.gov.uk/media/6622299a252f0d71cf757d64/prison-pop-19-april-2024.ods,raw/weekly/6622299a252f0d71cf757d64_prison-pop-19-april-2024.ods,
2024-04-12,2024-04-12,2024-04-12,,A2,Headlines-PUBLISHED,87099.0,,,,3599.0,,83500.0,88857.0,,,,,,,2222.0,1350.0,,,,86926.0,88890.0,1350.0,84436.0,85552.0,1950.0,Last week,,Population bulletin: weekly 12 April 2024 ,https://assets.publishing.service.gov.uk/media/6619101e679e9c8d921dfe49/PSWEBREPORT_12_April.ods,raw/weekly/6619101e679e9c8d921dfe49_PSWEBREPORT_12_April.ods,
2024-04-05,2024-04-05,2024-04-05,,A2,Headlines-PUBLISHED,86926.0,,,,3575.0,,83351.0,88890.0,,,,,,,2205.0,1950.0,,,,,,,83957.0,85523.0,1950.0,Last week,,Population bulletin: weekly 5 April 2024 ,https://assets.publishing.service.gov.uk/media/660fb185a43d91001c3af1ad/prison-pop-5-april-2024.ods,raw/weekly/660fb185a43d91001c3af1ad_prison-pop-5-april-2024.ods,
2024-03-22,2024-03-22,2024-03-22,,A2,Headlines-PUBLISHED,87699.0,,,,3619.0,,84080.0,88935.0,,,,,,,2244.0,1350.0,,,,87827.0,88991.0,1350.0,84230.0,85354.0,2000.0,Last week,,Population bulletin: weekly 22 March 2024 ,https://assets.publishing.service.gov.uk/media/65fd444ba6c0f7001aef9231/prison-pop-22-march-2024.ods,raw/weekly/65fd444ba6c0f7001aef9231_prison-pop-22-march-2024.ods,
2024-03-15,2024-03-15,2024-03-15,,A2,Headlines-PUBLISHED,87827.0,,,,3635.0,,84192.0,88991.0,,,,,,,2249.0,1350.0,,,,88220.0,89059.0,1350.0,84180.0,85280.0,2000.0,Last week,,Population bulletin: weekly 15 March 2024 ,https://assets.publishing.service.gov.uk/media/65f4121cfa1851001101178c/prison-pop-15-march-2024.ods,raw/weekly/65f4121cfa1851001101178c_prison-pop-15-march-2024.ods,
2024-03-08,2024-03-08,2024-03-08,,A2,Headlines-PUBLISHED,88220.0,,,,3651.0,,84569.0,89059.0,,,,,,,2240.0,1350.0,,,,88133.0,89066.0,1350.0,84137.0,85215.0,2000.0,Last week,,Population bulletin: weekly 8 March 2024 ,https://assets.publishing.service.gov.uk/media/65eadbc63649a255a7ed6312/prison-pop-8-march-2024.ods,raw/weekly/65eadbc63649a255a7ed6312_prison-pop-8-march-2024.ods,
2024-03-01,2024-03-01,2024-03-01,,A2,Headlines-PUBLISHED,88133.0,,,,3664.0,,84469.0,89066.0,,,,,,,2217.0,1350.0,,,,87973.0,89041.0,1350.0,83990.0,85132.0,2000.0,Last week,,Population bulletin: weekly 1 March 2024 ,https://assets.publishing.service.gov.uk/media/65e1a6593f6945001d036058/prison-pop-1-march-2024.ods,raw/weekly/65e1a6593f6945001d036058_prison-pop-1-march-2024.ods,
2024-02-23,2024-02-23,2024-02-23,,A2,Headlines-PUBLISHED,87973.0,,,,3629.0,,84344.0,89041.0,,,,,,,2195.0,1350.0,,,,87936.0,89050.0,1350.0,83844.0,85063.0,2000.0,Last week,,Population bulletin: weekly 23 February 2024 ,https://assets.publishing.service.gov.uk/media/65d8ba6754f1e7001116595d/Prison_population_report_23_Feb_24.ods,raw/weekly/65d8ba6754f1e7001116595d_Prison_population_report_23_Feb_24.ods,
2024-02-16,2024-02-16,2024-02-16,,A2,Headlines-PUBLISHED,87936.0,,,,3622.0,,84314.0,89050.0,,,,,,,2202.0,1350.0,,,,87982.0,89099.0,1350.0,83687.0,84844.0,2000.0,Last week,,Population bulletin: weekly 16 February 2024 ,https://assets.publishing.service.gov.uk/media/65cf384f0f4eb1001aa98153/prison-pop-16-feb-2024.ods,raw/weekly/65cf384f0f4eb1001aa98153_prison-pop-16-feb-2024.ods,
2024-02-09,2024-02-09,2024-02-09,,A2,Headlines-PUBLISHED,87982.0,,,,3623.0,,84359.0,89099.0,,,,,,,2189.0,1350.0,,,,87706.0,89051.0,1350.0,83469.0,84733.0,2000.0,Last week,,Population bulletin: weekly 9 February 2024 ,https://assets.publishing.service.gov.uk/media/65c5eee6cc433b000ca90afe/prison-pop-9-feb-2024.ods,raw/weekly/65c5eee6cc433b000ca90afe_prison-pop-9-feb-2024.ods,
2024-02-02,2024-02-02,2024-02-02,,A2,Headlines-PUBLISHED,87706.0,,,,3588.0,,84118.0,89051.0,,,,,,,2193.0,1350.0,,,,87538.0,89004.0,1350.0,83188.0,84607.0,2000.0,Last week,,Population bulletin: weekly 2 February 2024,https://assets.publishing.service.gov.uk/media/65bcb9ae38cb910012bcdbc8/prison-pop-2-february-2024.ods,raw/weekly/65bcb9ae38cb910012bcdbc8_prison-pop-2-february-2024.ods,
2024-01-26,2024-01-26,2024-01-26,,A2,Headlines-PUBLISHED,87538.0,,,,3562.0,,83976.0,89004.0,,,,,,,2163.0,1350.0,,,,87579.0,89009.0,1350.0,82792.0,84548.0,2000.0,Last week,,Population bulletin: weekly 26 January 2024,https://assets.publishing.service.gov.uk/media/65b3a607a0ae1b000d5260b0/prison-pop-26-jan-2024.ods,raw/weekly/65b3a607a0ae1b000d5260b0_prison-pop-26-jan-2024.ods,
2024-01-19,2024-01-19,2024-01-19,,A2,Headlines-PUBLISHED,87579.0,,,,3593.0,,83986.0,89009.0,,,,,,,2181.0,1350.0,,,,87549.0,88959.0,1350.0,82538.0,84478.0,2000.0,Last week,,Population bulletin: weekly 19 January 2024 ,https://assets.publishing.service.gov.uk/media/65aa3f2a94c997000daeba6b/prison-pop-19-jan-2024.ods,raw/weekly/65aa3f2a94c997000daeba6b_prison-pop-19-jan-2024.ods,
2024-01-12,2024-01-12,2024-01-12,,A2,Headlines-PUBLISHED,87549.0,,,,3589.0,,83960.0,88959.0,,,,,,,2191.0,1350.0,,,,87448.0,88956.0,1350.0,82358.0,84430.0,2000.0,Last week,,Population bulletin: weekly 12 January 2024 ,https://assets.publishing.service.gov.uk/media/65a1069fe96df5000df84511/prison-pop-12-jan-2024.ods,raw/weekly/65a1069fe96df5000df84511_prison-pop-12-jan-2024.ods,
2024-01-05,2024-01-05,2024-01-05,,A2,Headlines-PUBLISHED,87448.0,,,,3571.0,,83877.0,88956.0,,,,,,,2167.0,1350.0,,,,87216.0,88987.0,1350.0,82212.0,84431.0,2000.0,Last week,,Population bulletin: weekly 5 January 2024,https://assets.publishing.service.gov.uk/media/6597e687c23a1000128d0bbf/PSWEBREPORT.ods,raw/weekly/6597e687c23a1000128d0bbf_PSWEBREPORT.ods,
2023-12-29,2023-12-29,2023-12-29,,A2,Headlines-PUBLISHED,87216.0,,,,3529.0,,83687.0,88987.0,,,,,,,2227.0,1350.0,,,,87175.0,88987.0,1350.0,82176.0,84385.0,2000.0,Last week,,Population bulletin: weekly 29 December 2023 ,https://assets.publishing.service.gov.uk/media/658e98b680a3bb000d9d05c8/prison_pop_report_29_dec.ods,raw/weekly/658e98b680a3bb000d9d05c8_prison_pop_report_29_dec.ods,
2023-12-22,2023-12-22,2023-12-22,,A2,Headlines-PUBLISHED,87175.0,,,,3531.0,,83644.0,88987.0,,,,,,,2237.0,1350.0,,,,87560.0,88976.0,1350.0,82452.0,84385.0,2000.0,Last week,,Population bulletin: weekly 22 December 2023 ,https://assets.publishing.service.gov.uk/media/658562b0fc07f3000d8d46d4/PSWEBREPORT.ods,raw/weekly/658562b0fc07f3000d8d46d4_PSWEBREPORT.ods,
2023-12-15,2023-12-15,2023-12-15,,A2,Headlines-PUBLISHED,87560.0,,,,3565.0,,83995.0,88976.0,,,,,,,2233.0,1350.0,,,,87864.0,88981.0,1350.0,82668.0,84332.0,2000.0,Last week,,Population bulletin: weekly 15 December 2023 ,https://assets.publishing.service.gov.uk/media/657c1eff254aaa000d050e16/prison-pop-15-dec-2023.ods,raw/weekly/657c1eff254aaa000d050e16_prison-pop-15-dec-2023.ods,
2023-12-08,2023-12-08,2023-12-08,,A2,Headlines-PUBLISHED,87864.0,,,,3576.0,,84288.0,88981.0,,,,,,,2231.0,1350.0,,,,87891.0,88925.0,1350.0,82832.0,84211.0,2000.0,Last week,,Population bulletin: weekly 8 December 2023,https://assets.publishing.service.gov.uk/media/6572ed2e58fa300013b1410d/prison-pop-8-dec-2023.ods,raw/weekly/6572ed2e58fa300013b1410d_prison-pop-8-dec-2023.ods,
2023-12-01,2023-12-01,2023-12-01,,A2,Headlines-PUBLISHED,87891.0,,,,3612.0,,84279.0,88925.0,,,,,,,2239.0,1350.0,,,,87930.0,88924.0,1350.0,82896.0,84148.0,2000.0,Last week,,Population bulletin: weekly 1 December 2023,https://assets.publishing.service.gov.uk/media/6569a9a2cc1ec500138ef01b/prison-pop-1-dec-2023.ods,raw/weekly/6569a9a2cc1ec500138ef01b_prison-pop-1-dec-2023.ods,
2023-11-24,2023-11-24,2023-11-24,,A2,Headlines-PUBLISHED,87930.0,,,,3609.0,,84321.0,88924.0,,,,,,,2219.0,1350.0,,,,87744.0,88894.0,1350.0,82839.0,84035.0,2000.0,Last week,,Population bulletin: weekly 24 November 2023,https://assets.publishing.service.gov.uk/media/656061021fd90c000dac3b1a/prison-pop-24-november-2023.ods,raw/weekly/656061021fd90c000dac3b1a_prison-pop-24-november-2023.ods,
2023-11-17,2023-11-17,2023-11-17,,A2,Headlines-PUBLISHED,87744.0,,,,3595.0,,84149.0,88894.0,,,,,,,2223.0,1350.0,,,,87704.0,88943.0,1350.0,82691.0,83918.0,2000.0,Last week,,Population bulletin: weekly 17 November 2023,https://assets.publishing.service.gov.uk/media/65573882544aea000dfb2f1b/prison-pop-17-november-2023.ods,raw/weekly/65573882544aea000dfb2f1b_prison-pop-17-november-2023.ods,
2023-11-10,2023-11-10,2023-11-10,,A2,Headlines-PUBLISHED,87704.0,,,,3603.0,,84101.0,88943.0,,,,,,,2188.0,1350.0,,,,87764.0,88970.0,1350.0,82379.0,83807.0,2000.0,Last week,,Population bulletin: weekly 10 November 2023,https://assets.publishing.service.gov.uk/media/654dec55014cc900106773b0/prison-pop-10-november-2023.ods,raw/weekly/654dec55014cc900106773b0_prison-pop-10-november-2023.ods,
2023-11-03,2023-11-03,2023-11-03,,A2,Headlines-PUBLISHED,87764.0,,,,3596.0,,84168.0,88970.0,,,,,,,2177.0,1340.0,,,,87801.0,88945.0,1340.0,82161.0,83689.0,2000.0,Last week,,Population bulletin: weekly 3 November 2023,https://assets.publishing.service.gov.uk/media/6544bf46d36c91000d935d0c/prison-pop-3-november-2023.ods,raw/weekly/6544bf46d36c91000d935d0c_prison-pop-3-november-2023.ods,
2023-10-27,2023-10-27,2023-10-27,,A2,Headlines-PUBLISHED,87801.0,,,,3607.0,,84194.0,88945.0,,,,,,,2127.0,1340.0,,,,88126.0,88890.0,1340.0,82063.0,83687.0,2000.0,Last week,,Population bulletin: weekly 27 October 2023,https://assets.publishing.service.gov.uk/media/653b73f4d10f35000d9a6a6a/prison-pop-27-october-2023.ods,raw/weekly/653b73f4d10f35000d9a6a6a_prison-pop-27-october-2023.ods,
2023-10-20,2023-10-20,2023-10-20,,A2,Headlines-PUBLISHED,88126.0,,,,3622.0,,84504.0,88890.0,,,,,,,2078.0,1340.0,,,,88225.0,88782.0,1340.0,81866.0,83695.0,2000.0,Last week,,Population bulletin: weekly 20 October 2023,https://assets.publishing.service.gov.uk/media/6532574a26b9b1000faf1c77/prison-pop-20-october-2023.ods,raw/weekly/6532574a26b9b1000faf1c77_prison-pop-20-october-2023.ods,
2023-10-13,2023-10-13,2023-10-13,,A2,Headlines-PUBLISHED,88225.0,,,,3621.0,,84604.0,88782.0,,,,,,,2049.0,1340.0,,,,88016.0,88667.0,1340.0,81636.0,83738.0,2000.0,Last week,,Population bulletin: weekly 13 October 2023,https://assets.publishing.service.gov.uk/media/65290a31244f8e00138e752b/prison-pop-13-october-2023.ods,raw/weekly/65290a31244f8e00138e752b_prison-pop-13-october-2023.ods,
2023-10-06,2023-10-06,2023-10-06,,A2,Headlines-PUBLISHED,88016.0,,,,3604.0,,84412.0,88667.0,,,,,,,2022.0,1340.0,,,,87793.0,88561.0,1340.0,81423.0,83684.0,2000.0,Last week,,Population bulletin: weekly 6 October 2023,https://assets.publishing.service.gov.uk/media/651fc80579fc580014639701/prison-pop-06-october-2023.ods,raw/weekly/651fc80579fc580014639701_prison-pop-06-october-2023.ods,
2023-09-29,2023-09-29,2023-09-29,,A2,Headlines-PUBLISHED,87793.0,,,,3592.0,,84201.0,88561.0,,,,,,,2012.0,1480.0,,,,87685.0,88314.0,1480.0,81309.0,83723.0,2000.0,Last week,,Population bulletin: weekly 29 September 2023,https://assets.publishing.service.gov.uk/media/65168c5c7c2c4a001395e224/prison-pop-29-sept--2023.ods,raw/weekly/65168c5c7c2c4a001395e224_prison-pop-29-sept--2023.ods,
2023-09-22,2023-09-22,2023-09-22,,A2,Headlines-PUBLISHED,87685.0,,,,3594.0,,84091.0,88314.0,,,,,,,2007.0,1480.0,,,,87423.0,88222.0,1480.0,81348.0,83682.0,2000.0,Last week,,Population bulletin: weekly 22 September 2023,https://assets.publishing.service.gov.uk/media/650d565dfbd7bc000de54807/prison-pop-22-september-2023.ods,raw/weekly/650d565dfbd7bc000de54807_prison-pop-22-september-2023.ods,
2023-09-15,2023-09-15,2023-09-15,,A2,Headlines-PUBLISHED,87423.0,,,,3575.0,,83848.0,88222.0,,,,,,,2025.0,1480.0,,,,87128.0,88115.0,1480.0,81462.0,83551.0,2000.0,Last week,,Population bulletin: weekly 15 September 2023,https://assets.publishing.service.gov.uk/media/65041060702634000d89b8fe/prison-pop-15-september-2023.ods,raw/weekly/65041060702634000d89b8fe_prison-pop-15-september-2023.ods,
2023-09-08,2023-09-08,2023-09-08,,A2,Headlines-PUBLISHED,87128.0,,,,3538.0,,83590.0,88115.0,,,,,,,2027.0,1480.0,,,,87124.0,88020.0,1480.0,81405.0,83482.0,2000.0,Last week,,Population bulletin: weekly 8 September 2023,https://assets.publishing.service.gov.uk/media/64fad4defdc5d1000dfce80d/prison-pop-08-sept-2023.ods,raw/weekly/64fad4defdc5d1000dfce80d_prison-pop-08-sept-2023.ods,
2023-09-01,2023-09-01,2023-09-01,,A2,Headlines-PUBLISHED,87124.0,,,,3515.0,,83609.0,88020.0,,,,,,,2061.0,1480.0,,,,87063.0,87891.0,1480.0,81245.0,83381.0,2000.0,Last week,,Population bulletin: weekly 1 September 2023,https://assets.publishing.service.gov.uk/media/64f19b859ee0f2000fb7bd52/prison-pop-01-sept-2023.ods,raw/weekly/64f19b859ee0f2000fb7bd52_prison-pop-01-sept-2023.ods,
2023-08-25,2023-08-25,2023-08-25,,A2,Headlines-PUBLISHED,87063.0,,,,3504.0,,83559.0,87891.0,,,,,,,2068.0,1480.0,,,,87012.0,87812.0,1480.0,81274.0,83017.0,2250.0,Last week,,Population bulletin: weekly 25 August 2023,https://assets.publishing.service.gov.uk/media/64e864a7db1c07001422b43f/prison-pop-25-aug-2023.ods,raw/weekly/64e864a7db1c07001422b43f_prison-pop-25-aug-2023.ods,
2023-08-18,2023-08-18,2023-08-18,,A2,Headlines-PUBLISHED,87012.0,,,,3494.0,,83518.0,87812.0,,,,,,,2058.0,1480.0,,,,86790.0,87734.0,1480.0,81207.0,82999.0,2250.0,Last week,,Population bulletin: weekly 18 August 2023,https://assets.publishing.service.gov.uk/media/64df3c1a3fde61000d4a5487/prison-pop-18-aug-2023.ods,raw/weekly/64df3c1a3fde61000d4a5487_prison-pop-18-aug-2023.ods,
2023-08-11,2023-08-11,2023-08-11,,A2,Headlines-PUBLISHED,86790.0,,,,3477.0,,83313.0,87734.0,,,,,,,2073.0,1480.0,,,,86763.0,87710.0,1480.0,81070.0,83004.0,2250.0,Last week,,Population bulletin: weekly 11 August 2023,https://assets.publishing.service.gov.uk/media/64d5ee75667f34000d05efea/prison-pop-11-aug-2023.ods,raw/weekly/64d5ee75667f34000d05efea_prison-pop-11-aug-2023.ods,
2023-08-04,2023-08-04,2023-08-04,,A2,Headlines-PUBLISHED,86763.0,,,,3482.0,,83281.0,87710.0,,,,,,,2047.0,,,,,86602.0,87573.0,,81051.0,82943.0,,Last week,,Population bulletin: weekly 4 August 2023,https://assets.publishing.service.gov.uk/media/64ccb489995827000dc1e8e2/prison-population-4-august-2023.ods,raw/weekly/64ccb489995827000dc1e8e2_prison-population-4-august-2023.ods,
2023-07-28,2023-07-28,2023-07-28,,A2,Headlines-PUBLISHED,86602.0,,,,3450.0,,83152.0,87573.0,,,,,,,2072.0,,,,,86498.0,87408.0,,80984.0,82899.0,,Last week,,Population bulletin: weekly 28 July 2023,https://assets.publishing.service.gov.uk/media/64c378257aea5b00126a8dbc/prison-population-28-july-2023.ods,raw/weekly/64c378257aea5b00126a8dbc_prison-population-28-july-2023.ods,
2023-07-21,2023-07-21,2023-07-21,,A2,Headlines-PUBLISHED,86498.0,,,,3429.0,,83069.0,87408.0,,,,,,,2079.0,,,,,86344.0,87097.0,,80784.0,82831.0,,Last week,,Population bulletin: weekly 21 July 2023,https://assets.publishing.service.gov.uk/media/64ba43ff2059dc00125d274a/prison-population-21-july-2023.ods,raw/weekly/64ba43ff2059dc00125d274a_prison-population-21-july-2023.ods,
2023-07-14,2023-07-14,2023-07-14,,A2,Headlines-PUBLISHED,86344.0,,,,3405.0,,82939.0,87097.0,,,,,,,2100.0,,,,,86035.0,86989.0,,80819.0,82838.0,,Last week,,Population bulletin: weekly 14 July 2023,https://assets.publishing.service.gov.uk/media/64b108fa8bc29f00132ccded/prison-pop-14-july-2023.ods,raw/weekly/64b108fa8bc29f00132ccded_prison-pop-14-july-2023.ods,
2023-07-07,2023-07-07,2023-07-07,,A2,Headlines-PUBLISHED,86035.0,,,,3393.0,,82642.0,86989.0,,,,,,,2124.0,,,,,85851.0,86859.0,,80769.0,82960.0,,Last week,,Population bulletin: weekly 7 July 2023,https://assets.publishing.service.gov.uk/media/64a7c6c07a4c23000cbba342/prison-pop-7-july-2023.ods,raw/weekly/64a7c6c07a4c23000cbba342_prison-pop-7-july-2023.ods,
2023-06-30,2023-06-30,2023-06-30,,A2,Headlines-PUBLISHED,85851.0,,,,3370.0,,82481.0,86859.0,,,,,,,2117.0,,,,,85572.0,86709.0,,80726.0,82967.0,,Last week,,Population bulletin: weekly 30 June 2023,https://assets.publishing.service.gov.uk/media/649e975106179b00113f75b3/prison-pop-30-june-2023.ods,raw/weekly/649e975106179b00113f75b3_prison-pop-30-june-2023.ods,
2023-06-23,2023-06-23,2023-06-23,,A2,Headlines-PUBLISHED,85572.0,,,,3375.0,,82197.0,86709.0,,,,,,,2117.0,,,,,85420.0,86644.0,,80476.0,82759.0,,Last week,,Population bulletin: weekly 23 June 2023,https://assets.publishing.service.gov.uk/media/649555b8de86820013bc8cc3/prison-pop-23-june-2023.ods,raw/weekly/649555b8de86820013bc8cc3_prison-pop-23-june-2023.ods,
2023-06-16,2023-06-16,2023-06-16,,A2,Headlines-PUBLISHED,85420.0,,,,3333.0,,82087.0,86644.0,,,,,,,2109.0,,,,,85246.0,86392.0,,80360.0,82685.0,,Last week,,Population bulletin: weekly 16 June 2023,https://assets.publishing.service.gov.uk/media/648c1bb1103ca6000c039fd1/prison-pop-16-june-2023.ods,raw/weekly/648c1bb1103ca6000c039fd1_prison-pop-16-june-2023.ods,
2023-06-09,2023-06-09,2023-06-09,,A2,Headlines-PUBLISHED,85246.0,,,,3353.0,,81893.0,86392.0,,,,,,,2059.0,,,,,85407.0,86306.0,,80115.0,82676.0,,Last week,,Population bulletin: weekly 9 June 2023,https://assets.publishing.service.gov.uk/media/6482f38b5f7bb700127fa756/prison-pop-9-jun-2023.ods,raw/weekly/6482f38b5f7bb700127fa756_prison-pop-9-jun-2023.ods,
2023-06-02,2023-06-02,2023-06-02,,A2,Headlines-PUBLISHED,85407.0,,,,3368.0,,82039.0,86306.0,,,,,,,1820.0,,,,,85415.0,86201.0,,79787.0,82546.0,,Last week,,Population bulletin: weekly 2 June 2023,https://assets.publishing.service.gov.uk/media/647a2488103ca600130398d7/prison-population-2-june-2023.ods,raw/weekly/647a2488103ca600130398d7_prison-population-2-june-2023.ods,
2023-05-26,2023-05-26,2023-05-26,,A2,Headlines-PUBLISHED,85415.0,,,,3362.0,,82053.0,86201.0,,,,,,,1802.0,,,,,85193.0,86150.0,,80185.0,82505.0,,Last week,,Population bulletin: weekly 26 May 2023,https://assets.publishing.service.gov.uk/media/64707b894a892b0013746bea/prison-pop-26-may-2023.ods,raw/weekly/64707b894a892b0013746bea_prison-pop-26-may-2023.ods,
2023-05-19,2023-05-19,2023-05-19,,A2,Headlines-PUBLISHED,85193.0,,,,3363.0,,81830.0,86150.0,,,,,,,1794.0,,,,,84940.0,86124.0,,80030.0,82447.0,,Last week,,Population bulletin: weekly 19 May 2023,https://assets.publishing.service.gov.uk/media/6467337016c976000c9a25fe/prison-pop-19-may-2023.ods,raw/weekly/6467337016c976000c9a25fe_prison-pop-19-may-2023.ods,
2023-05-12,2023-05-12,2023-05-12,,A2,Headlines-PUBLISHED,84940.0,,,,3322.0,,81618.0,86124.0,,,,,,,1801.0,,,,,84772.0,85992.0,,79927.0,82386.0,,Last week,,Population bulletin: weekly 12 May 2023,https://assets.publishing.service.gov.uk/media/645df9532c06a30013c05be0/prison-pop-12-may-2023.ods,raw/weekly/645df9532c06a30013c05be0_prison-pop-12-may-2023.ods,
2023-05-05,2023-05-05,2023-05-05,,A2,Headlines-PUBLISHED,84772.0,,,,3329.0,,81443.0,85992.0,,,,,,,1828.0,,,,,84658.0,85855.0,,79746.0,82344.0,,Last week,,Population bulletin: weekly 5 May 2023,https://assets.publishing.service.gov.uk/media/6454b676faf4aa0012e13385/prison-pop-5-may-2023.ods,raw/weekly/6454b676faf4aa0012e13385_prison-pop-5-may-2023.ods,
2023-04-28,2023-04-28,2023-04-28,,A2,Headlines-PUBLISHED,84658.0,,,,3323.0,,81335.0,85855.0,,,,,,,1809.0,,,,,84539.0,85615.0,,79729.0,82326.0,,Last week,,Population bulletin: weekly 28 April 2023,https://assets.publishing.service.gov.uk/media/644b89372f62220013a6a24a/prison-pop-28-april-2023.ods,raw/weekly/644b89372f62220013a6a24a_prison-pop-28-april-2023.ods,
2023-04-21,2023-04-21,2023-04-21,,A2,Headlines-PUBLISHED,84539.0,,,,3349.0,,81190.0,85615.0,,,,,,,1819.0,,,,,84436.0,85552.0,,79569.0,82313.0,,Last week,,Population bulletin: weekly 21 April 2023,https://assets.publishing.service.gov.uk/media/64423ee98b86bb000cf1b68d/prison-pop-21-april-2023.ods,raw/weekly/64423ee98b86bb000cf1b68d_prison-pop-21-april-2023.ods,
2023-04-14,2023-04-14,2023-04-14,,A2,Headlines-PUBLISHED,84436.0,,,,3348.0,,81088.0,85552.0,,,,,,,1813.0,,,,,,,,,,,Last week,,Population bulletin: weekly 14 April 2023,https://assets.publishing.service.gov.uk/media/643914e78b86bb0013f1b210/prison-population-14-april-2023.ods,raw/weekly/643914e78b86bb0013f1b210_prison-population-14-april-2023.ods,
2023-03-31,2023-03-31,2023-03-31,,A2,Headlines-PUBLISHED,84372.0,,,,3315.0,,81057.0,85503.0,,,,,,,1862.0,,,,,84230.0,85354.0,,79790.0,82092.0,,Last week,,Population bulletin: weekly 31 March 2023,https://assets.publishing.service.gov.uk/media/6426aa65ddf8ad0013ac0b1b/prison-population-31-march-2023.ods.ods,raw/weekly/6426aa65ddf8ad0013ac0b1b_prison-population-31-march-2023.ods.ods,
2023-03-24,2023-03-24,2023-03-24,,A2,Headlines-PUBLISHED,84230.0,,,,3324.0,,80906.0,85354.0,,,,,,,1861.0,,,,,84180.0,85280.0,,79744.0,81752.0,,Last week,,Population bulletin: weekly 24 March 2023,https://assets.publishing.service.gov.uk/media/641d6ec132a8e00012fa9380/prison-pop-24-March-2023.ods,raw/weekly/641d6ec132a8e00012fa9380_prison-pop-24-March-2023.ods,
2023-03-17,2023-03-17,2023-03-17,,A2,Headlines-PUBLISHED,84180.0,,,,3317.0,,80863.0,85280.0,,,,,,,1859.0,,,,,84137.0,85215.0,,79808.0,81680.0,,Last week,,Population bulletin: weekly 17 March 2023,https://assets.publishing.service.gov.uk/media/6414468fe90e0776943ea599/prison-pop-17-March-2023.ods,raw/weekly/6414468fe90e0776943ea599_prison-pop-17-March-2023.ods,
2023-03-10,2023-03-10,2023-03-10,,A2,Headlines-PUBLISHED,84137.0,,,,3308.0,,80829.0,85215.0,,,,,,,1838.0,,,,,83990.0,85132.0,,79679.0,81635.0,,Last week,,Population bulletin: weekly 10 March 2023 ,https://assets.publishing.service.gov.uk/media/640af6e3d3bf7f02f37931e0/prison-pop-10-March-2023.ods,raw/weekly/640af6e3d3bf7f02f37931e0_prison-pop-10-March-2023.ods,
2023-03-03,2023-03-03,2023-03-03,,A2,Headlines-PUBLISHED,83990.0,,,,3313.0,,80677.0,85132.0,,,,,,,1847.0,,,,,83844.0,85063.0,,79715.0,81538.0,,Last week,,Population bulletin: weekly 3 March 2023 ,https://assets.publishing.service.gov.uk/media/6401bedce90e0740d715a299/prison-pop-3-March-2023.ods,raw/weekly/6401bedce90e0740d715a299_prison-pop-3-March-2023.ods,
2023-02-24,2023-02-24,2023-02-24,,A2,Headlines-PUBLISHED,83844.0,,,,3308.0,,80536.0,85063.0,,,,,,,1821.0,,,,,83687.0,84844.0,,79724.0,81537.0,,Last week,,Population bulletin: weekly 24 February 2023 ,https://assets.publishing.service.gov.uk/media/63f8c587d3bf7f25f33910c2/prison-pop-24-february-2023.ods,raw/weekly/63f8c587d3bf7f25f33910c2_prison-pop-24-february-2023.ods,
2023-02-17,2023-02-17,2023-02-17,,A2,Headlines-PUBLISHED,83687.0,,,,3289.0,,80398.0,84844.0,,,,,,,1831.0,,,,,83469.0,84733.0,,79721.0,81451.0,,Last week,,Population bulletin: weekly 17 February 2023,https://assets.publishing.service.gov.uk/media/63ef4893d3bf7f62eaaf2e31/prison-pop-17-feb-2023.ods,raw/weekly/63ef4893d3bf7f62eaaf2e31_prison-pop-17-feb-2023.ods,
2023-02-10,2023-02-10,2023-02-10,,A2,Headlines-PUBLISHED,83469.0,,,,3279.0,,80190.0,84733.0,,,,,,,1845.0,,,,,83188.0,84607.0,,79765.0,81368.0,,Last week,,Population bulletin: weekly 10 February 2023 ,https://assets.publishing.service.gov.uk/media/63e611eb8fa8f5051973c232/prison-pop-10-february-2023.ods,raw/weekly/63e611eb8fa8f5051973c232_prison-pop-10-february-2023.ods,
2023-02-03,2023-02-03,2023-02-03,,A2,Headlines-PUBLISHED,83188.0,,,,3273.0,,79915.0,84607.0,,,,,,,1833.0,,,,,82792.0,84548.0,,79623.0,81374.0,,Last week,,Population bulletin: weekly 3 February 2023 ,https://assets.publishing.service.gov.uk/media/63dcd1c3e90e075d9b17db47/prison-pop-3-february-2023.ods,raw/weekly/63dcd1c3e90e075d9b17db47_prison-pop-3-february-2023.ods,
2023-01-27,2023-01-27,2023-01-27,,A2,Headlines-PUBLISHED,82792.0,,,,3237.0,,79555.0,84548.0,,,,,,,1863.0,,,,,82538.0,84478.0,,79412.0,81292.0,,Last week,,Population bulletin: weekly 27 January 2023,https://assets.publishing.service.gov.uk/media/63d393efd3bf7f200dd9921d/prison-pop-27-jan-2023.ods,raw/weekly/63d393efd3bf7f200dd9921d_prison-pop-27-jan-2023.ods,
2023-01-20,2023-01-20,2023-01-20,,A2,Headlines-PUBLISHED,82538.0,,,,3227.0,,79311.0,84478.0,,,,,,,1885.0,,,,,82358.0,84430.0,,79303.0,81181.0,,Last week,,Population bulletin: weekly 20 January 2023,https://assets.publishing.service.gov.uk/media/63ca5e04e90e0707151e068c/prison-population-20-jan-2023.ods,raw/weekly/63ca5e04e90e0707151e068c_prison-population-20-jan-2023.ods,
2023-01-13,2023-01-13,2023-01-13,,A2,Headlines-PUBLISHED,82358.0,,,,3167.0,,79191.0,84430.0,,,,,,,1900.0,,,,,82212.0,84431.0,,79193.0,81216.0,,Last week,,Population bulletin: weekly 13 January 2023,https://assets.publishing.service.gov.uk/media/63c12292e90e07706f39c43d/prison-population-13-jan-2023.ods,raw/weekly/63c12292e90e07706f39c43d_prison-population-13-jan-2023.ods,
2023-01-06,2023-01-06,2023-01-06,,A2,Headlines-PUBLISHED,82212.0,,,,3136.0,,79076.0,84431.0,,,,,,,1903.0,,,,,82176.0,84385.0,,79086.0,81291.0,,Last week,,Population bulletin: weekly 6 January 2023,https://assets.publishing.service.gov.uk/media/63b7f991e90e07302cd0e3bb/population-bulletin-060123.ods,raw/weekly/63b7f991e90e07302cd0e3bb_population-bulletin-060123.ods,
2022-12-30,2022-12-30,2022-12-30,,A2,Headlines-PUBLISHED,82176.0,,,,3140.0,,79036.0,84385.0,,,,,,,1955.0,,,,,82452.0,84385.0,,79092.0,81195.0,,Last week,,Population bulletin: weekly 30 December 2022,https://assets.publishing.service.gov.uk/media/63b41de68fa8f5735809f648/population-bulletin-301222.ods,raw/weekly/63b41de68fa8f5735809f648_population-bulletin-301222.ods,
2022-12-23,2022-12-23,2022-12-23,,A2,Headlines-PUBLISHED,82452.0,,,,3171.0,,79281.0,84385.0,,,,,,,1983.0,,,,,82668.0,84332.0,,79249.0,81195.0,,Last week,,Population bulletin: weekly 23 December 2022,https://assets.publishing.service.gov.uk/media/63a577dad3bf7f7081d1d05a/prison-population-23-dec-2022.ods,raw/weekly/63a577dad3bf7f7081d1d05a_prison-population-23-dec-2022.ods,
2022-12-16,2022-12-16,2022-12-16,,A2,Headlines-PUBLISHED,82668.0,,,,3196.0,,79472.0,84332.0,,,,,,,1952.0,,,,,82832.0,84211.0,,79446.0,81224.0,,Last week,,Population bulletin: weekly 16 December 2022,https://assets.publishing.service.gov.uk/media/639c386d8fa8f50662f41124/prison-pop-16-dec-2022.ods,raw/weekly/639c386d8fa8f50662f41124_prison-pop-16-dec-2022.ods,
2022-12-09,2022-12-09,2022-12-09,,A2,Headlines-PUBLISHED,82832.0,,,,3222.0,,79610.0,84211.0,,,,,,,1933.0,,,,,82896.0,84148.0,,79545.0,81204.0,,Last week,,Population bulletin: weekly 9 December 2022,https://assets.publishing.service.gov.uk/media/6393093de90e0769b8cf0cfd/prison-population-9-december-2022.ods,raw/weekly/6393093de90e0769b8cf0cfd_prison-population-9-december-2022.ods,
2022-12-02,2022-12-02,2022-12-02,,A2,Headlines-PUBLISHED,82896.0,,,,3230.0,,79666.0,84148.0,,,,,,,1965.0,,,,,82839.0,84035.0,,79643.0,81128.0,,Last week,,Population bulletin: weekly 2 December 2022,https://assets.publishing.service.gov.uk/media/6389c5148fa8f569fd5c4c71/prison-population-2-december-2022.ods,raw/weekly/6389c5148fa8f569fd5c4c71_prison-population-2-december-2022.ods,
2022-11-25,2022-11-25,2022-11-25,,A2,Headlines-PUBLISHED,82839.0,,,,3254.0,,79585.0,84035.0,,,,,,,1967.0,,,,,82691.0,83918.0,,79685.0,80880.0,,Last week,,Population bulletin: weekly 25 November 2022,https://assets.publishing.service.gov.uk/media/63808b34d3bf7f1541cf497e/prison-pop-25-nov-2022.ods,raw/weekly/63808b34d3bf7f1541cf497e_prison-pop-25-nov-2022.ods,
2022-11-18,2022-11-18,2022-11-18,,A2,Headlines-PUBLISHED,82691.0,,,,3247.0,,79444.0,83918.0,,,,,,,1974.0,,,,,82379.0,83807.0,,79580.0,80904.0,,Last week,,Population bulletin: weekly 18 November 2022,https://assets.publishing.service.gov.uk/media/63774f838fa8f5771cd8de4e/prison-pop-18-nov-2022.ods,raw/weekly/63774f838fa8f5771cd8de4e_prison-pop-18-nov-2022.ods,
2022-11-11,2022-11-11,2022-11-11,,A2,Headlines-PUBLISHED,82379.0,,,,3221.0,,79158.0,83807.0,,,,,,,1993.0,,,,,82161.0,83689.0,,79401.0,80886.0,,Last week,,Population bulletin: weekly 11 November 2022,https://assets.publishing.service.gov.uk/media/636e1dd0e90e07618e6ae556/prison-pop-11-nov-2022.ods,raw/weekly/636e1dd0e90e07618e6ae556_prison-pop-11-nov-2022.ods,
2022-11-04,2022-11-04,2022-11-04,,A2,Headlines-PUBLISHED,82161.0,,,,3202.0,,78959.0,83689.0,,,,,,,1988.0,,,,,82063.0,83687.0,,79284.0,80897.0,,Last week,,Population bulletin: weekly 4 November 2022,https://assets.publishing.service.gov.uk/media/6364edc9d3bf7f388d8b92ff/prison-population-4-november-2022.ods,raw/weekly/6364edc9d3bf7f388d8b92ff_prison-population-4-november-2022.ods,
2022-10-28,2022-10-28,2022-10-28,,A2,Headlines-PUBLISHED,82063.0,,,,3234.0,,78829.0,83687.0,,,,,,,1985.0,,,,,81866.0,83695.0,,79380.0,80852.0,,Last week,,Population bulletin: weekly 28 October 2022,https://assets.publishing.service.gov.uk/media/6364f614e90e0734660680be/prison-population-28-october-2022.ods,raw/weekly/6364f614e90e0734660680be_prison-population-28-october-2022.ods,
2022-10-21,2022-10-21,2022-10-21,,A2,Headlines-PUBLISHED,81866.0,,,,3242.0,,78624.0,83695.0,,,,,,,1998.0,,,,,81636.0,83738.0,,79221.0,80868.0,,Last week,,Population bulletin: weekly 21 October 2022,https://assets.publishing.service.gov.uk/media/6364f60e8fa8f57a1f006c48/prison-population-21-october-2022.ods,raw/weekly/6364f60e8fa8f57a1f006c48_prison-population-21-october-2022.ods,
2022-10-14,2022-10-14,2022-10-14,,A2,Headlines-PUBLISHED,81636.0,,,,3225.0,,78411.0,83738.0,,,,,,,1996.0,,,,,81423.0,83684.0,,79033.0,80877.0,,Last week,,Population bulletin: weekly 14 October 2022,https://assets.publishing.service.gov.uk/media/6364f6068fa8f57a25fcb4fd/prison-pop-14-oct-2022.ods,raw/weekly/6364f6068fa8f57a25fcb4fd_prison-pop-14-oct-2022.ods,
2022-10-07,2022-10-07,2022-10-07,,A2,Headlines-PUBLISHED,81423.0,,,,3172.0,,78251.0,83684.0,,,,,,,2038.0,,,,,81309.0,83723.0,,78930.0,80933.0,,Last week,,Population bulletin: weekly 7 October 2022,https://assets.publishing.service.gov.uk/media/6364f5fb8fa8f57a2872f320/prison-population-7-october-2022.ods,raw/weekly/6364f5fb8fa8f57a2872f320_prison-population-7-october-2022.ods,
2022-09-30,2022-09-30,2022-09-30,,A2,Headlines-PUBLISHED,81309.0,,,,3179.0,,78130.0,83723.0,,,,,,,2055.0,,,,,81348.0,83682.0,,78789.0,80855.0,,Last week,,Population bulletin: weekly 30 September 2022,https://assets.publishing.service.gov.uk/media/6336ab54d3bf7f34f5e5d829/prison-pop-30-sept-2022.ods,raw/weekly/6336ab54d3bf7f34f5e5d829_prison-pop-30-sept-2022.ods,
2022-09-23,2022-09-23,2022-09-23,,A2,Headlines-PUBLISHED,81348.0,,,,3187.0,,78161.0,83682.0,,,,,,,2063.0,,,,,81462.0,83551.0,,78830.0,80778.0,,Last week,,Population bulletin: weekly 23 September 2022,https://assets.publishing.service.gov.uk/media/632d7611e90e0711d903e0ac/population-bulletin-230922.ods,raw/weekly/632d7611e90e0711d903e0ac_population-bulletin-230922.ods,
2022-09-16,2022-09-16,2022-09-16,,A2,Headlines-PUBLISHED,81462.0,,,,3223.0,,78239.0,83551.0,,,,,,,2071.0,,,,,81405.0,83482.0,,78768.0,80748.0,,Last week,,Population bulletin: weekly 16 September 2022,https://assets.publishing.service.gov.uk/media/632429aad3bf7f1bf90fd7e3/prison-pop-16-sep-2022.ods,raw/weekly/632429aad3bf7f1bf90fd7e3_prison-pop-16-sep-2022.ods,
2022-09-09,2022-09-09,2022-09-09,,A2,Headlines-PUBLISHED,81405.0,,,,3175.0,,78230.0,83482.0,,,,,,,2098.0,,,,,81245.0,83381.0,,78743.0,80760.0,,Last week,,Population bulletin: weekly 9 September 2022,https://assets.publishing.service.gov.uk/media/631ef3788fa8f50204574ead/prison-pop-9-sept-2022.ods,raw/weekly/631ef3788fa8f50204574ead_prison-pop-9-sept-2022.ods,
2022-09-02,2022-09-02,2022-09-02,,A2,Headlines-PUBLISHED,81245.0,,,,3171.0,,78074.0,83381.0,,,,,,,2104.0,,,,,81274.0,83017.0,,78711.0,80709.0,,Last week,,Population bulletin: weekly 2 September 2022,https://assets.publishing.service.gov.uk/media/6311e9c6d3bf7f4cb0841bf0/prison-pop-2-sept-2022.ods,raw/weekly/6311e9c6d3bf7f4cb0841bf0_prison-pop-2-sept-2022.ods,
2022-08-26,2022-08-26,2022-08-26,,A2,Headlines-PUBLISHED,81274.0,,,,3203.0,,78070.0,83017.0,,,,,,,2099.0,,,,,81207.0,82999.0,,78750.0,80641.0,,Last week,,Population bulletin: weekly 26 August 2022,https://assets.publishing.service.gov.uk/media/6308ade58fa8f55368a16180/population-bulletin-260822.ods,raw/weekly/6308ade58fa8f55368a16180_population-bulletin-260822.ods,
2022-08-19,2022-08-19,2022-08-19,,A2,Headlines-PUBLISHED,81207.0,,,,3205.0,,78002.0,82999.0,,,,,,,2121.0,,,,,81070.0,83004.0,,78832.0,80641.0,,Last week,,Population bulletin: weekly 19 August 2022,https://assets.publishing.service.gov.uk/media/62ff4ebfe90e0703d72f2d55/prison-pop-19-august-2022.ods,raw/weekly/62ff4ebfe90e0703d72f2d55_prison-pop-19-august-2022.ods,
2022-08-12,2022-08-12,2022-08-12,,A2,Headlines-PUBLISHED,81070.0,,,,3213.0,,77857.0,83004.0,,,,,,,2139.0,,,,,81051.0,82943.0,,78793.0,80590.0,,Last week,,Population bulletin: weekly 12 August 2022,https://assets.publishing.service.gov.uk/media/62f6180ce90e076cfbb57bfd/prison-pop-12-august-2022.ods,raw/weekly/62f6180ce90e076cfbb57bfd_prison-pop-12-august-2022.ods,
2022-08-05,2022-08-05,2022-08-05,,A2,Headlines-PUBLISHED,81051.0,,,,3210.0,,77841.0,82943.0,,,,,,,2141.0,,,,,80984.0,82899.0,,78616.0,80568.0,,Last week,,Population bulletin: weekly 5 August 2022,https://assets.publishing.service.gov.uk/media/62ecfb39d3bf7f75b4b5ff78/population-bulletin-050822.ods,raw/weekly/62ecfb39d3bf7f75b4b5ff78_population-bulletin-050822.ods,
2022-07-29,2022-07-29,2022-07-29,,A2,Headlines-PUBLISHED,80984.0,,,,3206.0,,77778.0,82899.0,,,,,,,2140.0,,,,,80784.0,82831.0,,78488.0,80653.0,,Last week,,Population bulletin: weekly 29 July 2022,https://assets.publishing.service.gov.uk/media/62e3b29be90e07142da017ac/population-bulletin-290722.ods,raw/weekly/62e3b29be90e07142da017ac_population-bulletin-290722.ods,
2022-07-22,2022-07-22,2022-07-22,,A2,Headlines-PUBLISHED,80784.0,,,,3195.0,,77589.0,82831.0,,,,,,,2138.0,,,,,80819.0,82838.0,,78353.0,81142.0,,Last week,,Population bulletin: weekly 22 July 2022,https://assets.publishing.service.gov.uk/media/62da56cbd3bf7f28643ca521/prison-pop-22-july-2022.ods,raw/weekly/62da56cbd3bf7f28643ca521_prison-pop-22-july-2022.ods,
2022-07-15,2022-07-15,2022-07-15,,A2,Headlines-PUBLISHED,80819.0,,,,3219.0,,77600.0,82838.0,,,,,,,2140.0,,,,,80769.0,82960.0,,78445.0,81165.0,,Last week,,Population bulletin: weekly 15 July 2022,https://assets.publishing.service.gov.uk/media/62d11961e90e071e7a0748e7/prison-pop-15-jul-2022.ods,raw/weekly/62d11961e90e071e7a0748e7_prison-pop-15-jul-2022.ods,
2022-07-08,2022-07-08,2022-07-08,,A2,Headlines-PUBLISHED,80769.0,,,,3218.0,,77551.0,82960.0,,,,,,,2125.0,,,,,80726.0,82967.0,,78489.0,81138.0,,Last week,,Population bulletin: weekly 8 July 2022,https://assets.publishing.service.gov.uk/media/62c7ebf2e90e07748b5929af/prison-pop-8-jul-2022.ods,raw/weekly/62c7ebf2e90e07748b5929af_prison-pop-8-jul-2022.ods,
2022-07-01,2022-07-01,2022-07-01,,A2,Headlines-PUBLISHED,80726.0,,,,3252.0,,77474.0,82967.0,,,,,,,2114.0,,,,,80476.0,82759.0,,78362.0,81109.0,,Last week,,Population bulletin: weekly 1 July 2022,https://assets.publishing.service.gov.uk/media/62beabb7e90e073f5bcff870/prison-population-1-july-2022.ods,raw/weekly/62beabb7e90e073f5bcff870_prison-population-1-july-2022.ods,
2022-06-24,2022-06-24,2022-06-24,,A2,Headlines-PUBLISHED,80476.0,,,,3235.0,,77241.0,82759.0,,,,,,,2075.0,,,,,80360.0,82685.0,,78250.0,81154.0,,Last week,,Population bulletin: weekly 24 June 2022,https://assets.publishing.service.gov.uk/media/62b576248fa8f53579842427/prison-pop-24-june-2022.ods,raw/weekly/62b576248fa8f53579842427_prison-pop-24-june-2022.ods,
2022-06-17,2022-06-17,2022-06-17,,A2,Headlines-PUBLISHED,80360.0,,,,3204.0,,77156.0,82685.0,,,,,,,2058.0,,,,,80115.0,82676.0,,78172.0,81100.0,,Last week,,Population bulletin: weekly 17 June 2022,https://assets.publishing.service.gov.uk/media/62ac3a648fa8f53572e3da8d/prison-pop-17-june-2022.ods,raw/weekly/62ac3a648fa8f53572e3da8d_prison-pop-17-june-2022.ods,
2022-06-10,2022-06-10,2022-06-10,,A2,Headlines-PUBLISHED,80115.0,,,,3181.0,,76934.0,82676.0,,,,,,,2082.0,,,,,,,,78132.0,80638.0,,Last week,,Population bulletin: weekly 10 June 2022,https://assets.publishing.service.gov.uk/media/62a30294d3bf7f036ebf59a8/prison-pop-10-june-2022.ods,raw/weekly/62a30294d3bf7f036ebf59a8_prison-pop-10-june-2022.ods,
2022-05-27,2022-05-27,2022-05-27,,A2,Headlines-PUBLISHED,80185.0,,,,3215.0,,76970.0,82505.0,,,,,,,2106.0,,,,,80030.0,82447.0,,78104.0,80665.0,,Last week,,Population bulletin: weekly 27 May 2022,https://assets.publishing.service.gov.uk/media/62908185d3bf7f0373c74f0f/prison-pop-27-may-2022.ods,raw/weekly/62908185d3bf7f0373c74f0f_prison-pop-27-may-2022.ods,
2022-05-20,2022-05-20,2022-05-20,,A2,Headlines-PUBLISHED,80030.0,,,,3221.0,,76809.0,82447.0,,,,,,,2104.0,,,,,79927.0,82386.0,,78049.0,80689.0,,Last week,,Population bulletin: weekly 20 May 2022,https://assets.publishing.service.gov.uk/media/62874a15d3bf7f1f4469541d/prison-pop-20-may-2022.ods,raw/weekly/62874a15d3bf7f1f4469541d_prison-pop-20-may-2022.ods,
2022-05-13,2022-05-13,2022-05-13,,A2,Headlines-PUBLISHED,79927.0,,,,3230.0,,76697.0,82386.0,,,,,,,2121.0,,,,,79746.0,82344.0,,77916.0,80656.0,,Last week,,Population bulletin: weekly 13 May 2022,https://assets.publishing.service.gov.uk/media/627e15318fa8f53f9ceb4c6a/prison-pop-13-may-2022.ods,raw/weekly/627e15318fa8f53f9ceb4c6a_prison-pop-13-may-2022.ods,
2022-05-06,2022-05-06,2022-05-06,,A2,Headlines-PUBLISHED,79746.0,,,,3231.0,,76515.0,82344.0,,,,,,,2126.0,,,,,79729.0,82326.0,,77773.0,80739.0,,Last week,,Population bulletin: weekly 6 May 2022,https://assets.publishing.service.gov.uk/media/6274e71f8fa8f52072cd240c/population-buletin-060520.ods,raw/weekly/6274e71f8fa8f52072cd240c_population-buletin-060520.ods,
2022-04-29,2022-04-29,2022-04-29,,A2,Headlines-PUBLISHED,79729.0,,,,3199.0,,76530.0,82326.0,,,,,,,2149.0,,,,,79569.0,82313.0,,77859.0,80817.0,,Last week,,Population bulletin: weekly 29 April 2022,https://assets.publishing.service.gov.uk/media/626b9b3e8fa8f57a37b7b2eb/prison-pop-29-apr-2022.ods,raw/weekly/626b9b3e8fa8f57a37b7b2eb_prison-pop-29-apr-2022.ods,
2022-04-22,2022-04-22,2022-04-22,,A2,Headlines-PUBLISHED,79569.0,,,,3189.0,,76380.0,82313.0,,,,,,,2159.0,,,,,,,,77738.0,80870.0,,Last week,,Population bulletin: weekly 22 April 2022,https://assets.publishing.service.gov.uk/media/62625e888fa8f523bae3c6d8/prison-pop-22-apr-2022.ods,raw/weekly/62625e888fa8f523bae3c6d8_prison-pop-22-apr-2022.ods,
2022-04-08,2022-04-08,2022-04-08,,A2,Headlines-PUBLISHED,79742.0,,,,3222.0,,76520.0,82204.0,,,,,,,2182.0,,,,,79790.0,82092.0,,77727.0,80877.0,,Last week,,Population bulletin: weekly 8 April 2022,https://assets.publishing.service.gov.uk/media/624ff92fe90e0729fd14bc43/prison-pop-8-apr-2022.ods,raw/weekly/624ff92fe90e0729fd14bc43_prison-pop-8-apr-2022.ods,
2022-04-01,2022-04-01,2022-04-01,,A2,Headlines-PUBLISHED,79790.0,,,,3240.0,,76550.0,82092.0,,,,,,,2177.0,,,,,79744.0,81752.0,,77517.0,80872.0,,Last week,,Population bulletin: weekly 1 April 2022,https://assets.publishing.service.gov.uk/media/6246ae7de90e075f07426ec6/prison-pop-1-apr-2022.ods,raw/weekly/6246ae7de90e075f07426ec6_prison-pop-1-apr-2022.ods,
2022-03-25,2022-03-25,2022-03-25,,A2,Headlines-PUBLISHED,79744.0,,,,3241.0,,76503.0,81752.0,,,,,,,2165.0,,,,,79808.0,81680.0,,78081.0,80869.0,,Last week,,Population bulletin: weekly 25 March 2022,https://assets.publishing.service.gov.uk/media/623d80f98fa8f52773d769f3/prison-pop-25-march-2022.ods,raw/weekly/623d80f98fa8f52773d769f3_prison-pop-25-march-2022.ods,
2022-03-18,2022-03-18,2022-03-18,,A2,Headlines-PUBLISHED,79808.0,,,,3238.0,,76570.0,81680.0,,,,,,,2129.0,,,,,79679.0,81635.0,,78081.0,80971.0,,Last week,,Population bulletin: weekly 18 March 2022,https://assets.publishing.service.gov.uk/media/623454188fa8f540f6c231c9/prison-pop-18-march-2022.ods,raw/weekly/623454188fa8f540f6c231c9_prison-pop-18-march-2022.ods,
2022-03-11,2022-03-11,2022-03-11,,A2,Headlines-PUBLISHED,79679.0,,,,3234.0,,76445.0,81635.0,,,,,,,2135.0,,,,,79715.0,81538.0,,78044.0,80971.0,,Last week,,Population bulletin: weekly 11 March 2022,https://assets.publishing.service.gov.uk/media/622b0efdd3bf7f5a89aece8d/prison-pop-11-mar-2022.ods,raw/weekly/622b0efdd3bf7f5a89aece8d_prison-pop-11-mar-2022.ods,
2022-03-04,2022-03-04,2022-03-04,,A2,Headlines-PUBLISHED,79715.0,,,,3209.0,,76506.0,81538.0,,,,,,,2142.0,,,,,79724.0,81537.0,,78037.0,81021.0,,Last week,,Population bulletin: weekly 4 March 2022,https://assets.publishing.service.gov.uk/media/6221dd0de90e0710bdc09b23/prison-pop-3-mar-2022.ods,raw/weekly/6221dd0de90e0710bdc09b23_prison-pop-3-mar-2022.ods,
2022-02-25,2022-02-25,2022-02-25,,A2,Headlines-PUBLISHED,79724.0,,,,3202.0,,76522.0,81537.0,,,,,,,2166.0,,,,,79721.0,81451.0,,78015.0,81043.0,,Last week,,Population bulletin: weekly 25 February 2022,https://assets.publishing.service.gov.uk/media/6218a1568fa8f549126751b2/prison-population-25-feb-2022.ods,raw/weekly/6218a1568fa8f549126751b2_prison-population-25-feb-2022.ods,
2022-02-18,2022-02-18,2022-02-18,,A2,Headlines-PUBLISHED,79721.0,,,,3217.0,,76504.0,81451.0,,,,,,,2167.0,,,,,79765.0,81368.0,,77992.0,81058.0,,Last week,,Population bulletin: weekly 18 February 2022,https://assets.publishing.service.gov.uk/media/620f745be90e0710acb25439/population-bulletin-180222.ods,raw/weekly/620f745be90e0710acb25439_population-bulletin-180222.ods,
2022-02-11,2022-02-11,2022-02-11,,A2,Headlines-PUBLISHED,79765.0,,,,3225.0,,76540.0,81368.0,,,,,,,2190.0,,,,,79623.0,81374.0,,78118.0,81058.0,,Last week,,Population bulletin: weekly 11 February 2022,https://assets.publishing.service.gov.uk/media/6206675b8fa8f510b7285b12/prison-pop-11-feb-2022.ods,raw/weekly/6206675b8fa8f510b7285b12_prison-pop-11-feb-2022.ods,
2022-02-04,2022-02-04,2022-02-04,,A2,Headlines-PUBLISHED,79623.0,,,,3196.0,,76427.0,81374.0,,,,,,,2165.0,,,,,79412.0,81292.0,,78114.0,81063.0,,Last week,,Population bulletin: weekly 4 February 2022,https://assets.publishing.service.gov.uk/media/61fce5628fa8f538882511fe/prison-pop-4-february-2022.ods,raw/weekly/61fce5628fa8f538882511fe_prison-pop-4-february-2022.ods,
2022-01-28,2022-01-28,2022-01-28,,A2,Headlines-PUBLISHED,79412.0,,,,3205.0,,76207.0,81292.0,,,,,,,2144.0,,,,,79303.0,81181.0,,78065.0,81072.0,,Last week,,Population bulletin: weekly 28 January 2022,https://assets.publishing.service.gov.uk/media/61f3ae53d3bf7f78eab158bc/prison-pop-28-jan-2022.ods,raw/weekly/61f3ae53d3bf7f78eab158bc_prison-pop-28-jan-2022.ods,
2022-01-21,2022-01-21,2022-01-21,,A2,Headlines-PUBLISHED,79303.0,,,,3201.0,,76102.0,81181.0,,,,,,,2141.0,,,,,79193.0,81216.0,,78030.0,81070.0,,Last week,,Population bulletin: weekly 21 January 2022,https://assets.publishing.service.gov.uk/media/61ea7578d3bf7f054a1da205/prison-pop-21-jan-2022.ods,raw/weekly/61ea7578d3bf7f054a1da205_prison-pop-21-jan-2022.ods,
2022-01-14,2022-01-14,2022-01-14,,A2,Headlines-PUBLISHED,79193.0,,,,3192.0,,76001.0,81216.0,,,,,,,2152.0,,,,,79086.0,81291.0,,78032.0,81115.0,,Last week,,Population bulletin: weekly 14 January 2022,https://assets.publishing.service.gov.uk/media/61e14450d3bf7f054db93802/prison-pop-14-jan-2022.ods,raw/weekly/61e14450d3bf7f054db93802_prison-pop-14-jan-2022.ods,
2022-01-07,2022-01-07,2022-01-07,,A2,Headlines-PUBLISHED,79086.0,,,,3186.0,,75900.0,81291.0,,,,,,,2191.0,,,,,79092.0,81195.0,,78029.0,81138.0,,Last week,,Population bulletin: weekly 7 January 2022,https://assets.publishing.service.gov.uk/media/61d813058fa8f505893f1c8e/population-bulletin-070122.ods,raw/weekly/61d813058fa8f505893f1c8e_population-bulletin-070122.ods,
2021-12-31,2021-12-31,2021-12-31,,A2,Headlines-PUBLISHED,79092.0,,,,3211.0,,75881.0,81195.0,,,,,,,2223.0,,,,,79249.0,81195.0,,77801.0,81215.0,,Last week,,Population bulletin: weekly 31 December 2021,https://assets.publishing.service.gov.uk/media/61d439428fa8f54c1ad6a5b1/population-bulletin-31122021.ods,raw/weekly/61d439428fa8f54c1ad6a5b1_population-bulletin-31122021.ods,
2021-12-24,2021-12-24,2021-12-24,,A2,Headlines-PUBLISHED,79249.0,,,,3225.0,,76024.0,81195.0,,,,,,,2236.0,,,,,79446.0,81224.0,,77929.0,81215.0,,Last week,,Population bulletin: weekly 24 December 2021,https://assets.publishing.service.gov.uk/media/61cef8ced3bf7f1f72b5ffca/prison-pop-24-december-2021.ods,raw/weekly/61cef8ced3bf7f1f72b5ffca_prison-pop-24-december-2021.ods,
2021-12-17,2021-12-17,2021-12-17,,A2,Headlines-PUBLISHED,79446.0,,,,3273.0,,76173.0,81224.0,,,,,,,2215.0,,,,,79545.0,81204.0,,78700.0,81215.0,,Last week,,Population bulletin: weekly 17 December 2021,https://assets.publishing.service.gov.uk/media/61bc571c8fa8f503816405ad/prison-pop-17-december-2021.ods,raw/weekly/61bc571c8fa8f503816405ad_prison-pop-17-december-2021.ods,
2021-12-10,2021-12-10,2021-12-10,,A2,Headlines-PUBLISHED,79545.0,,,,3279.0,,76266.0,81204.0,,,,,,,2200.0,,,,,79643.0,81128.0,,78722.0,81276.0,,Last week,,Population bulletin: weekly 10 December 2021,https://assets.publishing.service.gov.uk/media/61b345dbd3bf7f055eb9b84c/prison-pop-10-december-2021.ods,raw/weekly/61b345dbd3bf7f055eb9b84c_prison-pop-10-december-2021.ods,
2021-12-03,2021-12-03,2021-12-03,,A2,Headlines-PUBLISHED,79643.0,,,,3288.0,,76355.0,81128.0,,,,,,,2218.0,,,,,79685.0,80880.0,,78878.0,81246.0,,Last week,,Population bulletin: weekly 3 December 2021,https://assets.publishing.service.gov.uk/media/61a9da44e90e070445fd773a/prison-pop-3-december-2021.ods,raw/weekly/61a9da44e90e070445fd773a_prison-pop-3-december-2021.ods,
2021-11-26,2021-11-26,2021-11-26,,A2,Headlines-PUBLISHED,79685.0,,,,3274.0,,76411.0,80880.0,,,,,,,2187.0,,,,,79580.0,80904.0,,78832.0,81351.0,,Last week,,Population bulletin: weekly 26 November 2021,https://assets.publishing.service.gov.uk/media/61c31ae88fa8f54c16e1a689/prison-pop-26-nov-2021-updated.ods,raw/weekly/61c31ae88fa8f54c16e1a689_prison-pop-26-nov-2021-updated.ods,
2021-11-19,2021-11-19,2021-11-19,,A2,Headlines-PUBLISHED,79580.0,,,,3236.0,,76344.0,80912.0,,,,,,,2219.0,,,,,79401.0,80886.0,,78838.0,81377.0,,Last week,,Population bulletin: weekly 19 November 2021,https://assets.publishing.service.gov.uk/media/61c31ad18fa8f54c17327a89/prison-pop-19-nov-2021-updated.ods,raw/weekly/61c31ad18fa8f54c17327a89_prison-pop-19-nov-2021-updated.ods,
2021-11-12,2021-11-12,2021-11-12,,A2,Headlines-PUBLISHED,79401.0,,,,3226.0,,76175.0,80886.0,,,,,,,2242.0,,,,,79284.0,80897.0,,78977.0,81494.0,,Last week,,Population bulletin: weekly 12 November 2021,https://assets.publishing.service.gov.uk/media/618e2af7e90e070440c8b99c/prison-pop-12-nov-2021.ods,raw/weekly/618e2af7e90e070440c8b99c_prison-pop-12-nov-2021.ods,
2021-11-05,2021-11-05,2021-11-05,,A2,Headlines-PUBLISHED,79284.0,,,,3232.0,,76052.0,80897.0,,,,,,,2216.0,,,,,79380.0,80852.0,,78988.0,81531.0,,Last week,,Population bulletin: weekly 5 November 2021,https://assets.publishing.service.gov.uk/media/6184ee448fa8f52980d93290/prison-pop-5-nov-2021.ods,raw/weekly/6184ee448fa8f52980d93290_prison-pop-5-nov-2021.ods,
2021-10-29,2021-10-29,2021-10-29,,A2,Headlines-PUBLISHED,79380.0,,,,3247.0,,76133.0,80852.0,,,,,,,2170.0,,,,,79221.0,80868.0,,79083.0,81541.0,,Last week,,Population bulletin: weekly 29 October 2021,https://assets.publishing.service.gov.uk/media/617bb145d3bf7f5604d83daf/prison-pop-29-oct-2021.ods,raw/weekly/617bb145d3bf7f5604d83daf_prison-pop-29-oct-2021.ods,
2021-10-22,2021-10-22,2021-10-22,,A2,Headlines-PUBLISHED,79221.0,,,,3244.0,,75977.0,80868.0,,,,,,,2173.0,,,,,79033.0,80877.0,,79164.0,81527.0,,Last week,,Population bulletin: weekly 22 October 2021,https://assets.publishing.service.gov.uk/media/61726d70e90e07197512824e/prison-pop-22-oct-2021.ods,raw/weekly/61726d70e90e07197512824e_prison-pop-22-oct-2021.ods,
2021-10-15,2021-10-15,2021-10-15,,A2,Headlines-PUBLISHED,79033.0,,,,3227.0,,75806.0,80877.0,,,,,,,2175.0,,,,,78930.0,80933.0,,79175.0,81566.0,,Last week,,Population bulletin: weekly 15 October 2021,https://assets.publishing.service.gov.uk/media/61693046d3bf7f56059040a3/prison-pop-15-oct-2021.ods,raw/weekly/61693046d3bf7f56059040a3_prison-pop-15-oct-2021.ods,
2021-10-08,2021-10-08,2021-10-08,,A2,Headlines-PUBLISHED,78930.0,,,,3217.0,,75713.0,80933.0,,,,,,,2184.0,,,,,78789.0,80855.0,,79187.0,81556.0,,Last week,,Population bulletin: weekly 8 October 2021,https://assets.publishing.service.gov.uk/media/61600b88e90e07197e166338/prison-pop-8-oct-2021.ods,raw/weekly/61600b88e90e07197e166338_prison-pop-8-oct-2021.ods,
2021-10-01,2021-10-01,2021-10-01,,A2,Headlines-PUBLISHED,78789.0,,,,3199.0,,75590.0,80855.0,,,,,,,2160.0,,,,,78830.0,80778.0,,79245.0,81587.0,,Last week,,Population bulletin: weekly 1 October 2021,https://assets.publishing.service.gov.uk/media/6156c162d3bf7f55fd843a7e/prison-pop-1-oct-2021.ods,raw/weekly/6156c162d3bf7f55fd843a7e_prison-pop-1-oct-2021.ods,
2021-09-24,2021-09-24,2021-09-24,,A2,Headlines-PUBLISHED,78830.0,,,,3186.0,,75644.0,80778.0,,,,,,,2167.0,,,,,78768.0,80748.0,,79263.0,81536.0,,Last week,,Population bulletin: weekly 24 September 2021,https://assets.publishing.service.gov.uk/media/614d9574e90e077a3078f91c/prison-pop-24-sept-2021.ods,raw/weekly/614d9574e90e077a3078f91c_prison-pop-24-sept-2021.ods,
2021-09-17,2021-09-17,2021-09-17,,A2,Headlines-PUBLISHED,78768.0,,,,3197.0,,75571.0,80748.0,,,,,,,2167.0,,,,,78743.0,80760.0,,79185.0,81511.0,,Last week,,Population bulletin: weekly 17 September 2021,https://assets.publishing.service.gov.uk/media/6144476dd3bf7f05b9705181/prison-pop-17-sept-2021.ods,raw/weekly/6144476dd3bf7f05b9705181_prison-pop-17-sept-2021.ods,
2021-09-10,2021-09-10,2021-09-10,,A2,Headlines-PUBLISHED,78743.0,,,,3179.0,,75564.0,80760.0,,,,,,,2174.0,,,,,78711.0,80709.0,,79263.0,81537.0,,Last week,,Population bulletin: weekly 10 September 2021,https://assets.publishing.service.gov.uk/media/613b0d2ad3bf7f05ab786446/prison-pop-10-sept-2021.ods,raw/weekly/613b0d2ad3bf7f05ab786446_prison-pop-10-sept-2021.ods,
2021-09-03,2021-09-03,2021-09-03,,A2,Headlines-PUBLISHED,78711.0,,,,3181.0,,75530.0,80709.0,,,,,,,2210.0,,,,,78750.0,80641.0,,79285.0,81588.0,,Last week,,Population bulletin: weekly 3 September 2021,https://assets.publishing.service.gov.uk/media/6131d29ee90e07043d565c2c/prison-pop-3-sept-2021.ods,raw/weekly/6131d29ee90e07043d565c2c_prison-pop-3-sept-2021.ods,
2021-08-27,2021-08-27,2021-08-27,,A2,Headlines-PUBLISHED,78750.0,,,,3192.0,,75558.0,80641.0,,,,,,,2236.0,,,,,78832.0,80641.0,,79433.0,81643.0,,Last week,,Population bulletin: weekly 27 August 2021,https://assets.publishing.service.gov.uk/media/6128a1658fa8f53dcd3ae90a/PSWEBREPORT.ods,raw/weekly/6128a1658fa8f53dcd3ae90a_PSWEBREPORT.ods,
2021-08-20,2021-08-20,2021-08-20,,A2,Headlines-PUBLISHED,78832.0,,,,3225.0,,75607.0,80641.0,,,,,,,2212.0,,,,,78793.0,80590.0,,79493.0,81663.0,,Last week,,Population bulletin: weekly 20 August 2021,https://assets.publishing.service.gov.uk/media/611f63018fa8f53dc994e5e0/prison-pop-20-august-2021.ods,raw/weekly/611f63018fa8f53dc994e5e0_prison-pop-20-august-2021.ods,
2021-08-13,2021-08-13,2021-08-13,,A2,Headlines-PUBLISHED,78793.0,,,,3220.0,,75573.0,80590.0,,,,,,,2198.0,,,,,78616.0,80568.0,,79531.0,81664.0,,Last week,,Population bulletin: weekly: 13 August 2021,https://assets.publishing.service.gov.uk/media/6116264de90e070542081be0/prison-pop-13-august-2021.ods,raw/weekly/6116264de90e070542081be0_prison-pop-13-august-2021.ods,
2021-08-06,2021-08-06,2021-08-06,,A2,Headlines-PUBLISHED,78616.0,,,,3202.0,,75414.0,80568.0,,,,,,,2172.0,,,,,78488.0,80653.0,,79564.0,81701.0,,Last week,,Population bulletin: weekly 6 August 2021,https://assets.publishing.service.gov.uk/media/610d14ca8fa8f506c3539fec/pop-bulletin-060821.ods,raw/weekly/610d14ca8fa8f506c3539fec_pop-bulletin-060821.ods,
2021-07-30,2021-07-30,2021-07-30,,A2,Headlines-PUBLISHED,78488.0,,,,3202.0,,75286.0,80653.0,,,,,,,2177.0,,,,,78353.0,81142.0,,79643.0,81755.0,,Last week,,Population bulletin: weekly 30 July 2021,https://assets.publishing.service.gov.uk/media/6103ed15d3bf7f0452a7a9d5/population-bulletin-300721.ods,raw/weekly/6103ed15d3bf7f0452a7a9d5_population-bulletin-300721.ods,
2021-07-23,2021-07-23,2021-07-23,,A1,Headlines-PUBLISHED,78353.0,78353.0,0.0,,3198.0,,75155.0,81142.0,80789.0,353.0,,,,,2151.0,,,,,78445.0,81165.0,,79620.0,81762.0,,Last week,,Population bulletin: weekly 23 July 2021,https://assets.publishing.service.gov.uk/media/60fa8e23e90e0703ad633495/prison-pop-23-july-2021.ods,raw/weekly/60fa8e23e90e0703ad633495_prison-pop-23-july-2021.ods,
2021-07-16,2021-07-16,2021-07-16,,A1,Headlines-PUBLISHED,78445.0,78378.0,67.0,,3208.0,,75237.0,81165.0,80812.0,353.0,,,,,2108.0,,,,,78489.0,81138.0,,79557.0,81737.0,,Last week,,Population bulletin: weekly 16 July 2021,https://assets.publishing.service.gov.uk/media/60f155fae90e0764d1be2787/prison-pop-16-july-2021.ods,raw/weekly/60f155fae90e0764d1be2787_prison-pop-16-july-2021.ods,
2021-07-09,2021-07-09,2021-07-09,,A1,Headlines-PUBLISHED,78489.0,78448.0,41.0,,3202.0,,75287.0,81138.0,81097.0,41.0,,,,,2155.0,,,,,78362.0,81109.0,,79537.0,81745.0,,Last week,,Population bulletin: weekly 9 July 2021,https://assets.publishing.service.gov.uk/media/60e8020ae90e0764c5938270/prison-pop-9-july-2021.ods,raw/weekly/60e8020ae90e0764c5938270_prison-pop-9-july-2021.ods,
2021-07-02,2021-07-02,2021-07-02,,A1,Headlines-PUBLISHED,78362.0,78298.0,64.0,,3190.0,,75172.0,81109.0,81045.0,64.0,,,,,2201.0,,,,,78250.0,81154.0,,79522.0,81735.0,,Last week,,Population bulletin: weekly 2 July 2021,https://assets.publishing.service.gov.uk/media/60ded6608fa8f50abc106c51/prison-pop-2-july-2021.ods,raw/weekly/60ded6608fa8f50abc106c51_prison-pop-2-july-2021.ods,
2021-06-25,2021-06-25,2021-06-25,,A1,Headlines-PUBLISHED,78250.0,78176.0,74.0,,3186.0,,75064.0,81154.0,81080.0,74.0,,,,,2183.0,,,,,78172.0,81100.0,,78705.0,81749.0,,Last week,,Population bulletin: weekly 25 June 2021,https://assets.publishing.service.gov.uk/media/60d5b066e90e077171968054/prison-pop-25-jun-2021.ods,raw/weekly/60d5b066e90e077171968054_prison-pop-25-jun-2021.ods,
2021-06-18,2021-06-18,2021-06-18,,A1,Headlines-_PUBLISHED,78172.0,78087.0,85.0,,3179.0,,74993.0,81100.0,80747.0,353.0,,,,,2179.0,,,,,78132.0,80638.0,,79605.0,81749.0,,Last week,,Population bulletin: weekly 18 June 2021,https://assets.publishing.service.gov.uk/media/60cc9e27d3bf7f4bca6e73de/prison-pop-18-jun-2021.ods,raw/weekly/60cc9e27d3bf7f4bca6e73de_prison-pop-18-jun-2021.ods,
2021-06-11,2021-06-11,2021-06-11,,A1,Headlines-_PUBLISHED,78132.0,78037.0,95.0,,3175.0,,74957.0,80638.0,80285.0,353.0,,,,,2168.0,,,,,78006.0,80646.0,,79713.0,81790.0,,Last week,,Population bulletin: weekly 11 June 2021,https://assets.publishing.service.gov.uk/media/60c322b2e90e074397d8c8b2/population-bulletin-110621.ods,raw/weekly/60c322b2e90e074397d8c8b2_population-bulletin-110621.ods,
2021-06-04,2021-06-04,2021-06-04,,A1,Headlines-_PUBLISHED,78006.0,77912.0,94.0,,3170.0,,74836.0,80646.0,80293.0,353.0,,,,,2184.0,,,,,78104.0,80665.0,,79878.0,81766.0,,Last week,,Population bulletin: weekly 4 June 2021,https://assets.publishing.service.gov.uk/media/60b9e325e90e0743a02caf67/prison-pop-4-jun-2021.ods,raw/weekly/60b9e325e90e0743a02caf67_prison-pop-4-jun-2021.ods,
2021-05-28,2021-05-28,2021-05-28,,A1,Headlines-_PUBLISHED,78104.0,78034.0,70.0,,3183.0,,74921.0,80665.0,80312.0,353.0,,,,,2192.0,,,,,78049.0,80689.0,,80032.0,81887.0,,Last week,,Population bulletin: weekly 28 May 2021,https://assets.publishing.service.gov.uk/media/60b0bde6d3bf7f435b75e260/prison-pop-28-may-2021.ods,raw/weekly/60b0bde6d3bf7f435b75e260_prison-pop-28-may-2021.ods,
2021-05-21,2021-05-21,2021-05-21,,A1,Headlines-_PUBLISHED,78049.0,77970.0,79.0,,3179.0,,74870.0,80689.0,80336.0,353.0,,,,,2197.0,,,,,77916.0,80656.0,,80180.0,82087.0,,Last week,, Population bulletin: weekly 21 May 2021,https://assets.publishing.service.gov.uk/media/60a778fd8fa8f520bec372e6/pop-bull-210521.ods,raw/weekly/60a778fd8fa8f520bec372e6_pop-bull-210521.ods,
2021-05-14,2021-05-14,2021-05-14,,A1,Headlines-_PUBLISHED,77916.0,77823.0,93.0,,3161.0,,74755.0,80656.0,80303.0,353.0,,,,,2175.0,,,,,77773.0,80739.0,,80422.0,82254.0,,Last week,,Population bulletin: weekly 14 May 2021,https://assets.publishing.service.gov.uk/media/609e298d8fa8f56a33a3588a/prison-pop-14-may-2021.ods,raw/weekly/609e298d8fa8f56a33a3588a_prison-pop-14-may-2021.ods,
2021-05-07,2021-05-07,2021-05-07,,A1,Headlines-_PUBLISHED,77773.0,77696.0,77.0,,3158.0,,74615.0,80739.0,80386.0,353.0,,,,,2232.0,,,,,77859.0,80817.0,,,,,Last week,,Population bulletin: weekly 7 May 2021,https://assets.publishing.service.gov.uk/media/6094efdc8fa8f548b0a95f05/prison-pop-7-may-2021.ods,raw/weekly/6094efdc8fa8f548b0a95f05_prison-pop-7-may-2021.ods,
2021-04-30,2021-04-30,2021-04-30,,A1,Headlines-_PUBLISHED,77859.0,77771.0,88.0,,3157.0,,74702.0,80817.0,80464.0,353.0,,,,,2274.0,,,,,77738.0,80870.0,,80827.0,83872.0,,Last week,,Population bulletin: weekly 30 April 2021,https://assets.publishing.service.gov.uk/media/608bb7698fa8f51b9988cc39/prison-pop-30-apr-2021.ods,raw/weekly/608bb7698fa8f51b9988cc39_prison-pop-30-apr-2021.ods,
2021-04-23,2021-04-23,2021-04-23,,A1,Headlines-_PUBLISHED,77738.0,77644.0,94.0,,3135.0,,74603.0,80870.0,80517.0,353.0,,,,,2246.0,,,,,77761.0,80881.0,,81124.0,85505.0,,Last week,,Population bulletin: weekly 23 April 2021,https://assets.publishing.service.gov.uk/media/60827785e90e076aaaa26e34/prison-pop-23-april-2021.ods,raw/weekly/60827785e90e076aaaa26e34_prison-pop-23-april-2021.ods,
2021-04-16,2021-04-16,2021-04-16,,A1,Headlines-_PUBLISHED,77761.0,77680.0,81.0,,3115.0,,74646.0,80881.0,80528.0,353.0,,,,,2237.0,,,,,77727.0,80877.0,,81454.0,85546.0,,Last week,,Population bulletin: weekly 16 April 2021,https://assets.publishing.service.gov.uk/media/607942498fa8f573558cd53a/prison-pop-16-apr-2021.ods,raw/weekly/607942498fa8f573558cd53a_prison-pop-16-apr-2021.ods,
2021-04-09,2021-04-09,2021-04-09,,A1,Headlines-_PUBLISHED,77727.0,77634.0,93.0,,3086.0,,74641.0,80877.0,81485.0,392.0,,,,,2267.0,,,,,,,,,,,Last week,,Population bulletin: weekly 9 April 2021,https://assets.publishing.service.gov.uk/media/60743e45e90e076f57af84c5/prison-pop-9-apr-2021.ods,raw/weekly/60743e45e90e076f57af84c5_prison-pop-9-apr-2021.ods,
2021-03-26,2021-03-26,2021-03-26,,A1,Headlines-_PUBLISHED,78081.0,78008.0,73.0,,3100.0,,74981.0,80869.0,80477.0,392.0,,,,,2239.0,,,,,78081.0,80971.0,,83189.0,85583.0,,Last week,,Population bulletin: weekly 26 March 2021,https://assets.publishing.service.gov.uk/media/605d9f31d3bf7f20e4a009c9/prison-pop-26-mar-2021.ods,raw/weekly/605d9f31d3bf7f20e4a009c9_prison-pop-26-mar-2021.ods,
2021-03-19,2021-03-19,2021-03-19,,A1,Headlines-_PUBLISHED,78081.0,77998.0,83.0,,3098.0,,74983.0,80971.0,80579.0,392.0,,,,,2249.0,,,,,78044.0,80971.0,,83709.0,85487.0,,Last week,,Population bulletin: weekly 19 March 2021,https://assets.publishing.service.gov.uk/media/60546974d3bf7f2f0e7d0497/prison-pop-19-march-2021.ods,raw/weekly/60546974d3bf7f2f0e7d0497_prison-pop-19-march-2021.ods,
2021-03-12,2021-03-12,2021-03-12,,A1,Headlines-_PUBLISHED,78044.0,77946.0,98.0,,3117.0,,74927.0,80971.0,80579.0,392.0,,,,,2298.0,,,,,78037.0,81021.0,,83917.0,85409.0,,Last week,,Population bulletin: weekly 12 March 2021,https://assets.publishing.service.gov.uk/media/604b2f608fa8f505bdfcfc74/prison-pop-12-mar-2021.ods,raw/weekly/604b2f608fa8f505bdfcfc74_prison-pop-12-mar-2021.ods,
2021-03-05,2021-03-05,2021-03-05,,A1,Headlines-_PUBLISHED,78037.0,77960.0,77.0,,3121.0,,74916.0,81021.0,80629.0,392.0,,,,,2274.0,,,,,78015.0,81043.0,,83957.0,85280.0,,Last week,,Population bulletin: weekly 5 March 2021,https://assets.publishing.service.gov.uk/media/6041f7c6e90e077dd8d2d35e/prison-pop-5-march-2021.ods,raw/weekly/6041f7c6e90e077dd8d2d35e_prison-pop-5-march-2021.ods,
2021-02-26,2021-02-26,2021-02-26,,A1,Headlines-_PUBLISHED,78015.0,77932.0,83.0,,3133.0,,74882.0,81043.0,80651.0,392.0,,,,,2246.0,,,,,77992.0,81058.0,,83868.0,85037.0,,Last week,,Population bulletin: weekly 26 February 2021,https://assets.publishing.service.gov.uk/media/6038bd5cd3bf7f039b78f0a1/prison-pop-26-feb-2021.ods,raw/weekly/6038bd5cd3bf7f039b78f0a1_prison-pop-26-feb-2021.ods,
2021-02-19,2021-02-19,2021-02-19,,A1,Headlines-_PUBLISHED,77992.0,77896.0,96.0,,3134.0,,74858.0,81058.0,80666.0,392.0,,,,,2245.0,,,,,78118.0,81058.0,,83695.0,84956.0,,Last week,,Population bulletin: weekly 19 February 2021,https://assets.publishing.service.gov.uk/media/602f7dc9d3bf7f7221aad851/prison-pop-19-feb-2021.ods,raw/weekly/602f7dc9d3bf7f7221aad851_prison-pop-19-feb-2021.ods,
2021-02-12,2021-02-12,2021-02-12,,A1,Headlines-_PUBLISHED,78118.0,78038.0,80.0,,3111.0,,75007.0,81058.0,80666.0,392.0,,,,,2260.0,,,,,78114.0,81063.0,,83626.0,84937.0,,Last week,,Population bulletin: weekly 12 February 2021,https://assets.publishing.service.gov.uk/media/6026447e8fa8f50384219383/prison-pop-12-feb-2021.ods,raw/weekly/6026447e8fa8f50384219383_prison-pop-12-feb-2021.ods,
2021-02-05,2021-02-05,2021-02-05,,A1,Headlines-_PUBLISHED,78114.0,78024.0,90.0,,3132.0,,74982.0,81063.0,80671.0,392.0,,,,,2276.0,,,,,78065.0,81072.0,,83497.0,84940.0,,Last week,,Population bulletin: weekly 5 February 2021,https://assets.publishing.service.gov.uk/media/601d168a8fa8f5147014321e/prison-pop-5-feb-2021.ods,raw/weekly/601d168a8fa8f5147014321e_prison-pop-5-feb-2021.ods,
2021-01-29,2021-01-29,2021-01-29,,A1,Headlines-_PUBLISHED,78065.0,77976.0,89.0,,3126.0,,74939.0,81072.0,80680.0,392.0,,,,,2272.0,,,,,78030.0,81070.0,,83329.0,85049.0,,Last week,,Population bulletin: weekly 29 January 2021,https://assets.publishing.service.gov.uk/media/6013d2eee90e07626489c988/prison-pop-29-jan-2021.ods,raw/weekly/6013d2eee90e07626489c988_prison-pop-29-jan-2021.ods,
2021-01-22,2021-01-22,2021-01-22,,A1,Headlines-_PUBLISHED,78030.0,77955.0,75.0,,3148.0,,74882.0,81070.0,80678.0,392.0,,,,,2285.0,,,,,78032.0,81115.0,,83201.0,85004.0,,Last week,,Population bulletin: weekly 22 January 2021,https://assets.publishing.service.gov.uk/media/600a96bc8fa8f52971b7b4ec/prison-pop-22-jan-2021.ods,raw/weekly/600a96bc8fa8f52971b7b4ec_prison-pop-22-jan-2021.ods,
2021-01-15,2021-01-15,2021-01-15,,A1,Headlines-_PUBLISHED,78032.0,77942.0,90.0,,3130.0,,74902.0,81115.0,80723.0,392.0,,,,,2322.0,,,,,78029.0,81138.0,,83167.0,84988.0,,Last week,,Population bulletin: weekly 15 January 2021,https://assets.publishing.service.gov.uk/media/600160cce90e0763ab4bc321/prison-pop-15-jan-2021.ods,raw/weekly/600160cce90e0763ab4bc321_prison-pop-15-jan-2021.ods,
2021-01-08,2021-01-08,2021-01-08,,A1,Headlines-_PUBLISHED,78029.0,77930.0,99.0,,3130.0,,74899.0,81138.0,80746.0,392.0,,,,,2342.0,,,,,,,,82954.0,84974.0,,Last week,,Population bulletin: weekly 8 January 2021,https://assets.publishing.service.gov.uk/media/5ff81d158fa8f56404a5b3b0/prison-population-8-jan-2021.ODS,raw/weekly/5ff81d158fa8f56404a5b3b0_prison-population-8-jan-2021.ODS,
2020-12-18,2020-12-18,2020-12-18,,A1,Headlines-_PUBLISHED,78700.0,78618.0,82.0,,3197.0,,75503.0,81215.0,80823.0,392.0,,,,,2412.0,,,,,78722.0,81276.0,,83353.0,85222.0,,Last week,,Population bulletin: weekly 18 December 2020,https://assets.publishing.service.gov.uk/media/5fdc717ce90e07452a1c44d4/population-bulletin-181220.ods,raw/weekly/5fdc717ce90e07452a1c44d4_population-bulletin-181220.ods,
2020-12-11,2020-12-11,2020-12-11,,A1,Headlines-_PUBLISHED,78722.0,78656.0,66.0,,3231.0,,75491.0,81276.0,80884.0,392.0,,,,,2431.0,,,,,78878.0,81246.0,,83376.0,85187.0,,Last week,,Population bulletin: weekly 11 December 2020,https://assets.publishing.service.gov.uk/media/5fd340858fa8f54d564af05a/prison-pop-11-dec-2020.ods,raw/weekly/5fd340858fa8f54d564af05a_prison-pop-11-dec-2020.ods,
2020-12-04,2020-12-04,2020-12-04,,A1,Headlines-_PUBLISHED,78878.0,78804.0,74.0,,3238.0,,75640.0,81246.0,80854.0,392.0,,,,,2420.0,,,,,78832.0,81351.0,,83484.0,85193.0,,Last week,,Population bulletin: weekly 4 December 2020,https://assets.publishing.service.gov.uk/media/5fc9f758d3bf7f5d08464cae/prison-pop-4-dec-2020.ods,raw/weekly/5fc9f758d3bf7f5d08464cae_prison-pop-4-dec-2020.ods,
2020-11-27,2020-11-27,2020-11-27,,A1,Headlines-_PUBLISHED,78832.0,78746.0,86.0,,3251.0,,75581.0,81351.0,80959.0,392.0,,,,,2425.0,,,,,78838.0,81377.0,,83516.0,85267.0,,Last week,,Population bulletin: weekly 27 November 2020,https://assets.publishing.service.gov.uk/media/5fc0c157d3bf7f7f575b42f8/prison-pop-27-nov-2020.ods,raw/weekly/5fc0c157d3bf7f7f575b42f8_prison-pop-27-nov-2020.ods,
2020-11-20,2020-11-20,2020-11-20,,A1,Headlines-_PUBLISHED,78838.0,78741.0,97.0,,3258.0,,75580.0,81377.0,80985.0,392.0,,,,,2418.0,,,,,78977.0,81494.0,,83482.0,85347.0,,Last week,,Population bulletin: weekly 20 November 2020,https://assets.publishing.service.gov.uk/media/5fb782a2d3bf7f63dba19004/prison-pop-20-nov-2020.ods,raw/weekly/5fb782a2d3bf7f63dba19004_prison-pop-20-nov-2020.ods,
2020-11-13,2020-11-13,2020-11-13,,A1,Headlines-_PUBLISHED,78977.0,78868.0,109.0,,3280.0,,75697.0,81494.0,81102.0,392.0,,,,,2459.0,,,,,78988.0,81531.0,,83599.0,85256.0,,Last week,,Population bulletin: weekly 13 November 2020,https://assets.publishing.service.gov.uk/media/5fae51acd3bf7f037ffc8785/prison-pop-13-nov-2020.ods,raw/weekly/5fae51acd3bf7f037ffc8785_prison-pop-13-nov-2020.ods,
2020-11-06,2020-11-06,2020-11-06,,A1,Headlines-_PUBLISHED,78988.0,78868.0,120.0,,3263.0,,75725.0,81531.0,81139.0,392.0,,,,,2478.0,,,,,79083.0,81541.0,,83617.0,85166.0,,Last week,,Population bulletin: weekly 6 November 2020,https://assets.publishing.service.gov.uk/media/5fa50d68d3bf7f03a841cf4d/prison-pop-6-november-2020.ods,raw/weekly/5fa50d68d3bf7f03a841cf4d_prison-pop-6-november-2020.ods,
2020-10-30,2020-10-30,2020-10-30,,A1,Headlines-_PUBLISHED,79083.0,78977.0,106.0,,3257.0,,75826.0,81541.0,81149.0,392.0,,,,,2485.0,,,,,79164.0,81527.0,,83665.0,85151.0,,Last week,,Population bulletin: weekly 30 October 2020,https://assets.publishing.service.gov.uk/media/5f9be5228fa8f57f408068e4/population-bulletin-301020.ods,raw/weekly/5f9be5228fa8f57f408068e4_population-bulletin-301020.ods,
2020-10-23,2020-10-23,2020-10-23,,A1,Headlines-_PUBLISHED,79164.0,79046.0,118.0,,3251.0,,75913.0,81527.0,81135.0,392.0,,,,,2491.0,,,,,79175.0,81566.0,,83795.0,85053.0,,Last week,,Population bulletin: weekly 23 October 2020,https://assets.publishing.service.gov.uk/media/5f9287ce8fa8f543f5b80e28/prison-pop-23-oct-2020.ods,raw/weekly/5f9287ce8fa8f543f5b80e28_prison-pop-23-oct-2020.ods,
2020-10-16,2020-10-16,2020-10-16,,A1,Headlines-_PUBLISHED,79175.0,79050.0,125.0,,3257.0,,75918.0,81566.0,81174.0,392.0,,,,,2456.0,,,,,79187.0,81556.0,,83787.0,85042.0,,Last week,,Population bulletin: weekly 16 October 2020,https://assets.publishing.service.gov.uk/media/5f8959ed8fa8f504218ba2b2/prison-pop-16-oct-2020.ods,raw/weekly/5f8959ed8fa8f504218ba2b2_prison-pop-16-oct-2020.ods,
2020-10-09,2020-10-09,2020-10-09,,A1,Headlines-_PUBLISHED,79187.0,79070.0,117.0,,3245.0,,75942.0,81556.0,81164.0,392.0,,,,,2496.0,,,,,79245.0,81587.0,,83772.0,85040.0,,Last week,,Population bulletin: weekly 9 October 2020,https://assets.publishing.service.gov.uk/media/5f8018f0d3bf7f01973929ea/prison-pop-9-oct-2020.ods,raw/weekly/5f8018f0d3bf7f01973929ea_prison-pop-9-oct-2020.ods,
2020-10-02,2020-10-02,2020-10-02,,A1,Headlines-_PUBLISHED,79245.0,79120.0,125.0,,3217.0,,76028.0,81587.0,81195.0,392.0,,,,,2507.0,,,,,79263.0,81536.0,,83801.0,84973.0,,Last week,,Population bulletin: weekly 2 October 2020,https://assets.publishing.service.gov.uk/media/5f76e2478fa8f55e2d1f2265/pop-bull-021020.ods,raw/weekly/5f76e2478fa8f55e2d1f2265_pop-bull-021020.ods,
2020-09-25,2020-09-25,2020-09-25,,A1,Headlines-_PUBLISHED,79263.0,79138.0,125.0,,3213.0,,76050.0,81536.0,81144.0,392.0,,,,,2500.0,,,,,79185.0,81511.0,,83766.0,84916.0,,Last week,,Population bulletin: weekly 25 September 2020,https://assets.publishing.service.gov.uk/media/5f6da6288fa8f541ea695ab5/prison-pop-25-sept-2020.ods,raw/weekly/5f6da6288fa8f541ea695ab5_prison-pop-25-sept-2020.ods,
2020-09-18,2020-09-18,2020-09-18,,A1,Headlines-_PUBLISHED,79185.0,79098.0,87.0,,3202.0,,75983.0,81511.0,81119.0,392.0,,,,,2510.0,,,,,79263.0,81537.0,,83596.0,85088.0,,Last week,,Population bulletin: weekly 18 September 2020,https://assets.publishing.service.gov.uk/media/5f646973d3bf7f72337b6e85/prison-pop-18-sept-2020.ods,raw/weekly/5f646973d3bf7f72337b6e85_prison-pop-18-sept-2020.ods,
2020-09-11,2020-09-11,2020-09-11,,A1,Headlines-_PUBLISHED,79263.0,79186.0,77.0,,3237.0,,76026.0,81537.0,81145.0,392.0,,,,,2502.0,,,,,79285.0,81588.0,,83433.0,85082.0,,Last week,,Population bulletin: weekly 11 September 2020,https://assets.publishing.service.gov.uk/media/5f5b2c6fd3bf7f723e21c05a/prison-pop-11-sept-2020.ods,raw/weekly/5f5b2c6fd3bf7f723e21c05a_prison-pop-11-sept-2020.ods,
2020-09-04,2020-09-04,2020-09-04,,A1,Headlines-_PUBLISHED,79285.0,79207.0,78.0,,3252.0,,76033.0,81588.0,81196.0,392.0,,,,,2524.0,,,,,79433.0,81643.0,,83327.0,85069.0,,Last week,,Population bulletin: weekly 4 September 2020,https://assets.publishing.service.gov.uk/media/5f51f1388fa8f535bc031882/prison-pop-4-sept-2020.ods,raw/weekly/5f51f1388fa8f535bc031882_prison-pop-4-sept-2020.ods,
2020-08-28,2020-08-28,2020-08-28,,A1,Headlines-_PUBLISHED,79433.0,79372.0,61.0,,3259.0,,76174.0,81643.0,81251.0,392.0,,,,,2552.0,,,,,79493.0,81663.0,,83175.0,85064.0,,Last week,,Population bulletin: weekly 28 August 2020,https://assets.publishing.service.gov.uk/media/5f48cd7ae90e071c78ff7992/prison-pop-28-aug-2020.ods,raw/weekly/5f48cd7ae90e071c78ff7992_prison-pop-28-aug-2020.ods,
2020-08-21,2020-08-21,2020-08-21,,A1,Headlines-_PUBLISHED,79493.0,79417.0,76.0,,3262.0,,76231.0,81663.0,81271.0,392.0,,,,,2543.0,,,,,79531.0,81664.0,,83116.0,84981.0,,Last week,,Population bulletin: weekly 21 August 2020,https://assets.publishing.service.gov.uk/media/5f3f84fed3bf7f39255984d6/prison-pop-21-aug-2020.ods,raw/weekly/5f3f84fed3bf7f39255984d6_prison-pop-21-aug-2020.ods,
2020-08-14,2020-08-14,2020-08-14,,A1,Headlines-_PUBLISHED,79531.0,79447.0,84.0,,3262.0,,76269.0,81664.0,81272.0,392.0,,,,,2546.0,,,,,79564.0,81701.0,,83136.0,85164.0,,Last week,,Population bulletin: weekly 14 August 2020,https://assets.publishing.service.gov.uk/media/5f364a50d3bf7f1b0fa7a10e/prison-pop-14-aug-2020.ods,raw/weekly/5f364a50d3bf7f1b0fa7a10e_prison-pop-14-aug-2020.ods,
2020-08-07,2020-08-07,2020-08-07,,A1,Headlines-_PUBLISHED,79564.0,79499.0,65.0,,3239.0,,76325.0,81701.0,81309.0,392.0,,,,,2578.0,,,,,79643.0,81755.0,,83119.0,85165.0,,Last week,,Population bulletin: weekly 7 August 2020,https://assets.publishing.service.gov.uk/media/5f2d0e5ee90e0732e2d7c9d1/Population-_bulletin-07082020.ods,raw/weekly/5f2d0e5ee90e0732e2d7c9d1_Population-_bulletin-07082020.ods,
2020-07-31,2020-07-31,2020-07-31,,A1,Headlines-_PUBLISHED,79643.0,79563.0,80.0,,3235.0,,76408.0,81755.0,81363.0,392.0,,,,,2589.0,,,,,79620.0,81762.0,,83007.0,85117.0,,Last week,,Population bulletin: weekly 31 July 2020,https://assets.publishing.service.gov.uk/media/5f23eafb8fa8f57ac14f6922/population-bulletin-310720.ods,raw/weekly/5f23eafb8fa8f57ac14f6922_population-bulletin-310720.ods,
2020-07-24,2020-07-24,2020-07-24,,A1,Headlines-_PUBLISHED,79620.0,79545.0,75.0,,3227.0,,76393.0,81762.0,81370.0,392.0,,,,,2607.0,,,,,79557.0,81737.0,,83042.0,85131.0,,Last week,,Population bulletin: weekly 24 July 2020,https://assets.publishing.service.gov.uk/media/5f1a9300e90e074565a7adc0/population-bulletin-240720.ods,raw/weekly/5f1a9300e90e074565a7adc0_population-bulletin-240720.ods,
2020-07-17,2020-07-17,2020-07-17,,A1,Headlines-_PUBLISHED,79557.0,79493.0,64.0,,3229.0,,76328.0,81737.0,81345.0,392.0,,,,,2629.0,,,,,79537.0,81745.0,,82894.0,85111.0,,Last week,,Population bulletin: weekly 17 July 2020,https://assets.publishing.service.gov.uk/media/5f1161b1d3bf7f5baca6e4b8/prison-pop-17-jul-2020.ods,raw/weekly/5f1161b1d3bf7f5baca6e4b8_prison-pop-17-jul-2020.ods,
2020-07-10,2020-07-10,2020-07-10,,A1,Headlines-_PUBLISHED,79537.0,79467.0,70.0,,3249.0,,76288.0,81745.0,81353.0,392.0,,,,,2659.0,,,,,79522.0,81735.0,,82962.0,85091.0,,Last week,,Population bulletin: weekly 10 July 2020,https://assets.publishing.service.gov.uk/media/5f082460d3bf7f2bf33fa2bd/prison-pop-10-jul-2020.ods,raw/weekly/5f082460d3bf7f2bf33fa2bd_prison-pop-10-jul-2020.ods,
2020-07-03,2020-07-03,2020-07-03,,A1,Headlines-_PUBLISHED,79522.0,79446.0,76.0,,3246.0,,76276.0,81735.0,81343.0,392.0,,,,,2650.0,,,,,79453.0,81749.0,,82819.0,85059.0,,Last week,,Population bulletin: weekly 3 July 2020,https://assets.publishing.service.gov.uk/media/5efee8fad3bf7f769d269602/prison-pop-03-jul-2020.ods,raw/weekly/5efee8fad3bf7f769d269602_prison-pop-03-jul-2020.ods,
2020-06-26,2020-06-26,2020-06-26,,A1,Headlines-_PUBLISHED,79453.0,79393.0,60.0,,3253.0,,76200.0,81749.0,81357.0,392.0,,,,,2649.0,,,,,79605.0,81749.0,,82676.0,85056.0,,Last week,,Population bulletin: weekly 26 June 2020,https://assets.publishing.service.gov.uk/media/5ef5ac7486650c1295cb5ec7/prison-pop-26-jun-2020.ods,raw/weekly/5ef5ac7486650c1295cb5ec7_prison-pop-26-jun-2020.ods,
2020-06-19,2020-06-19,2020-06-19,,A1,Headlines-_PUBLISHED,79605.0,79540.0,65.0,,3265.0,,76340.0,81749.0,81357.0,392.0,,,,,2685.0,,,,,79713.0,81790.0,,82683.0,85016.0,,Last week,,Population bulletin: weekly 19 June 2020,https://assets.publishing.service.gov.uk/media/5eec74a086650c2d2b4b9fce/prison-pop-19-jun-2020.ods,raw/weekly/5eec74a086650c2d2b4b9fce_prison-pop-19-jun-2020.ods,
2020-06-12,2020-06-12,2020-06-12,,A1,Headlines-_PUBLISHED,79713.0,79645.0,68.0,,3264.0,,76449.0,81790.0,81398.0,392.0,,,,,2647.0,,,,,79878.0,81766.0,,82700.0,84942.0,,Last week,,Population bulletin: weekly 12 June 2020,https://assets.publishing.service.gov.uk/media/5ee33cd7d3bf7f1ebbaab89a/prison-pop-12-june-2020.ods,raw/weekly/5ee33cd7d3bf7f1ebbaab89a_prison-pop-12-june-2020.ods,
2020-06-05,2020-06-05,2020-06-05,,A1,Headlines-_PUBLISHED,79878.0,79812.0,66.0,,3255.0,,76623.0,81766.0,81374.0,392.0,,,,,2634.0,,,,,80032.0,81887.0,,82608.0,84824.0,,Last week,,Population bulletin: weekly 5 June 2020,https://assets.publishing.service.gov.uk/media/5ed9fd92e90e071b7a39a652/prison-pop-5-jun-2020.ods,raw/weekly/5ed9fd92e90e071b7a39a652_prison-pop-5-jun-2020.ods,
2020-05-29,2020-05-29,2020-05-29,,A1,Headlines-_PUBLISHED,80032.0,79958.0,74.0,,3297.0,,76735.0,81887.0,81495.0,392.0,,,,,2619.0,,,,,80180.0,82087.0,,82617.0,84760.0,,Last week,,Population bulletin: weekly 29 May 2020,https://assets.publishing.service.gov.uk/media/5ed0c40ce90e0754d3f5eeb3/prison-pop-29-may-2020.ods,raw/weekly/5ed0c40ce90e0754d3f5eeb3_prison-pop-29-may-2020.ods,
2020-05-22,2020-05-22,2020-05-22,,A1,Headlines-_PUBLISHED,80180.0,80102.0,78.0,,3322.0,,76858.0,82087.0,81695.0,392.0,,,,,2656.0,,,,,80422.0,82254.0,,82707.0,84711.0,,Last week,,Population bulletin: weekly 22 May 2020,https://assets.publishing.service.gov.uk/media/5ec788c086650c76ab17fbee/prison-pop-22-may-2020.ods,raw/weekly/5ec788c086650c76ab17fbee_prison-pop-22-may-2020.ods,
2020-05-15,2020-05-15,2020-05-15,,A1,Headlines-_PUBLISHED,80422.0,80348.0,74.0,,3329.0,,77093.0,82254.0,81862.0,392.0,,,,,2676.0,,,,,,,,82560.0,84784.0,,Last week,,Population bulletin: weekly 15 May 2020,https://assets.publishing.service.gov.uk/media/5ebe4f7e86650c279a4c1d36/prison-pop-15-may-2020.ods,raw/weekly/5ebe4f7e86650c279a4c1d36_prison-pop-15-may-2020.ods,
2020-05-01,2020-05-01,2020-05-01,,A1,Headlines-_PUBLISHED,80827.0,80739.0,88.0,,3407.0,,77420.0,83872.0,83480.0,392.0,,,,,2699.0,,,,,81124.0,85505.0,,82649.0,84737.0,,Last week,,Population bulletin: weekly 1 May 2020,https://assets.publishing.service.gov.uk/media/5eabeb22e90e0723b766f2c8/prison-population-1-may-2020.ods,raw/weekly/5eabeb22e90e0723b766f2c8_prison-population-1-may-2020.ods,
2020-04-24,2020-04-24,2020-04-24,,A1,Headlines-_PUBLISHED,81124.0,81039.0,85.0,,3424.0,,77700.0,85505.0,85113.0,392.0,,,,,2699.0,,,,,81454.0,85546.0,,82538.0,84756.0,,Last week,,Population bulletin: weekly 24 April 2020,https://assets.publishing.service.gov.uk/media/5ea2a349e90e0704930d8a78/prison-pop-24-apr-2020.ods,raw/weekly/5ea2a349e90e0704930d8a78_prison-pop-24-apr-2020.ods,
2020-04-17,2020-04-17,2020-04-17,,A1,Headlines-_PUBLISHED,81454.0,81347.0,107.0,,3465.0,,77989.0,85546.0,85154.0,392.0,,,,,2668.0,,,,,,,,,,,Last week,,Population bulletin: weekly 17 April 2020,https://assets.publishing.service.gov.uk/media/5e997f68e90e070494e34c0e/prison-pop-17-apr-2020.ods,raw/weekly/5e997f68e90e070494e34c0e_prison-pop-17-apr-2020.ods,
2020-04-03,2020-04-03,2020-04-03,,A1,Headlines-_PUBLISHED,82589.0,82456.0,133.0,,3600.0,,78989.0,85596.0,85204.0,392.0,,,,,2681.0,,,,,83189.0,85583.0,,82706.0,84808.0,,Last week,,Population bulletin: weekly 3 April 2020,https://assets.publishing.service.gov.uk/media/5e86f2a5d3bf7f134447dfeb/prison-pop-3-apr-2020.ods,raw/weekly/5e86f2a5d3bf7f134447dfeb_prison-pop-3-apr-2020.ods,
2020-03-27,2020-03-27,2020-03-27,,A1,Headlines-_PUBLISHED,83189.0,83052.0,137.0,,3641.0,,79548.0,85583.0,85191.0,392.0,,,,,2693.0,,,,,83709.0,85487.0,,82643.0,84865.0,,Last week,,Population bulletin: weekly 27 March 2020,https://assets.publishing.service.gov.uk/media/5e7dbae2e90e0706fc3ffa10/prison-pop-27-mar-2020.ods,raw/weekly/5e7dbae2e90e0706fc3ffa10_prison-pop-27-mar-2020.ods,
2020-03-20,2020-03-20,2020-03-20,,A1,Headlines-_PUBLISHED,83709.0,83525.0,184.0,,3705.0,,80004.0,85487.0,85095.0,392.0,,,,,2731.0,,,,,83917.0,85409.0,,82521.0,84951.0,,Last week,,Population bulletin: weekly 20 March 2020,https://assets.publishing.service.gov.uk/media/5e74807586650c2974485745/prison-pop-20-march-2020.ods,raw/weekly/5e74807586650c2974485745_prison-pop-20-march-2020.ods,
2020-03-13,2020-03-13,2020-03-13,,A1,Headlines-_PUBLISHED,83917.0,83713.0,204.0,,3716.0,,80201.0,85409.0,85017.0,392.0,,,,,2718.0,,,,,83957.0,85280.0,,82486.0,84959.0,,Last week,,Population bulletin: weekly 13 March 2020,https://assets.publishing.service.gov.uk/media/5e6b44e5e90e070aca43cc10/prison-pop-13-mar-2020.ods,raw/weekly/5e6b44e5e90e070aca43cc10_prison-pop-13-mar-2020.ods,
2020-03-06,2020-03-06,2020-03-06,,A1,Headlines-_PUBLISHED,83957.0,83740.0,217.0,,3719.0,,80238.0,85280.0,84888.0,392.0,,,,,2726.0,,,,,83868.0,85037.0,,82477.0,84979.0,,Last week,,Population bulletin: weekly 6 March 2020,https://assets.publishing.service.gov.uk/media/5e620d6886650c513af6097a/prison-pop-6-mar-2020.ods,raw/weekly/5e620d6886650c513af6097a_prison-pop-6-mar-2020.ods,
2020-02-28,2020-02-28,2020-02-28,,A1,Headlines-_PUBLISHED,83868.0,83654.0,214.0,,3721.0,,80147.0,85037.0,84645.0,392.0,,,,,2719.0,,,,,83695.0,84956.0,,82543.0,85023.0,,Last week,,Population bulletin: weekly 28 February 2020,https://assets.publishing.service.gov.uk/media/5e58cc9ae90e07110d39be1a/prison-pop-28-feb-2020.ods,raw/weekly/5e58cc9ae90e07110d39be1a_prison-pop-28-feb-2020.ods,
2020-02-21,2020-02-21,2020-02-21,,A1,Headlines-_PUBLISHED,83695.0,83477.0,218.0,,3705.0,,79990.0,84956.0,84564.0,392.0,,,,,2684.0,,,,,83626.0,84937.0,,82525.0,85007.0,,Last week,,Population bulletin: weekly 21 February 2020,https://assets.publishing.service.gov.uk/media/5e4f9f9dd3bf7f394161f856/prison-pop-21-feb-2020.ods,raw/weekly/5e4f9f9dd3bf7f394161f856_prison-pop-21-feb-2020.ods,
2020-02-14,2020-02-14,2020-02-14,,A1,Headlines-_PUBLISHED,83626.0,83340.0,286.0,,3702.0,,79924.0,84937.0,84545.0,392.0,,,,,2716.0,,,,,83497.0,84940.0,,82567.0,84999.0,,Last week,,Population bulletin: weekly 14 February 2020,https://assets.publishing.service.gov.uk/media/5e4664dfed915d4ffbb68d55/prison-pop-14-feb-2020.ods,raw/weekly/5e4664dfed915d4ffbb68d55_prison-pop-14-feb-2020.ods,
2020-02-07,2020-02-07,2020-02-07,,A1,Headlines-_PUBLISHED,83497.0,83249.0,248.0,,3714.0,,79783.0,84940.0,84548.0,392.0,,,,,2709.0,,,,,83329.0,85049.0,,82549.0,84955.0,,Last week,,Population bulletin: weekly 7 February 2020,https://assets.publishing.service.gov.uk/media/5e3d3980e5274a08e1d092a0/prison-pop-7-feb-2020.ods,raw/weekly/5e3d3980e5274a08e1d092a0_prison-pop-7-feb-2020.ods,
2020-01-31,2020-01-31,2020-01-31,,A1,Headlines-_PUBLISHED,83329.0,83077.0,252.0,,3718.0,,79611.0,85049.0,84657.0,392.0,,,,,2698.0,,,,,83201.0,85004.0,,82507.0,85000.0,,Last week,,Population bulletin: weekly 31 January 2020,https://assets.publishing.service.gov.uk/media/5e33e7d1e5274a08f0fec3bd/prison-pop-31-jan-2020.ods,raw/weekly/5e33e7d1e5274a08f0fec3bd_prison-pop-31-jan-2020.ods,
2020-01-24,2020-01-24,2020-01-24,,A1,Headlines-_PUBLISHED,83201.0,82947.0,254.0,,3697.0,,79504.0,85004.0,84612.0,392.0,,,,,2703.0,,,,,83167.0,84988.0,,82472.0,85079.0,,Last week,,Population bulletin: weekly 24 January 2020,https://assets.publishing.service.gov.uk/media/5e2ab0feed915d1f28fe88b9/prison-pop-24-jan-2020.ods,raw/weekly/5e2ab0feed915d1f28fe88b9_prison-pop-24-jan-2020.ods,
2020-01-17,2020-01-17,2020-01-17,,A1,Headlines-_PUBLISHED,83167.0,82932.0,235.0,,3707.0,,79460.0,84988.0,84596.0,392.0,,,,,2741.0,,,,,82954.0,84974.0,,82460.0,85122.0,,Last week,,Population bulletin: weekly 17 January 2020,https://assets.publishing.service.gov.uk/media/5e217a8f40f0b62c4b0f09d5/prison-population-17-january-2020.ods,raw/weekly/5e217a8f40f0b62c4b0f09d5_prison-population-17-january-2020.ods,
2020-01-10,2020-01-10,2020-01-10,,A1,Headlines-_PUBLISHED,82954.0,82732.0,222.0,,3686.0,,79268.0,84974.0,84582.0,392.0,,,,,2726.0,,,,,82784.0,85188.0,,82321.0,85121.0,,Last week,,Population bulletin: weekly 10 January 2020,https://assets.publishing.service.gov.uk/media/5e183acbed915d3b0a02673d/prison-pop-10-jan-2020.ods,raw/weekly/5e183acbed915d3b0a02673d_prison-pop-10-jan-2020.ods,
2020-01-03,2020-01-03,2020-01-03,,A1,Headlines-_PUBLISHED,82784.0,82559.0,225.0,,3688.0,,79096.0,85188.0,84796.0,392.0,,,,,2759.0,,,,,83023.0,85222.0,,82202.0,85130.0,,Last week,,Population bulletin: weekly 03 January 2020,https://assets.publishing.service.gov.uk/media/5e0f048fed915d6a952c0156/pop-bull-030120.ods,raw/weekly/5e0f048fed915d6a952c0156_pop-bull-030120.ods,
2019-12-27,2019-12-27,2019-12-27,,A1,Headlines-_PUBLISHED,83023.0,82771.0,252.0,,3712.0,,79311.0,85222.0,84830.0,392.0,,,,,2747.0,,,,,83353.0,85222.0,,82384.0,85200.0,,Last week,,Population bulletin: weekly 27 December 2019,https://assets.publishing.service.gov.uk/media/5e05cc4fe5274a3483e59977/prison_pop_27_December.ods,raw/weekly/5e05cc4fe5274a3483e59977_prison_pop_27_December.ods,
2019-12-20,2019-12-20,2019-12-20,,A1,Headlines-_PUBLISHED,83353.0,83097.0,256.0,,3744.0,,79609.0,85222.0,84830.0,392.0,,,,,2816.0,,,,,83376.0,85187.0,,82764.0,85200.0,,Last week,,Population bulletin: weeky 20 December 2019,https://assets.publishing.service.gov.uk/media/5dfc93cce5274a34128a4a02/prison-pop-20-dec-2019.ods,raw/weekly/5dfc93cce5274a34128a4a02_prison-pop-20-dec-2019.ods,
2019-12-13,2019-12-13,2019-12-13,,A1,Headlines-_PUBLISHED,83376.0,83129.0,247.0,,3762.0,,79614.0,85187.0,84795.0,392.0,,,,,2847.0,,,,,83484.0,85193.0,,82964.0,85196.0,,Last week,,Population bulletin: weeky 13 December 2019,https://assets.publishing.service.gov.uk/media/5df35c4740f0b60950ba82f9/prison-pop-13-dec-2019.ods,raw/weekly/5df35c4740f0b60950ba82f9_prison-pop-13-dec-2019.ods,
2019-12-06,2019-12-06,2019-12-06,,A1,Headlines-_PUBLISHED,83484.0,83225.0,259.0,,3783.0,,79701.0,85193.0,84801.0,392.0,,,,,2891.0,,,,,83516.0,85267.0,,83068.0,85236.0,,Last week,,Population bulletin: weekly 6 December 2019,https://assets.publishing.service.gov.uk/media/5dea1c8ded915d09dde01ea6/prison-pop-061219.ods,raw/weekly/5dea1c8ded915d09dde01ea6_prison-pop-061219.ods,
2019-11-29,2019-11-29,2019-11-29,,A1,Headlines-_PUBLISHED,83516.0,83255.0,261.0,,3789.0,,79727.0,85267.0,84875.0,392.0,,,,,2827.0,,,,,83482.0,85347.0,,83146.0,85262.0,,Last week,,Population bulletin: weekly 29 November 2019,https://assets.publishing.service.gov.uk/media/5de0e091ed915d0167331d07/prison-pop-29-nov-2019.ods,raw/weekly/5de0e091ed915d0167331d07_prison-pop-29-nov-2019.ods,
2019-11-22,2019-11-22,2019-11-22,,A1,Headlines-_PUBLISHED,83482.0,83234.0,248.0,,3785.0,,79697.0,85347.0,84955.0,392.0,,,,,2824.0,,,,,83599.0,85256.0,,83159.0,85263.0,,Last week,,Population bulletin: weekly 22 November 2019,https://assets.publishing.service.gov.uk/media/5dd7a51540f0b650da54c4fa/prison-pop-22-november-2019.ods,raw/weekly/5dd7a51540f0b650da54c4fa_prison-pop-22-november-2019.ods,
2019-11-15,2019-11-15,2019-11-15,,A1,Headlines-_PUBLISHED,83599.0,83335.0,264.0,,3814.0,,79785.0,85256.0,84864.0,392.0,,,,,2809.0,,,,,83617.0,85166.0,,83163.0,85253.0,,Last week,,Population bulletin: weekly 15 November 2019,https://assets.publishing.service.gov.uk/media/5dce6e1040f0b608cad4dae4/prison-pop-15-nov-2019.ods,raw/weekly/5dce6e1040f0b608cad4dae4_prison-pop-15-nov-2019.ods,
2019-11-08,2019-11-08,2019-11-08,,A1,Headlines-_PUBLISHED,83617.0,83383.0,234.0,,3834.0,,79783.0,85166.0,84774.0,392.0,,,,,2786.0,,,,,83665.0,85151.0,,83190.0,85351.0,,Last week,,Population bulletin: weekly 8 November 2019,https://assets.publishing.service.gov.uk/media/5dc53146ed915d3955db7881/prison-pop-08-nov-2019.ods,raw/weekly/5dc53146ed915d3955db7881_prison-pop-08-nov-2019.ods,
2019-11-01,2019-11-01,2019-11-01,,A1,Headlines-_PUBLISHED,83665.0,83447.0,218.0,,3796.0,,79869.0,85151.0,84759.0,392.0,,,,,2764.0,,,,,83795.0,85053.0,,83169.0,85336.0,,Last week,,Population bulletin: weekly 1 November 2019,https://assets.publishing.service.gov.uk/media/5dbbf2c4e5274a4aa3db0782/prison-pop-1-nov-2019.ods,raw/weekly/5dbbf2c4e5274a4aa3db0782_prison-pop-1-nov-2019.ods,
2019-10-25,2019-10-25,2019-10-25,,A1,Headlines-_PUBLISHED,83795.0,83536.0,259.0,,3812.0,,79983.0,85053.0,84661.0,392.0,,,,,2740.0,,,,,83787.0,85042.0,,83309.0,85564.0,,Last week,,Population bulletin: weekly 25 October 2019,https://assets.publishing.service.gov.uk/media/5db2adb740f0b609d12d3c8b/prison-pop-25-oct-2019.ods,raw/weekly/5db2adb740f0b609d12d3c8b_prison-pop-25-oct-2019.ods,
2019-10-18,2019-10-18,2019-10-18,,A1,Headlines-_PUBLISHED,83787.0,83534.0,253.0,,3827.0,,79960.0,85042.0,84650.0,392.0,,,,,2770.0,,,,,83772.0,85040.0,,83364.0,85488.0,,Last week,,Population bulletin: weekly 18 October 2019,https://assets.publishing.service.gov.uk/media/5da96de9e5274a5caf317213/prison-pop-18-oct-2019.ods,raw/weekly/5da96de9e5274a5caf317213_prison-pop-18-oct-2019.ods,
2019-10-11,2019-10-11,2019-10-11,,A1,Headlines-_PUBLISHED,83772.0,83514.0,258.0,,3852.0,,79920.0,85040.0,84648.0,392.0,,,,,2773.0,,,,,83801.0,84973.0,,83232.0,85464.0,,Last week,,Population bulletin: weekly 11 October 2019,https://assets.publishing.service.gov.uk/media/5da0323540f0b607f3e679d8/prison-pop-11-october-2019.ods,raw/weekly/5da0323540f0b607f3e679d8_prison-pop-11-october-2019.ods,
2019-10-04,2019-10-04,2019-10-04,,A1,Headlines-_PUBLISHED,83801.0,83533.0,268.0,,3856.0,,79945.0,84973.0,84581.0,392.0,,,,,2837.0,,,,,83766.0,84916.0,,83186.0,85407.0,,Last week,,Population bulletin: weekly 4 October 2019,https://assets.publishing.service.gov.uk/media/5d96f6b7e5274a5a243406c4/prison-pop-4-oct-2019.ods,raw/weekly/5d96f6b7e5274a5a243406c4_prison-pop-4-oct-2019.ods,
2019-09-27,2019-09-27,2019-09-27,,A1,Headlines-_PUBLISHED,83766.0,83518.0,248.0,,3859.0,,79907.0,84916.0,84524.0,392.0,,,,,2807.0,,,,,83596.0,85088.0,,83014.0,85453.0,,Last week,,Population bulletin: weekly 27 September 2019,https://assets.publishing.service.gov.uk/media/5d8dc06ee5274a2fb5fff098/prison-pop-27-sept-2019.ods,raw/weekly/5d8dc06ee5274a2fb5fff098_prison-pop-27-sept-2019.ods,
2019-09-20,2019-09-20,2019-09-20,,A1,Headlines-_PUBLISHED,83596.0,83302.0,294.0,,3827.0,,79769.0,85088.0,84696.0,392.0,,,,,2848.0,,,,,83433.0,85082.0,,83157.0,85606.0,,Last week,,Population bulletin: weekly 20 September 2019,https://assets.publishing.service.gov.uk/media/5d84822ced915d51e8634d07/prison-pop-20-sept-2019.ods,raw/weekly/5d84822ced915d51e8634d07_prison-pop-20-sept-2019.ods,
2019-09-13,2019-09-13,2019-09-13,,A1,Headlines-_PUBLISHED,83433.0,83144.0,289.0,,3855.0,,79578.0,85082.0,84690.0,392.0,,,,,2866.0,,,,,83327.0,85069.0,,83137.0,85616.0,,Last week,,Population bulletin: weekly 13 September 2019,https://assets.publishing.service.gov.uk/media/5d7b4789e5274a20381543ff/prison-pop-13-sept-2019.ods,raw/weekly/5d7b4789e5274a20381543ff_prison-pop-13-sept-2019.ods,
2019-09-06,2019-09-06,2019-09-06,,A1,Headlines-_PUBLISHED,83327.0,83045.0,282.0,,3813.0,,79514.0,85069.0,84677.0,392.0,,,,,2882.0,,,,,83175.0,85064.0,,83123.0,85617.0,,Last week,,Population bulletin: weekly 6 September 2019,https://assets.publishing.service.gov.uk/media/5d720d68ed915d08ffa9d779/prison-pop-6-sept-2019.ods,raw/weekly/5d720d68ed915d08ffa9d779_prison-pop-6-sept-2019.ods,
2019-08-30,2019-08-30,2019-08-30,,A1,Headlines-_PUBLISHED,83175.0,82904.0,271.0,,3800.0,,79375.0,85064.0,84672.0,392.0,,,,,2890.0,,,,,83116.0,84981.0,,83052.0,85743.0,,Last week,,Population bulletin: weekly 30 August 2019,https://assets.publishing.service.gov.uk/media/5d68d490e5274a1711fbe65e/prison-pop-30-aug-2019.ods,raw/weekly/5d68d490e5274a1711fbe65e_prison-pop-30-aug-2019.ods,
2019-08-23,2019-08-23,2019-08-23,,A1,Headlines-_PUBLISHED,83116.0,82905.0,211.0,,3812.0,,79304.0,84981.0,84589.0,392.0,,,,,2891.0,,,,,83136.0,85164.0,,83064.0,85854.0,,Last week,,Population bulletin: weekly 23 August 2019,https://assets.publishing.service.gov.uk/media/5d5f965bed915d53b2a72834/prison-pop-23-aug-2019.ods,raw/weekly/5d5f965bed915d53b2a72834_prison-pop-23-aug-2019.ods,
2019-08-16,2019-08-16,2019-08-16,,A1,Headlines-_PUBLISHED,83136.0,82904.0,232.0,,3835.0,,79301.0,85164.0,84772.0,392.0,,,,,2898.0,,,,,83119.0,85165.0,,83165.0,85976.0,,Last week,,Population bulletin: weekly 16 August 2019,https://assets.publishing.service.gov.uk/media/5d565f83e5274a07640aefa9/prison-pop-16-aug-2019.ods,raw/weekly/5d565f83e5274a07640aefa9_prison-pop-16-aug-2019.ods,
2019-08-09,2019-08-09,2019-08-09,,A1,Headlines-_PUBLISHED,83119.0,82875.0,244.0,,3841.0,,79278.0,85165.0,84773.0,392.0,,,,,2910.0,,,,,83007.0,85117.0,,83110.0,85968.0,,Last week,,Population bulletin: weekly 9 August 2019,https://assets.publishing.service.gov.uk/media/5d4d2c9fed915d71900c52d3/prison-pop-9-aug-2019.ods,raw/weekly/5d4d2c9fed915d71900c52d3_prison-pop-9-aug-2019.ods,
2019-08-02,2019-08-02,2019-08-02,,A1,Headlines-_PUBLISHED,83007.0,82748.0,259.0,,3841.0,,79166.0,85117.0,84725.0,392.0,,,,,2924.0,,,,,83042.0,85131.0,,83017.0,86012.0,,Last week,,Population bulletin: weekly 2 August 2019,https://assets.publishing.service.gov.uk/media/5d440080ed915d705df4cd5e/prison-population-bulletin-02082019.ods,raw/weekly/5d440080ed915d705df4cd5e_prison-population-bulletin-02082019.ods,
2019-07-26,2019-07-26,2019-07-26,,A1,Headlines-_PUBLISHED,83042.0,82780.0,262.0,,3831.0,,79211.0,85131.0,84739.0,392.0,,,,,2884.0,,,,,82894.0,85111.0,,82967.0,86318.0,,Last week,,Population bulletin: weekly 26 July 2019,https://assets.publishing.service.gov.uk/media/5d3ac42940f0b604e4272a32/population-bulletin-26072019.ods,raw/weekly/5d3ac42940f0b604e4272a32_population-bulletin-26072019.ods,
2019-07-19,2019-07-19,2019-07-19,,A1,Headlines-_PUBLISHED,82894.0,82644.0,250.0,,3824.0,,79070.0,85111.0,84719.0,392.0,,,,,2933.0,,,,,82962.0,85091.0,,82956.0,86524.0,,Last week,,Population bulletin: weekly 19 July 2019,https://assets.publishing.service.gov.uk/media/5d3184f1e5274a14f41d28ce/prison-population-19072019.ods,raw/weekly/5d3184f1e5274a14f41d28ce_prison-population-19072019.ods,
2019-07-12,2019-07-12,2019-07-12,,A1,Headlines-_PUBLISHED,82962.0,82705.0,257.0,,3838.0,,79124.0,85091.0,84699.0,392.0,,,,,2922.0,,,,,82819.0,85059.0,,82822.0,86542.0,,Last week,,Population bulletin: weekly 12 July 2019,https://assets.publishing.service.gov.uk/media/5d285ea9ed915d69013fbc24/ps-web-report-120719.ods,raw/weekly/5d285ea9ed915d69013fbc24_ps-web-report-120719.ods,
2019-07-05,2019-07-05,2019-07-05,,A1,Headlines-_PUBLISHED,82819.0,82570.0,249.0,,3808.0,,79011.0,85059.0,84667.0,392.0,,,,,2941.0,,,,,82676.0,85056.0,,82901.0,86514.0,,Last week,,Population bulletin: weekly 5 July 2019,https://assets.publishing.service.gov.uk/media/5d1f056ae5274a08cf8aaec2/prison-pop-5-july-2019.ods,raw/weekly/5d1f056ae5274a08cf8aaec2_prison-pop-5-july-2019.ods,
2019-06-28,2019-06-28,2019-06-28,,A1,Headlines-_PUBLISHED,82676.0,82422.0,254.0,,3766.0,,78910.0,85056.0,84664.0,392.0,,,,,2953.0,,,,,82683.0,85016.0,,82961.0,86491.0,,Last week,,Population bulletin: weekly 28 June 2019,https://assets.publishing.service.gov.uk/media/5d15cbe5e5274a0662da52cd/prison-pop-28-june-2019.ods,raw/weekly/5d15cbe5e5274a0662da52cd_prison-pop-28-june-2019.ods,
2019-06-21,2019-06-21,2019-06-21,,A1,Headlines-_PUBLISHED,82683.0,82424.0,259.0,,3759.0,,78924.0,85016.0,84624.0,392.0,,,,,2953.0,,,,,82700.0,84942.0,,82989.0,86533.0,,Last week,,Population bulletin: weekly 21 June 2019,https://assets.publishing.service.gov.uk/media/5d0c8cb540f0b6200184b64a/prison-pop-21-jun-2019.ods,raw/weekly/5d0c8cb540f0b6200184b64a_prison-pop-21-jun-2019.ods,
2019-06-14,2019-06-14,2019-06-14,,A1,Headlines-_PUBLISHED,82700.0,82440.0,260.0,,3774.0,,78926.0,84942.0,84550.0,392.0,,,,,2946.0,,,,,82608.0,84824.0,,83064.0,86524.0,,Last week,,Population bulletin: weekly 14 June 2019,https://assets.publishing.service.gov.uk/media/5d0352e0e5274a0b7ba05a06/prison-pop-14-june-2019.ods,raw/weekly/5d0352e0e5274a0b7ba05a06_prison-pop-14-june-2019.ods,
2019-06-07,2019-06-07,2019-06-07,,A1,Headlines-_PUBLISHED,82608.0,82346.0,262.0,,3746.0,,78862.0,84824.0,84432.0,392.0,,,,,2937.0,,,,,82617.0,84760.0,,83154.0,86510.0,,Last week,,Population bulletin: weekly 7 June 2019,https://assets.publishing.service.gov.uk/media/5cfa18b2ed915d737191e73e/prison-pop-7-june-2019.ods,raw/weekly/5cfa18b2ed915d737191e73e_prison-pop-7-june-2019.ods,
2019-05-31,2019-05-31,2019-05-31,,A1,Headlines-_PUBLISHED,82617.0,82368.0,249.0,,3736.0,,78881.0,84760.0,84368.0,392.0,,,,,2956.0,,,,,82707.0,84711.0,,83254.0,86549.0,,Last week,,Population bulletin: weekly 31 May 2019,https://assets.publishing.service.gov.uk/media/5cf0e2caed915d7e774b1491/prison-pop-31-may-2019.ods,raw/weekly/5cf0e2caed915d7e774b1491_prison-pop-31-may-2019.ods,
2019-05-24,2019-05-24,2019-05-24,,A1,Headlines-_PUBLISHED,82707.0,82441.0,266.0,,3783.0,,78924.0,84711.0,84319.0,392.0,,,,,2965.0,,,,,82560.0,84784.0,,83430.0,86555.0,,Last week,,Population bulletin: weekly 24 May 2019,https://assets.publishing.service.gov.uk/media/5ce7af08e5274a487d6700e2/prison-pop-24-may-2019.ods,raw/weekly/5ce7af08e5274a487d6700e2_prison-pop-24-may-2019.ods,
2019-05-17,2019-05-17,2019-05-17,,A1,Headlines-_PUBLISHED,82560.0,82291.0,269.0,,3784.0,,78776.0,84784.0,84392.0,392.0,,,,,2982.0,,,,,82599.0,84737.0,,83564.0,86512.0,,Last week,,Population bulletin: weekly 17 May 2019,https://assets.publishing.service.gov.uk/media/5cde767a40f0b652ba4721ec/prison-pop-17-may-2019.ods,raw/weekly/5cde767a40f0b652ba4721ec_prison-pop-17-may-2019.ods,
2019-05-10,2019-05-10,2019-05-10,,A1,Headlines-_PUBLISHED,82599.0,82348.0,251.0,,3804.0,,78795.0,84737.0,84345.0,392.0,,,,,2902.0,,,,,82649.0,84737.0,,83534.0,86542.0,,Last week,,Population bulletin: weekly 10 May 2019,https://assets.publishing.service.gov.uk/media/5cd52b67e5274a3fce8274d7/prison-pop-10-may-2019.ods,raw/weekly/5cd52b67e5274a3fce8274d7_prison-pop-10-may-2019.ods,
2019-05-03,2019-05-03,2019-05-03,,A1,Headlines-_PUBLISHED,82649.0,82401.0,248.0,,3836.0,,78813.0,84737.0,84345.0,392.0,,,,,2918.0,,,,,82538.0,84756.0,,83705.0,86542.0,,Last week,,Population bulletin: weekly 3 May 2019,https://assets.publishing.service.gov.uk/media/5ccc02b5ed915d50c3d25308/prison-pop-3-may-2019.ods,raw/weekly/5ccc02b5ed915d50c3d25308_prison-pop-3-may-2019.ods,
2019-04-26,2019-04-26,2019-04-26,,A1,Headlines-_PUBLISHED,82538.0,82293.0,245.0,,3830.0,,78708.0,84756.0,84364.0,392.0,,,,,2928.0,,,,,,,,83673.0,86521.0,,Last week,,Population bulletin: weekly 26 April 2019,https://assets.publishing.service.gov.uk/media/5cc2bc62e5274a466e0a6c8f/prison-pop-26-april-2019.ods,raw/weekly/5cc2bc62e5274a466e0a6c8f_prison-pop-26-april-2019.ods,
2019-04-12,2019-04-12,2019-04-12,,A1,Headlines-_PUBLISHED,82769.0,82541.0,228.0,,3849.0,,78920.0,84756.0,84364.0,392.0,,,,,2970.0,,,,,82706.0,84808.0,,83568.0,86498.0,,Last week,,Population bulletin: weekly 12 April 2019,https://assets.publishing.service.gov.uk/media/5cb04b0ee5274a59cc195a0c/prison-pop-12-apr-2019.ods,raw/weekly/5cb04b0ee5274a59cc195a0c_prison-pop-12-apr-2019.ods,
2019-04-05,2019-04-05,2019-04-05,,A1,Headlines-_PUBLISHED,82706.0,82460.0,246.0,,3839.0,,78867.0,84808.0,84416.0,392.0,,,,,2959.0,,,,,82643.0,84865.0,,83617.0,86485.0,,Last week,,Population bulletin: weekly 5 April 2019,https://assets.publishing.service.gov.uk/media/5ca70e4640f0b60a35090e89/prison-pop-5-apr-2019.ods,raw/weekly/5ca70e4640f0b60a35090e89_prison-pop-5-apr-2019.ods,
2019-03-29,2019-03-29,2019-03-29,,A1,Headlines-_PUBLISHED,82643.0,82417.0,226.0,,3837.0,,78806.0,84865.0,84473.0,392.0,,,,,2950.0,,,,,82521.0,84951.0,,,,,Last week,,Population bulletin: weekly 29 March 2019,https://assets.publishing.service.gov.uk/media/5c9ddde440f0b633fe11d31a/prison-pop-29-march-2019.ods,raw/weekly/5c9ddde440f0b633fe11d31a_prison-pop-29-march-2019.ods,
2019-03-22,2019-03-22,2019-03-22,,A1,Headlines-_PUBLISHED,82521.0,82292.0,229.0,,3836.0,,78685.0,84951.0,84559.0,392.0,,,,,2910.0,,,,,82486.0,84959.0,,83875.0,86515.0,,Last week,,Population bulletin: weekly 22 March 2019,https://assets.publishing.service.gov.uk/media/5c94a1d0ed915d07adf5c239/prison-pop-22-march-2019.ods,raw/weekly/5c94a1d0ed915d07adf5c239_prison-pop-22-march-2019.ods,
2019-03-08,2019-03-08,2019-03-08,,A1,Headlines-_PUBLISHED,82477.0,82251.0,226.0,,3834.0,,78643.0,84979.0,84587.0,392.0,,,,,2888.0,,,,,82543.0,85023.0,,83899.0,86652.0,,Last week,,Population bulletin: weekly 8 March 2019,https://assets.publishing.service.gov.uk/media/5c8258f8ed915d07cefd9336/ps-web-report-8-mar-2019.ods,raw/weekly/5c8258f8ed915d07cefd9336_ps-web-report-8-mar-2019.ods,
2019-03-01,2019-03-01,2019-03-01,,A1,Headlines-_PUBLISHED,82543.0,82302.0,241.0,,3833.0,,78710.0,85023.0,84631.0,392.0,,,,,2875.0,,,,,82525.0,85007.0,,84178.0,86648.0,,Last week,,Population bulletin: weekly 1 March 2019,https://assets.publishing.service.gov.uk/media/5c78f818ed915d29eb6a0051/prison-pop-1-march-2019.ods,raw/weekly/5c78f818ed915d29eb6a0051_prison-pop-1-march-2019.ods,
2019-02-22,2019-02-22,2019-02-22,,A1,Headlines-_PUBLISHED,82525.0,82293.0,232.0,,3820.0,,78705.0,85007.0,84615.0,392.0,,,,,2877.0,,,,,82567.0,84999.0,,84235.0,86788.0,,Last week,,Population bulletin: weekly 22 February 2019,https://assets.publishing.service.gov.uk/media/5c6fb8eee5274a0ec04b448d/prison-population-22-feb-2019.ods,raw/weekly/5c6fb8eee5274a0ec04b448d_prison-population-22-feb-2019.ods,
2019-02-15,2019-02-15,2019-02-15,,A1,Headlines-_PUBLISHED,82567.0,82308.0,259.0,,3809.0,,78758.0,84999.0,84607.0,392.0,,,,,2849.0,,,,,82549.0,84955.0,,84255.0,86771.0,,Last week,,Population bulletin: weekly 15 February 2019,https://assets.publishing.service.gov.uk/media/5c667cdd40f0b61a24d12ef8/prison-population-15-feb-2019.ods,raw/weekly/5c667cdd40f0b61a24d12ef8_prison-population-15-feb-2019.ods,
2019-02-08,2019-02-08,2019-02-08,,A1,Headlines-_PUBLISHED,82549.0,82275.0,274.0,,3814.0,,78735.0,84955.0,84563.0,392.0,,,,,2846.0,,,,,82507.0,85000.0,,84474.0,86760.0,,Last week,,Population bulletin: weekly 8 February 2019,https://assets.publishing.service.gov.uk/media/5c5d54ca40f0b676c362b4fd/prison-pop-8-feb-2019.ods,raw/weekly/5c5d54ca40f0b676c362b4fd_prison-pop-8-feb-2019.ods,
2019-02-01,2019-02-01,2019-02-01,,A1,Headlines-_PUBLISHED,82507.0,82254.0,253.0,,3824.0,,78683.0,85000.0,84608.0,392.0,,,,,2826.0,,,,,82472.0,85079.0,,84511.0,86762.0,,Last week,,Population bulletin: weekly 1 February 2019,https://assets.publishing.service.gov.uk/media/5c541321e5274a492645fde6/prison-pop-1-feb-2019.ods,raw/weekly/5c541321e5274a492645fde6_prison-pop-1-feb-2019.ods,
2019-01-25,2019-01-25,2019-01-25,,A1,Headlines-_PUBLISHED,82472.0,82233.0,239.0,,3797.0,,78675.0,85079.0,84687.0,392.0,,,,,2835.0,,,,,82460.0,85122.0,,84537.0,86749.0,,Last week,,Population bulletin: weekly 25 January 2019,https://assets.publishing.service.gov.uk/media/5c4adb7640f0b616fe901ea4/prison-pop-25-jan-2019.ods,raw/weekly/5c4adb7640f0b616fe901ea4_prison-pop-25-jan-2019.ods,
2019-01-18,2019-01-18,2019-01-18,,A1,Headlines-_PUBLISHED,82460.0,82240.0,220.0,,3784.0,,78676.0,85122.0,84730.0,392.0,,,,,2866.0,,,,,82321.0,85121.0,,84574.0,86877.0,,Last week,,Population bulletin: weekly 18 January 2019,https://assets.publishing.service.gov.uk/media/5c41980740f0b61720ae82a9/prison-pop-18-jan-2019.ods,raw/weekly/5c41980740f0b61720ae82a9_prison-pop-18-jan-2019.ods,
2019-01-11,2019-01-11,2019-01-11,,A1,Headlines-_PUBLISHED,82321.0,82107.0,214.0,,3762.0,,78559.0,85121.0,84729.0,392.0,,,,,2900.0,,,,,82202.0,85130.0,,84646.0,86912.0,,Last week,,Population bulletin: weekly 11 January 2019,https://assets.publishing.service.gov.uk/media/5c385fdee5274a70cd61fc09/prison-pop-11-january-2019.ods,raw/weekly/5c385fdee5274a70cd61fc09_prison-pop-11-january-2019.ods,
2019-01-04,2019-01-04,2019-01-04,,A1,Headlines-_PUBLISHED,82202.0,81980.0,222.0,,3759.0,,78443.0,85130.0,84738.0,392.0,,,,,2976.0,,,,,82384.0,85200.0,,84550.0,86955.0,,Last week,,Population bulletin: weekly 4 January 2019,https://assets.publishing.service.gov.uk/media/5c2f29e0e5274a65960a3294/prison-pop-4-january-2019.ods,raw/weekly/5c2f29e0e5274a65960a3294_prison-pop-4-january-2019.ods,
2019-03-15,2019-03-15,2019-03-15,,A1,Headlines-_PUBLISHED,82486.0,82245.0,241.0,,3834.0,,78652.0,84959.0,84567.0,392.0,,,,,2913.0,,,,,82477.0,84979.0,,83921.0,86621.0,,Last week,,Population bulletin: weekly 15 March 2019,https://assets.publishing.service.gov.uk/media/5c8b6380ed915d5c0e2d6247/prison-pop-15-march-2019.ods,raw/weekly/5c8b6380ed915d5c0e2d6247_prison-pop-15-march-2019.ods,
2018-12-28,2018-12-28,2018-12-28,,A1,Headlines-_PUBLISHED,82384.0,82148.0,236.0,,3781.0,,78603.0,85200.0,84808.0,392.0,,,,,3058.0,,,,,82764.0,85200.0,,84746.0,87072.0,,Last week,,Population bulletin: weekly 28 December 2018,https://assets.publishing.service.gov.uk/media/5c25e91ee5274a65c47cdd7a/prison-pop-28-dec-2018.ods,raw/weekly/5c25e91ee5274a65c47cdd7a_prison-pop-28-dec-2018.ods,
2018-12-21,2018-12-21,2018-12-21,,A1,Headlines-_PUBLISHED,82764.0,82509.0,255.0,,3824.0,,78940.0,85200.0,84808.0,392.0,,,,,3100.0,,,,,82964.0,85196.0,,85267.0,87092.0,,Last week,,Population bulletin: weekly 21 December 2018,https://assets.publishing.service.gov.uk/media/5c1ca8a6e5274a6599225d66/prison-pop-21-dec-2018.ods,raw/weekly/5c1ca8a6e5274a6599225d66_prison-pop-21-dec-2018.ods,
2018-12-14,2018-12-14,2018-12-14,,A1,Headlines-_PUBLISHED,82964.0,82661.0,303.0,,3810.0,,79154.0,85196.0,84804.0,392.0,,,,,3108.0,,,,,83068.0,85236.0,,85577.0,87198.0,,Last week,,Population bulletin: weekly 14 December 2018,https://assets.publishing.service.gov.uk/media/5c136ef2e5274a0bcac5f8f3/prison-pop-14-dec-2018.ods,raw/weekly/5c136ef2e5274a0bcac5f8f3_prison-pop-14-dec-2018.ods,
2018-12-07,2018-12-07,,,A1,Headlines-_PUBLISHED,83068.0,82786.0,282.0,,3804.0,,79264.0,85236.0,84844.0,392.0,,,,,3102.0,,,,,83146.0,85262.0,,85948.0,87329.0,,Last week,,Populaton bulletin: weekly December 7 2018,https://assets.publishing.service.gov.uk/media/5c0a374c40f0b67087c003e0/prison-pop-7-dec-2018.ods,raw/weekly/5c0a374c40f0b67087c003e0_prison-pop-7-dec-2018.ods,
2018-11-30,2018-11-30,2018-11-30,,A1,Headlines-_PUBLISHED,83146.0,82852.0,294.0,,3807.0,,79339.0,85262.0,84870.0,392.0,,,,,3130.0,,,,,83159.0,85263.0,,86075.0,87411.0,,Last week,,Population bulletin: weekly 30 November 2018,https://assets.publishing.service.gov.uk/media/5c00ff3eed915d11a41d246c/prison-population-30-nov-2018.ods,raw/weekly/5c00ff3eed915d11a41d246c_prison-population-30-nov-2018.ods,
2018-11-23,2018-11-23,2018-11-23,,A1,Headlines-_PUBLISHED,83159.0,82888.0,271.0,,3811.0,,79348.0,85263.0,84871.0,392.0,,,,,3117.0,,,,,83163.0,85253.0,,86129.0,87370.0,,Last week,,Population bulletin: weekly 23 November 2018,https://assets.publishing.service.gov.uk/media/5bf7bfade5274a3b30beee67/prison-pop-23-nov-2018.ods,raw/weekly/5bf7bfade5274a3b30beee67_prison-pop-23-nov-2018.ods,
2018-11-16,2018-11-16,2018-11-16,,A1,Headlines-_PUBLISHED,83163.0,82902.0,261.0,,3842.0,,79321.0,85253.0,84861.0,392.0,,,,,3139.0,,,,,83190.0,85351.0,,86185.0,87332.0,,Last week,,Population bulletin: weekly 16 November 2018,https://assets.publishing.service.gov.uk/media/5bee871940f0b667a46ce0f6/prison-pop-16-nov-2018.ods,raw/weekly/5bee871940f0b667a46ce0f6_prison-pop-16-nov-2018.ods,
2018-11-09,2018-11-09,2018-11-09,,A1,Headlines-_PUBLISHED,83190.0,82966.0,224.0,,3829.0,,79361.0,85351.0,84959.0,392.0,,,,,3143.0,,,,,83169.0,85336.0,,86163.0,87330.0,,Last week,,Population bulletin: weekly 9 November 2018,https://assets.publishing.service.gov.uk/media/5be565de40f0b6679b8f9be2/prison-pop-9-nov-2018.ods,raw/weekly/5be565de40f0b6679b8f9be2_prison-pop-9-nov-2018.ods,
2018-11-02,2018-11-02,2018-11-02,,A1,Headlines-_PUBLISHED,83169.0,82938.0,231.0,,3835.0,,79334.0,85336.0,84944.0,392.0,,,,,3134.0,,,,,83309.0,85564.0,,86185.0,87469.0,,Last week,,Population bulletin: weekly 2 November 2018,https://assets.publishing.service.gov.uk/media/5bdc15e040f0b604cbff2368/prison-pop-2-nov-2018.ods,raw/weekly/5bdc15e040f0b604cbff2368_prison-pop-2-nov-2018.ods,
2018-10-26,2018-10-26,2018-10-26,,A1,Headlines-_PUBLISHED,83309.0,83042.0,267.0,,3871.0,,79438.0,85564.0,85172.0,392.0,,,,,3138.0,,,,,83364.0,85488.0,,86327.0,87532.0,,Last week,,Population bulletin: weekly 26 October 2018,https://assets.publishing.service.gov.uk/media/5bd2cc06e5274a6e3cff0cd6/prison-pop-26-october-2018.ods,raw/weekly/5bd2cc06e5274a6e3cff0cd6_prison-pop-26-october-2018.ods,
2018-10-19,2018-10-19,2018-10-19,,A1,Headlines-_PUBLISHED,83364.0,83093.0,271.0,,3883.0,,79481.0,85488.0,85096.0,392.0,,,,,3127.0,,,,,83232.0,85464.0,,86362.0,87452.0,,Last week,,Population bulletin: weekly 19 October 2018,https://assets.publishing.service.gov.uk/media/5bc9a3dde5274a092d1c5350/prison-pop-19-october-2018.ods,raw/weekly/5bc9a3dde5274a092d1c5350_prison-pop-19-october-2018.ods,
2018-10-12,2018-10-12,2018-10-12,,A1,Headlines-_PUBLISHED,83232.0,82991.0,241.0,,3867.0,,79365.0,85464.0,85072.0,392.0,,,,,3140.0,,,,,83186.0,85407.0,,86337.0,87358.0,,Last week,,Population bulletin: weekly 12 October 2018,https://assets.publishing.service.gov.uk/media/5bc9a3c840f0b649108dc5b0/prison-pop-12-october-2018.ods,raw/weekly/5bc9a3c840f0b649108dc5b0_prison-pop-12-october-2018.ods,
2018-10-05,2018-10-05,2018-10-05,,A1,Headlines-_PUBLISHED,83186.0,82936.0,250.0,,3833.0,,79353.0,85407.0,85015.0,392.0,,,,,3214.0,,,,,83014.0,85453.0,,86260.0,87471.0,,Last week,,Population bulletin: weekly 5 October 2018,https://assets.publishing.service.gov.uk/media/5bb760a140f0b664d02f4566/prison-pop-05-oct-2018.ods,raw/weekly/5bb760a140f0b664d02f4566_prison-pop-05-oct-2018.ods,
2018-09-28,2018-09-28,2018-09-28,,A1,Headlines-_PUBLISHED,83014.0,82788.0,226.0,,3809.0,,79205.0,85453.0,85061.0,392.0,,,,,3252.0,,,,,83157.0,85606.0,,86256.0,87459.0,,Last week,,Population bulletin: weekly 28 September 2018,https://assets.publishing.service.gov.uk/media/5bade2b940f0b62dd732c4a9/prison-pop-28-sept-2018.ods,raw/weekly/5bade2b940f0b62dd732c4a9_prison-pop-28-sept-2018.ods,
2018-09-21,2018-09-21,2018-09-21,,A1,Headlines-_PUBLISHED,83157.0,82939.0,218.0,,3820.0,,79337.0,85606.0,85214.0,392.0,,,,,3269.0,,,,,83137.0,85616.0,,86220.0,87387.0,,Last week,,Population bulletin: weekly 21 September 2018,https://assets.publishing.service.gov.uk/media/5ba4a57be5274a54d5c39c02/prison-pop-21-september-2018.ods,raw/weekly/5ba4a57be5274a54d5c39c02_prison-pop-21-september-2018.ods,
2018-09-14,2018-09-14,2018-09-14,,A1,Headlines-_PUBLISHED,83137.0,82914.0,223.0,,3832.0,,79305.0,85616.0,85224.0,392.0,,,,,3264.0,,,,,83123.0,85617.0,,86252.0,87319.0,,Last week,,Population bulletin: weekly 14 September 2018,https://assets.publishing.service.gov.uk/media/5b9b8c7b40f0b6788dda2bcc/prison-pop-14-sept-2018.ods,raw/weekly/5b9b8c7b40f0b6788dda2bcc_prison-pop-14-sept-2018.ods,
2018-09-07,2018-09-07,2018-09-07,,A1,Headlines-_PUBLISHED,83123.0,82909.0,214.0,,3842.0,,79281.0,85617.0,85225.0,392.0,,,,,3284.0,,,,,83052.0,85743.0,,86235.0,87228.0,,Last week,,Population bulletin: weekly 7 September 2018,https://assets.publishing.service.gov.uk/media/5b922ec8e5274a426fa1cf88/Prison-pop-stats-7-september.ods,raw/weekly/5b922ec8e5274a426fa1cf88_Prison-pop-stats-7-september.ods,
2018-08-31,2018-08-31,2018-08-31,,A1,Headlines-_PUBLISHED,83052.0,82839.0,213.0,,3839.0,,79213.0,85743.0,85351.0,392.0,,,,,3297.0,,,,,83064.0,85854.0,,86294.0,87187.0,,Last week,,Population bulletin: weekly 31 August 2018,https://assets.publishing.service.gov.uk/media/5b88f647ed915d5ab7e47499/prison-pop-31-august-2018.ods,raw/weekly/5b88f647ed915d5ab7e47499_prison-pop-31-august-2018.ods,
2018-08-24,2018-08-24,2018-08-24,,A1,Headlines-_PUBLISHED,83064.0,82846.0,218.0,,3801.0,,79263.0,85854.0,85462.0,392.0,,,,,3290.0,,,,,83165.0,85976.0,,86413.0,87209.0,,Last week,,Population bulletin: weekly 24 August 2018,https://assets.publishing.service.gov.uk/media/5b7fc2bb40f0b64350cbf87f/prison-population-24-aug-2018.ods,raw/weekly/5b7fc2bb40f0b64350cbf87f_prison-population-24-aug-2018.ods,
2018-08-17,2018-08-17,2018-08-17,,A1,Headlines-_PUBLISHED,83165.0,82949.0,216.0,,3780.0,,79385.0,85976.0,85584.0,392.0,,,,,3303.0,,,,,83110.0,85968.0,,86388.0,87201.0,,Last week,,Population bulletin: weekly 17 August 2018,https://assets.publishing.service.gov.uk/media/5b768d49e5274a44da560e6c/prison-pop-17-aug-2018.ods,raw/weekly/5b768d49e5274a44da560e6c_prison-pop-17-aug-2018.ods,
2018-08-10,2018-08-10,2018-08-10,,A1,Headlines-_PUBLISHED,83110.0,82891.0,219.0,,3818.0,,79292.0,85968.0,85576.0,392.0,,,,,3304.0,,,,,83017.0,86012.0,,86368.0,87119.0,,Last week,,Population bulletin: weekly 10 August 2018,https://assets.publishing.service.gov.uk/media/5b6d4a71e5274a2997b49ffb/prison-pop-10-aug-2018.ods,raw/weekly/5b6d4a71e5274a2997b49ffb_prison-pop-10-aug-2018.ods,
2018-08-03,2018-08-03,2018-08-03,,A1,Headlines-_PUBLISHED,83017.0,82785.0,232.0,,3841.0,,79176.0,86012.0,85620.0,392.0,,,,,3307.0,,,,,82967.0,86318.0,,86353.0,87097.0,,Last week,,Population bulletin: weekly 3 August 2018,https://assets.publishing.service.gov.uk/media/5b640b2640f0b6359c47c8d2/prison-pop-3-august-2018.ods,raw/weekly/5b640b2640f0b6359c47c8d2_prison-pop-3-august-2018.ods,
2018-07-27,2018-07-27,,,A1,Headlines-_PUBLISHED,82967.0,82728.0,239.0,,3823.0,,79144.0,86318.0,85926.0,392.0,,,,,3315.0,,,,,82956.0,86524.0,,86230.0,87053.0,,Last week,,Population bulletin: weekly 27 July,https://assets.publishing.service.gov.uk/media/5b5adb36e5274a3fec9798d3/prison_pop_27_july_2018.ods,raw/weekly/5b5adb36e5274a3fec9798d3_prison_pop_27_july_2018.ods,
2018-07-20,2018-07-20,,,A1,Headlines-_PUBLISHED,82956.0,82698.0,258.0,,3815.0,,79141.0,86524.0,86132.0,392.0,,,,,3344.0,,,,,82822.0,86542.0,,86168.0,87138.0,,Last week,,Population bulletin: weekly 20 July,https://assets.publishing.service.gov.uk/media/5b51935240f0b61857aa39f2/prison_pop_20_july_2018.ods,raw/weekly/5b51935240f0b61857aa39f2_prison_pop_20_july_2018.ods,
2018-07-13,2018-07-13,2018-07-13,,A1,Headlines-_PUBLISHED,82822.0,82557.0,265.0,,3807.0,,79015.0,86542.0,86150.0,392.0,,,,,3332.0,,,,,82901.0,86514.0,,85994.0,86998.0,,Last week,,Population bulletin: weekly 13 July 2018,https://assets.publishing.service.gov.uk/media/5b4865d240f0b6634e54635f/prison_pop_13_july_2018.ods,raw/weekly/5b4865d240f0b6634e54635f_prison_pop_13_july_2018.ods,
2018-07-06,2018-07-06,2018-07-06,,A1,Headlines-_PUBLISHED,82901.0,82614.0,287.0,,3827.0,,79074.0,86514.0,86122.0,392.0,,,,,3317.0,,,,,82961.0,86491.0,,86072.0,86906.0,,Last week,,Population bulletin: weekly 6 July 2018,https://assets.publishing.service.gov.uk/media/5b3f3244ed915d39f4d041ab/prison_pop_6_July_2018_.ods,raw/weekly/5b3f3244ed915d39f4d041ab_prison_pop_6_July_2018_.ods,
2018-06-29,2018-06-29,2018-06-29,,A1,Headlines-_PUBLISHED,82961.0,82649.0,312.0,,3819.0,,79142.0,86491.0,86099.0,392.0,,,,,3299.0,,,,,82989.0,86533.0,,85863.0,86849.0,,Last week,,Population bulletin: weekly 29 June 2018,https://assets.publishing.service.gov.uk/media/5b35e747e5274a0c104d933a/prison-pop-29-june-2018.ods,raw/weekly/5b35e747e5274a0c104d933a_prison-pop-29-june-2018.ods,
2018-06-22,2018-06-22,2018-06-22,,A1,Headlines-_PUBLISHED,82989.0,82694.0,295.0,,3850.0,,79139.0,86533.0,86141.0,392.0,,,,,3304.0,,,,,83064.0,86524.0,,85636.0,86763.0,,Last week,,Population bulletin: weekly 22 June 2018,https://assets.publishing.service.gov.uk/media/5b2cb3ece5274a55dc9b0228/prison-pop-22-june-2018.ods,raw/weekly/5b2cb3ece5274a55dc9b0228_prison-pop-22-june-2018.ods,
2018-06-15,2018-06-15,2018-06-15,,A1,Headlines-_PUBLISHED,83064.0,82758.0,306.0,,3867.0,,79197.0,86524.0,86132.0,392.0,,,,,3305.0,,,,,83154.0,86510.0,,85426.0,86733.0,,Last week,,Population bulletin: weekly 15 June 2018,https://assets.publishing.service.gov.uk/media/5b237650ed915d2cc38016a0/prison-pop-15-june-2018.ods,raw/weekly/5b237650ed915d2cc38016a0_prison-pop-15-june-2018.ods,
2018-06-08,2018-06-08,2018-06-08,,A1,Headlines-_PUBLISHED,83154.0,82850.0,304.0,,3886.0,,79268.0,86510.0,86118.0,392.0,,,,,3279.0,,,,,83254.0,86549.0,,85367.0,86730.0,,Last week,,Population bulletin: weekly 8 June 2018,https://assets.publishing.service.gov.uk/media/5b1a3320ed915d2cb4e19153/prison-pop-8-june-2018.ods,raw/weekly/5b1a3320ed915d2cb4e19153_prison-pop-8-june-2018.ods,
2018-06-01,2018-06-01,2018-06-01,,A1,Headlines-_PUBLISHED,83254.0,82930.0,324.0,,3893.0,,79361.0,86549.0,86157.0,392.0,,,,,3251.0,,,,,83430.0,86555.0,,85293.0,86731.0,,Last week,,Population bulletin: weekly 1 June 2018,https://assets.publishing.service.gov.uk/media/5b10fa87e5274a18fa9d38cd/prison-pop-1-june-2018.ods,raw/weekly/5b10fa87e5274a18fa9d38cd_prison-pop-1-june-2018.ods,
2018-05-25,2018-05-25,2018-05-25,,A1,Headlines-_PUBLISHED,83430.0,83097.0,333.0,,3898.0,,79532.0,86555.0,86163.0,392.0,,,,,3214.0,,,,,83564.0,86512.0,,85356.0,86741.0,,Last week,,Population bulletin: weekly 25 May 2018,https://assets.publishing.service.gov.uk/media/5b07dae940f0b61eab912047/prison-pop-25-may-2018.ods,raw/weekly/5b07dae940f0b61eab912047_prison-pop-25-may-2018.ods,
2018-05-18,2018-05-18,2018-05-18,,A1,Headlines-_PUBLISHED,83564.0,83229.0,335.0,,3875.0,,79689.0,86512.0,86120.0,392.0,,,,,3173.0,,,,,83534.0,86542.0,,85316.0,86785.0,,Last week,,Population bulletin: weekly 18 May 2018,https://assets.publishing.service.gov.uk/media/5afe85fbe5274a5fe76c4ec8/prison-pop-18-may-2018.ods,raw/weekly/5afe85fbe5274a5fe76c4ec8_prison-pop-18-may-2018.ods,
2018-05-11,2018-05-11,2018-05-11,,A1,Headlines-_PUBLISHED,83534.0,83210.0,324.0,,3871.0,,79663.0,86542.0,86150.0,392.0,,,,,3180.0,,,,,83705.0,86542.0,,85193.0,86767.0,,Last week,,Population bulletin: weekly 11 May 2018,https://assets.publishing.service.gov.uk/media/5af5527840f0b622e060e1e1/prison-pop-11-may-2018.ods,raw/weekly/5af5527840f0b622e060e1e1_prison-pop-11-may-2018.ods,
2018-05-04,2018-05-04,2018-05-04,,A1,Headlines-_PUBLISHED,83705.0,83385.0,320.0,,3897.0,,79808.0,86542.0,86150.0,392.0,,,,,3207.0,,,,,83673.0,86521.0,,85129.0,86724.0,,Last week,,Population bulletin: weekly 4 May 2018,https://assets.publishing.service.gov.uk/media/5aec17cded915d42f42b624e/prison-pop-4-may-20118.ods,raw/weekly/5aec17cded915d42f42b624e_prison-pop-4-may-20118.ods,
2018-04-27,2018-04-27,2018-04-27,,A1,Headlines-_PUBLISHED,83673.0,83334.0,339.0,,3865.0,,79808.0,86521.0,86129.0,392.0,,,,,3153.0,,,,,83620.0,86513.0,,85211.0,86735.0,,Last week,,Population bulletin: weekly 27 April 2018,https://assets.publishing.service.gov.uk/media/5ae2d96eed915d42f42b5e6f/prison-pop-27-apr-2018.ods,raw/weekly/5ae2d96eed915d42f42b5e6f_prison-pop-27-apr-2018.ods,
2018-04-20,2018-04-20,2018-04-20,,A1,Headlines-_PUBLISHED,83620.0,83285.0,335.0,,3870.0,,79750.0,86513.0,86121.0,392.0,,,,,3134.0,,,,,83568.0,86498.0,,85277.0,86667.0,,Last week,,Population bulletin: weekly 20 April 2018,https://assets.publishing.service.gov.uk/media/5ad9b37fed915d32a3a70f94/prison-pop-20-april-2018.ods,raw/weekly/5ad9b37fed915d32a3a70f94_prison-pop-20-april-2018.ods,
2018-04-13,2018-04-13,2018-04-13,,A1,Headlines-_PUBLISHED,83568.0,83216.0,352.0,,3828.0,,79740.0,86498.0,86106.0,392.0,,,,,3085.0,,,,,83617.0,86485.0,,,,,Last week,,Population bulletin: weekly 13 April 2018,https://assets.publishing.service.gov.uk/media/5ad0cafee5274a76c13dfa45/prison-pop-13-april-2018-.ods,raw/weekly/5ad0cafee5274a76c13dfa45_prison-pop-13-april-2018-.ods,
2018-04-06,2018-04-06,2018-04-06,,A1,Headlines- PUBLISHED,83617.0,83263.0,354.0,,3820.0,,79797.0,86485.0,86093.0,392.0,,,,,3028.0,,,,,,,,85517.0,86554.0,,Last week,,Population bulletin: weekly 6 April 2018,https://assets.publishing.service.gov.uk/media/5ac730a7e5274a5adc960d35/prison-pop-6-april-2018.xls,raw/weekly/5ac730a7e5274a5adc960d35_prison-pop-6-april-2018.xls,
2018-03-23,2018-03-23,2018-03-23,,A1,Headlines- PUBLISHED,83875.0,83510.0,365.0,,3895.0,,79980.0,86515.0,86123.0,392.0,,,,,3013.0,,,,,83921.0,86621.0,,85528.0,86515.0,,Last week,,Population bulletin: weekly 23 March 2018,https://assets.publishing.service.gov.uk/media/5ac4e107ed915d0b7ffac924/prison-pop-23-mar-2018.xls,raw/weekly/5ac4e107ed915d0b7ffac924_prison-pop-23-mar-2018.xls,
2018-03-16,2018-03-16,2018-03-16,,A1,Headlines- PUBLISHED,83921.0,83553.0,368.0,,3901.0,,80020.0,86621.0,86229.0,392.0,,,,,2985.0,,,,,83899.0,86652.0,,85501.0,86585.0,,Last week,,Population bulletin: weekly 16 March 2018,https://assets.publishing.service.gov.uk/media/5aab8617ed915d4f595c5b96/prison-pop-16-march-2018.xls,raw/weekly/5aab8617ed915d4f595c5b96_prison-pop-16-march-2018.xls,
2018-03-09,2018-03-09,2018-03-09,,A1,Headlines- PUBLISHED,83899.0,83523.0,376.0,,3901.0,,79998.0,86652.0,86260.0,392.0,,,,,2906.0,,,,,84178.0,86648.0,,85476.0,86733.0,,Last week,,Population bulletin: weekly 9 March 2018,https://assets.publishing.service.gov.uk/media/5aa24fffe5274a3e3603a4e3/prison-pop-9-march-2018.xls,raw/weekly/5aa24fffe5274a3e3603a4e3_prison-pop-9-march-2018.xls,
2018-03-02,2018-03-02,2018-03-02,,A1,Headlines- PUBLISHED,84178.0,83805.0,373.0,,3923.0,,80255.0,86648.0,86256.0,392.0,,,,,2845.0,,,,,84235.0,86788.0,,85442.0,86749.0,,Last week,,Population bulletin: weekly 2 March 2018,https://assets.publishing.service.gov.uk/media/5a9913aeed915d57d4d0f2b7/prison-pop-2-mar-2018.xls,raw/weekly/5a9913aeed915d57d4d0f2b7_prison-pop-2-mar-2018.xls,
2018-02-23,2018-02-23,2018-02-23,,A1,Headlines- PUBLISHED,84235.0,83857.0,378.0,,3934.0,,80301.0,86788.0,86396.0,392.0,,,,,2796.0,,,,,84255.0,86771.0,,85442.0,86758.0,,Last week,,Population bulletin: weekly 23 February 2018,https://assets.publishing.service.gov.uk/media/5a8fd38f40f0b641bf0d4ac2/prison-pop-23-feb-2018.xls,raw/weekly/5a8fd38f40f0b641bf0d4ac2_prison-pop-23-feb-2018.xls,
2018-02-16,2018-02-16,2018-02-16,,A1,Headlines- PUBLISHED,84255.0,83870.0,385.0,,3936.0,,80319.0,86771.0,86379.0,392.0,,,,,2770.0,,,,,84474.0,86760.0,,85519.0,86720.0,,Last week,,Population bulletin: weekly 16 February 2018,https://assets.publishing.service.gov.uk/media/5a869c26ed915d74e623892e/prison-pop-16-feb-2018.xls,raw/weekly/5a869c26ed915d74e623892e_prison-pop-16-feb-2018.xls,
2018-02-09,2018-02-09,2018-02-09,,A1,Headlines- PUBLISHED,84474.0,84093.0,381.0,,3965.0,,80509.0,86760.0,86368.0,392.0,,,,,2697.0,,,,,84511.0,86762.0,,85523.0,86696.0,,Last week,,Population bulletin: weekly 9 February 2018,https://assets.publishing.service.gov.uk/media/5a7d6104e5274a02dcdf425a/prison-population-9-feb-2018.xls,raw/weekly/5a7d6104e5274a02dcdf425a_prison-population-9-feb-2018.xls,
2018-02-02,2018-02-02,2018-02-02,,A1,Headlines- PUBLISHED,84511.0,84131.0,380.0,,3935.0,,80576.0,86762.0,86370.0,392.0,,,,,2575.0,,,,,84537.0,86749.0,,85245.0,86650.0,,Last week,,Population bulletin: weekly 2 February 2018,https://assets.publishing.service.gov.uk/media/5a7442b240f0b646ce8d9afd/prison-pop-02-feb-2018.xls,raw/weekly/5a7442b240f0b646ce8d9afd_prison-pop-02-feb-2018.xls,
2018-01-26,2018-01-26,2018-01-26,,A1,Headlines- PUBLISHED,84537.0,84157.0,380.0,,3919.0,,80618.0,86749.0,86357.0,392.0,,,,,2444.0,,,,,84574.0,86877.0,,85188.0,86595.0,,Last week,,Population bulletin: weekly 26 January 2018,https://assets.publishing.service.gov.uk/media/5a81be8eed915d74e6233e0f/prison-pop-26-jan-2018.xls,raw/weekly/5a81be8eed915d74e6233e0f_prison-pop-26-jan-2018.xls,
2018-01-19,2018-01-19,2018-01-19,,A1,Headlines- PUBLISHED,84574.0,84204.0,370.0,,3910.0,,80664.0,86877.0,86485.0,392.0,,,,,2365.0,,,,,84646.0,86912.0,,85047.0,86516.0,,Last week,,Population bulletin: weekly 19 January 2018,https://assets.publishing.service.gov.uk/media/5a82a56240f0b62305b939a6/prison-pop-19-jan-2018.xls,raw/weekly/5a82a56240f0b62305b939a6_prison-pop-19-jan-2018.xls,
2018-01-12,2018-01-12,2018-01-12,,A1,Headlines- PUBLISHED,84646.0,84304.0,342.0,,3922.0,,80724.0,86912.0,86520.0,392.0,,,,,2262.0,,,,,84550.0,86955.0,,84874.0,86474.0,,Last week,,Population bulletin: weekly 12 January 2018,https://assets.publishing.service.gov.uk/media/5a81e0dbed915d74e62349a9/prison-pop-12-jan-2018.xls,raw/weekly/5a81e0dbed915d74e62349a9_prison-pop-12-jan-2018.xls,
2018-01-05,2018-01-05,2018-01-05,,A1,Headlines- PUBLISHED,84550.0,84226.0,324.0,,3927.0,,80623.0,86955.0,86563.0,392.0,,,,,2196.0,,,,,84746.0,87072.0,,84737.0,86338.0,,Last week,,Population bulletin: weekly 5 January 2018,https://assets.publishing.service.gov.uk/media/5a824057e5274a2e87dc1f1c/prison-pop-5-jan-2018.xls,raw/weekly/5a824057e5274a2e87dc1f1c_prison-pop-5-jan-2018.xls,
2017-12-29,2017-12-29,2017-12-29,,A1,Headlines- PUBLISHED,84746.0,84399.0,347.0,,3952.0,,80794.0,87072.0,86680.0,392.0,,,,,2181.0,,,,,85267.0,87092.0,,84857.0,86288.0,,Last week,,Population bulletin: weekly 29 December 2017,https://assets.publishing.service.gov.uk/media/5a74d508e5274a3cb28678a8/prison-pop-29-dec-2017.xls,raw/weekly/5a74d508e5274a3cb28678a8_prison-pop-29-dec-2017.xls,
2017-12-22,2017-12-22,2017-12-22,,A1,Headlines- PUBLISHED,85267.0,84888.0,379.0,,3994.0,,81273.0,87092.0,86660.0,432.0,,,,,2188.0,,,,,85577.0,87198.0,,84180.0,86288.0,,Last week,,Population bulletin: weekly 22 December 2017,https://assets.publishing.service.gov.uk/media/5a81f00740f0b62305b919c4/prison-pop-22-dec-2017.xls,raw/weekly/5a81f00740f0b62305b919c4_prison-pop-22-dec-2017.xls,
2017-12-15,2017-12-15,2017-12-15,,A1,Headlines- PUBLISHED,85577.0,85179.0,398.0,,4048.0,,81529.0,87198.0,86766.0,432.0,,,,,2194.0,,,,,85948.0,87329.0,,85583.0,86834.0,,Last week,,Population bulletin: weekly 15 December 2017,https://assets.publishing.service.gov.uk/media/5a823b77e5274a2e87dc1d6f/prison-pop-15-dec-2017.xls,raw/weekly/5a823b77e5274a2e87dc1d6f_prison-pop-15-dec-2017.xls,
2017-12-08,2017-12-08,2017-12-08,,A1,Headlines- PUBLISHED,85948.0,85494.0,454.0,,4074.0,,81874.0,87329.0,86837.0,492.0,,,,,2161.0,,,,,86075.0,87411.0,,85722.0,86810.0,,Last week,,Population bulletin: weekly 8 December 2017,https://assets.publishing.service.gov.uk/media/5a82f37840f0b6230269d8c8/prison-pop-8-dec-2017.xls,raw/weekly/5a82f37840f0b6230269d8c8_prison-pop-8-dec-2017.xls,
2017-12-01,2017-12-01,2017-12-01,,A1,Headlines- PUBLISHED,86075.0,85565.0,510.0,,4073.0,,82002.0,87411.0,86859.0,552.0,,,,,2155.0,,,,,86129.0,87370.0,,85839.0,86885.0,,Last week,,Population bulletin: weekly 1 December 2017,https://assets.publishing.service.gov.uk/media/5a820a7ee5274a2e8ab57302/prison-pop-1-dec-2017.xls,raw/weekly/5a820a7ee5274a2e8ab57302_prison-pop-1-dec-2017.xls,
2017-11-24,2017-11-24,2017-11-24,,A1,Headlines- PUBLISHED,86129.0,85556.0,573.0,,4048.0,,82081.0,87370.0,86768.0,602.0,,,,,2146.0,,,,,86185.0,87332.0,,85897.0,86975.0,,Last week,,Population bulletin: weekly 24 November 2017,https://assets.publishing.service.gov.uk/media/5a75b1b5e5274a545822d7fc/prison-population-24-nov-2017.xls,raw/weekly/5a75b1b5e5274a545822d7fc_prison-population-24-nov-2017.xls,
2017-11-17,2017-11-17,2017-11-17,,A1,Headlines- PUBLISHED,86185.0,85554.0,631.0,,4035.0,,82150.0,87332.0,86670.0,662.0,,,,,2123.0,,,,,86163.0,87330.0,,86033.0,86984.0,,Last week,,Population bulletin: weekly 17 November 2017,https://assets.publishing.service.gov.uk/media/5a81d195e5274a2e8ab55ff2/prison-pop-17-nov-2017.xls,raw/weekly/5a81d195e5274a2e8ab55ff2_prison-pop-17-nov-2017.xls,
2017-11-10,2017-11-10,2017-11-10,,A1,Headlines- PUBLISHED,86163.0,85486.0,677.0,,4005.0,,82158.0,87330.0,86598.0,732.0,,,,,2103.0,,,,,86185.0,87469.0,,85975.0,86923.0,,Last week,,Population bulletin: weekly 10 November 2017,https://assets.publishing.service.gov.uk/media/5a82037040f0b6230269a5f6/prison-pop-10-nov-2017.xls,raw/weekly/5a82037040f0b6230269a5f6_prison-pop-10-nov-2017.xls,
2017-11-03,2017-11-03,2017-11-03,,A1,Headlines- PUBLISHED,86185.0,85387.0,798.0,,4004.0,,82181.0,87469.0,86617.0,852.0,,,,,2106.0,,,,,86327.0,87532.0,,85981.0,87058.0,,Last week,,Population bulletin: weekly 3 November 2017,https://assets.publishing.service.gov.uk/media/5a82eb53e5274a2e8ab5a045/prison-pop-3-november-2017.xls,raw/weekly/5a82eb53e5274a2e8ab5a045_prison-pop-3-november-2017.xls,
2017-10-27,2017-10-27,2017-10-27,,A1,Headlines- PUBLISHED,86327.0,85409.0,918.0,,4013.0,,82314.0,87532.0,86560.0,972.0,,,,,2064.0,,,,,86362.0,87452.0,,85998.0,87118.0,,Last week,,Population bulletin: weekly 27 October 2017,https://assets.publishing.service.gov.uk/media/5a82f2c940f0b62305b952d9/prison-pop-27-october-2017.xls,raw/weekly/5a82f2c940f0b62305b952d9_prison-pop-27-october-2017.xls,
2017-10-20,2017-10-20,2017-10-20,,A1,Headlines- PUBLISHED,86362.0,85469.0,893.0,,4010.0,,82352.0,87452.0,86559.0,893.0,,,,,2070.0,,,,,86337.0,87358.0,,85898.0,87128.0,,Last week,,Population bulletin: weekly 20 October 2017,https://assets.publishing.service.gov.uk/media/5a81cd0b40f0b62305b90e12/prison-pop-20-october-2017.xls,raw/weekly/5a81cd0b40f0b62305b90e12_prison-pop-20-october-2017.xls,
2017-10-13,2017-10-13,2017-10-13,,A1,Headlines- PUBLISHED,86337.0,85463.0,874.0,,4014.0,,82323.0,87358.0,86456.0,902.0,,,,,2072.0,,,,,86260.0,87471.0,,85860.0,87064.0,,Last week,,Population bulletin: weekly 13 October 2017,https://assets.publishing.service.gov.uk/media/5a81e7faed915d74e6234bf7/prison-pop-13-october-2017.xls,raw/weekly/5a81e7faed915d74e6234bf7_prison-pop-13-october-2017.xls,
2017-10-06,2017-10-06,2017-10-06,,A1,Headlines- PUBLISHED,86260.0,85375.0,885.0,,4018.0,,82242.0,87471.0,86499.0,972.0,,,,,2070.0,,,,,86256.0,87459.0,,85754.0,86975.0,,Last week,,Population bulletin: weekly 6 October 2017,https://assets.publishing.service.gov.uk/media/5a821b51e5274a2e8ab57871/prison-pop-6-oct-2017.xls,raw/weekly/5a821b51e5274a2e8ab57871_prison-pop-6-oct-2017.xls,
2017-09-29,2017-09-29,2017-09-29,,A1,Headlines- PUBLISHED,86256.0,85367.0,889.0,,3974.0,,82282.0,87459.0,86487.0,972.0,,,,,2056.0,,,,,86220.0,87387.0,,85639.0,86968.0,,Last week,,Population bulletin: weekly 29 September 2017,https://assets.publishing.service.gov.uk/media/5a75085d40f0b6360e472cd7/prison-pop-29-sept-2017.xls,raw/weekly/5a75085d40f0b6360e472cd7_prison-pop-29-sept-2017.xls,
2017-09-22,2017-09-22,2017-09-22,,A1,Headlines- PUBLISHED,86220.0,85362.0,858.0,,3952.0,,82268.0,87387.0,86415.0,972.0,,,,,2039.0,,,,,86252.0,87319.0,,85321.0,87029.0,,Last week,,Population bulletin: weekly 22 September 2017,https://assets.publishing.service.gov.uk/media/5a82128b40f0b62305b92550/prison-pop-22-september-2017.xls,raw/weekly/5a82128b40f0b62305b92550_prison-pop-22-september-2017.xls,
2017-09-15,2017-09-15,2017-09-15,,A1,Headlines- PUBLISHED,86252.0,85359.0,893.0,,3947.0,,82305.0,87319.0,86347.0,972.0,,,,,2025.0,,,,,86235.0,87228.0,,85082.0,87095.0,,Last week,,Population bulletin: weekly 15 September 2017,https://assets.publishing.service.gov.uk/media/5a82c6cae5274a2e87dc2ed0/prison-pop-15-sept-2017.xls,raw/weekly/5a82c6cae5274a2e87dc2ed0_prison-pop-15-sept-2017.xls,
2017-09-08,2017-09-08,2017-09-08,,A1,Headlines- PUBLISHED,86235.0,85311.0,924.0,,3964.0,,82271.0,87228.0,86256.0,972.0,,,,,2033.0,,,,,86294.0,87187.0,,84967.0,87067.0,,Last week,,Population bulletin: weekly 8 September 2017,https://assets.publishing.service.gov.uk/media/5a820b50ed915d74e62357be/prison-population-8-sept-2017.xls,raw/weekly/5a820b50ed915d74e62357be_prison-population-8-sept-2017.xls,
2017-09-01,2017-09-01,2017-09-01,,A1,Headlines- PUBLISHED,86294.0,85356.0,938.0,,3982.0,,82312.0,87187.0,86215.0,972.0,,,,,2047.0,,,,,86413.0,87209.0,,84914.0,87027.0,,Last week,,Population bulletin: weekly 1 September 2017,https://assets.publishing.service.gov.uk/media/5a8229dc40f0b62305b92d18/PSWEBREPORT.xls,raw/weekly/5a8229dc40f0b62305b92d18_PSWEBREPORT.xls,
2017-08-25,2017-08-25,2017-08-25,,A1,Headlines- PUBLISHED,86413.0,85483.0,930.0,,4010.0,,82403.0,87209.0,86237.0,972.0,,,,,2059.0,,,,,86388.0,87201.0,,85119.0,87019.0,,Last week,,Population bulletin: weekly 25 August 2017,https://assets.publishing.service.gov.uk/media/5a8209bb40f0b62305b92249/prison-pop-25-august-2017.xls,raw/weekly/5a8209bb40f0b62305b92249_prison-pop-25-august-2017.xls,
2017-08-18,2017-08-18,2017-08-18,,A1,Headlines- PUBLISHED,86388.0,85458.0,930.0,,4044.0,,82344.0,87201.0,86229.0,972.0,,,,,2033.0,,,,,86368.0,87119.0,,84745.0,87001.0,,Last week,,Population bulletin: weekly 18 August 2017,https://assets.publishing.service.gov.uk/media/5a82ccdded915d74e3403a30/prison-pop-18-august-2017.xls,raw/weekly/5a82ccdded915d74e3403a30_prison-pop-18-august-2017.xls,
2017-08-11,2017-08-11,2017-08-11,,A1,Headlines- PUBLISHED,86368.0,85488.0,880.0,,3990.0,,82378.0,87119.0,86147.0,972.0,,,,,2051.0,,,,,86353.0,87097.0,,85188.0,87013.0,,Last week,,Population bulletin: weekly 11 August 2017,https://assets.publishing.service.gov.uk/media/5a81c391ed915d74e6233fd1/prison-pop-11-august-2017.xls,raw/weekly/5a81c391ed915d74e6233fd1_prison-pop-11-august-2017.xls,
2017-08-04,2017-08-04,2017-08-04,,A1,Headlines- PUBLISHED,86353.0,85484.0,869.0,,4002.0,,82351.0,87097.0,86125.0,972.0,,,,,2034.0,,,,,86230.0,87053.0,,85134.0,87081.0,,Last week,,Population bulletin: weekly 4 August 2017,https://assets.publishing.service.gov.uk/media/5a82a9fce5274a2e8ab58b45/prison-pop-4-august-2017.xls,raw/weekly/5a82a9fce5274a2e8ab58b45_prison-pop-4-august-2017.xls,
2017-07-28,2017-07-28,2017-07-28,,A1,Headlines-_PUBLISHED,86230.0,85349.0,881.0,,3961.0,,82269.0,87053.0,86081.0,972.0,,,,,2084.0,,,,,86168.0,87138.0,,85112.0,87121.0,,Last week,,Population bulletin: weekly 28 July 2017,https://assets.publishing.service.gov.uk/media/5a82a18ce5274a2e8ab5887e/prison-population-bulletin-28-july-2017.ods,raw/weekly/5a82a18ce5274a2e8ab5887e_prison-population-bulletin-28-july-2017.ods,
2017-07-21,2017-07-21,2017-07-21,,A1,Headlines-_PUBLISHED,86168.0,85323.0,845.0,,3968.0,,82200.0,87138.0,86166.0,972.0,,,,,2103.0,,,,,85994.0,86998.0,,85152.0,87126.0,,Last week,,Population bulletin: weekly 21 July 2017,https://assets.publishing.service.gov.uk/media/5a82b005e5274a2e87dc2786/prison-population-bulletin-21-july-2017.ods,raw/weekly/5a82b005e5274a2e87dc2786_prison-population-bulletin-21-july-2017.ods,
2017-07-14,2017-07-14,2017-07-14,,A1,Headlines-_PUBLISHED,85994.0,85205.0,789.0,,3972.0,,82022.0,86998.0,86026.0,972.0,,,,,2119.0,,,,,86072.0,86906.0,,85090.0,87166.0,,Last week,,Population bulletin: weekly 14 July 2017,https://assets.publishing.service.gov.uk/media/5a820efded915d74e6235901/prison-pop-14-july-2017.ods,raw/weekly/5a820efded915d74e6235901_prison-pop-14-july-2017.ods,
2017-07-07,2017-07-07,2017-07-07,,A1,Headlines- PUBLISHED,86072.0,85270.0,802.0,,4020.0,,82052.0,86906.0,85934.0,972.0,,,,,2109.0,,,,,85863.0,86849.0,,85058.0,87214.0,,Last week,,Population bulletin: weekly 7 July 2017,https://assets.publishing.service.gov.uk/media/5a821cdee5274a2e8ab578ec/prison-pop-7-jul-2017.xls,raw/weekly/5a821cdee5274a2e8ab578ec_prison-pop-7-jul-2017.xls,
2017-06-30,2017-06-30,2017-06-30,,A1,Headlines- PUBLISHED,85863.0,85047.0,816.0,,4007.0,,81856.0,86849.0,85877.0,972.0,,,,,2113.0,,,,,85636.0,86763.0,,85128.0,87210.0,,Last week,,Population bulletin: weekly 30 June 2017,https://assets.publishing.service.gov.uk/media/5a8213ceed915d74e34019a2/prison-pop-30-jun-2017.xls,raw/weekly/5a8213ceed915d74e34019a2_prison-pop-30-jun-2017.xls,
2017-06-23,2017-06-23,2017-06-23,,A1,Headlines- PUBLISHED,85636.0,84807.0,829.0,,3985.0,,81651.0,86763.0,85791.0,972.0,,,,,2090.0,,,,,85426.0,86733.0,,85130.0,87170.0,,Last week,,Population bulletin: weekly 23 June 2017,https://assets.publishing.service.gov.uk/media/5a74b491ed915d502d6ca4f8/prison-pop-23-jun-2017xls.xls,raw/weekly/5a74b491ed915d502d6ca4f8_prison-pop-23-jun-2017xls.xls,
2017-06-16,2017-06-16,2017-06-16,,A1,Headlines-_PUBLISHED,85426.0,84648.0,778.0,,3994.0,,81432.0,86733.0,85761.0,972.0,,,,,2097.0,,,,,85367.0,86730.0,,85185.0,87178.0,,Last week,,Population bulletin: weekly 16 June 2017,https://assets.publishing.service.gov.uk/media/5a8233c340f0b6230269b623/prison-population-16-june-2017.ods,raw/weekly/5a8233c340f0b6230269b623_prison-population-16-june-2017.ods,
2017-06-09,2017-06-09,2017-06-09,,A1,Headlines- PUBLISHED,85367.0,84599.0,768.0,,3987.0,,81380.0,86730.0,85758.0,972.0,,,,,2088.0,,,,,85293.0,86731.0,,85300.0,87244.0,,Last week,,Population bulletin: weekly 9 June 2017,https://assets.publishing.service.gov.uk/media/5a82cb7840f0b62305b9461b/prison-population-9-jun-2017.xls,raw/weekly/5a82cb7840f0b62305b9461b_prison-population-9-jun-2017.xls,
2017-06-02,2017-06-02,2017-06-02,,A1,Headlines- PUBLISHED,85293.0,84505.0,788.0,,3971.0,,81322.0,86731.0,85759.0,972.0,,,,,2127.0,,,,,85356.0,86741.0,,85291.0,87299.0,,Last week,,Population bulletin: weekly 2 June 2017,https://assets.publishing.service.gov.uk/media/5a81e74ee5274a2e87dc018b/prison-population-02-june-2017.xls,raw/weekly/5a81e74ee5274a2e87dc018b_prison-population-02-june-2017.xls,
2017-05-26,2017-05-26,2017-05-26,,A1,Headlines- PUBLISHED,85356.0,84517.0,839.0,,3961.0,,81395.0,86741.0,85769.0,972.0,,,,,2104.0,,,,,85316.0,86785.0,,85422.0,87595.0,,Last week,,Population bulletin: weekly 26 May 2017,https://assets.publishing.service.gov.uk/media/5a81f6a340f0b62305b91bf2/prison-population-26-may-2017.xls,raw/weekly/5a81f6a340f0b62305b91bf2_prison-population-26-may-2017.xls,
2017-05-19,2017-05-19,2017-05-19,,A1,Headlines- PUBLISHED,85316.0,84466.0,850.0,,3957.0,,81359.0,86785.0,85813.0,972.0,,,,,2118.0,,,,,85193.0,86767.0,,85335.0,87556.0,,Last week,,Population bulletin: weekly 19 May 2017,https://assets.publishing.service.gov.uk/media/5a82460de5274a2e8ab586a7/prison-population-19-may-2017.xls,raw/weekly/5a82460de5274a2e8ab586a7_prison-population-19-may-2017.xls,
2017-05-12,2017-05-12,2017-05-12,,A1,Headlines- PUBLISHED,85193.0,84319.0,874.0,,3945.0,,81248.0,86767.0,85795.0,972.0,,,,,2115.0,,,,,85129.0,86724.0,,85345.0,87682.0,,Last week,,Population bulletin: weekly 12 May 2017,https://assets.publishing.service.gov.uk/media/5a81e96ee5274a2e87dc0248/prison-population-12-may-2017.xls,raw/weekly/5a81e96ee5274a2e87dc0248_prison-population-12-may-2017.xls,
2017-05-05,2017-05-05,2017-05-05,,A1,Headlines- PUBLISHED,85129.0,84248.0,881.0,,3928.0,,81201.0,86724.0,85752.0,972.0,,,,,2121.0,,,,,85211.0,86735.0,,85381.0,87649.0,,Last week,,Population bulletin: weekly 5 May 2017,https://assets.publishing.service.gov.uk/media/5a81f9df40f0b6230269a2cb/prison-pop-5-may-2017.xls,raw/weekly/5a81f9df40f0b6230269a2cb_prison-pop-5-may-2017.xls,
2017-04-28,2017-04-28,2017-04-28,,A1,Headlines- PUBLISHED,85211.0,84353.0,858.0,,3943.0,,81268.0,86735.0,85763.0,972.0,,,,,2120.0,,,,,85277.0,86667.0,,85540.0,87701.0,,Last week,,Population bulletin: weekly 28 April 2017,https://assets.publishing.service.gov.uk/media/5a82a5cfe5274a2e87dc2432/prison-population-28-april-2017.xls,raw/weekly/5a82a5cfe5274a2e87dc2432_prison-population-28-april-2017.xls,
2017-04-21,2017-04-21,2017-04-21,,A1,Headlines- PUBLISHED,85277.0,84390.0,887.0,,3922.0,,81355.0,86667.0,85695.0,972.0,,,,,2115.0,,,,,,,,85597.0,87674.0,,Last week,,Population bulletin: weekly 21 April 2017,https://assets.publishing.service.gov.uk/media/5a75076240f0b6397f35d1c8/prison-pop-21-april-2017.xls,raw/weekly/5a75076240f0b6397f35d1c8_prison-pop-21-april-2017.xls,
2017-04-07,2017-04-07,2017-04-07,,A1,Headlines- PUBLISHED,85517.0,84656.0,861.0,,3973.0,,81544.0,86554.0,85582.0,972.0,,,,,2181.0,,,,,85513.0,86515.0,,85398.0,88043.0,,Last week,,Population bulletin: weekly 7 April 2017,https://assets.publishing.service.gov.uk/media/5a82d0e0ed915d74e6237c6e/prison-population-7-april-2017.xls,raw/weekly/5a82d0e0ed915d74e6237c6e_prison-population-7-april-2017.xls,
2017-03-31,2017-03-31,2017-03-31,,A1,Headlines- PUBLISHED,85513.0,84652.0,861.0,,3978.0,,81535.0,86515.0,85543.0,972.0,,,,,2170.0,,,,,85528.0,86515.0,,85363.0,87989.0,,Last week,,Population bulletin: weekly 31 March 2017,https://assets.publishing.service.gov.uk/media/5a81e5aee5274a2e8ab566a0/prison-population-31-march-2017.xls,raw/weekly/5a81e5aee5274a2e8ab566a0_prison-population-31-march-2017.xls,
2017-03-24,2017-03-24,2017-03-24,,A1,Headlines- PUBLISHED,85528.0,84636.0,892.0,,3953.0,,81575.0,86515.0,85543.0,972.0,,,,,2153.0,,,,,85501.0,86585.0,,,,,Last week,,Population bulletin: weekly 24 March 2017,https://assets.publishing.service.gov.uk/media/5a81f5c4ed915d74e6235090/prison-population-24-march-2017.xls,raw/weekly/5a81f5c4ed915d74e6235090_prison-population-24-march-2017.xls,
2017-03-17,2017-03-17,2017-03-17,,A1,Headlines- PUBLISHED,85501.0,84651.0,850.0,,3970.0,,81531.0,86585.0,85613.0,972.0,,,,,2156.0,,,,,85476.0,86733.0,,85930.0,87996.0,,Last week,,Population bulletin: weekly 17 March 2017,https://assets.publishing.service.gov.uk/media/5a81c1bfed915d74e6233f31/prison-population-17-march-2017.xls,raw/weekly/5a81c1bfed915d74e6233f31_prison-population-17-march-2017.xls,
2017-03-10,2017-03-10,2017-03-10,,A1,Headlines- PUBLISHED,85476.0,84635.0,841.0,,3939.0,,81537.0,86733.0,85761.0,972.0,,,,,2168.0,,,,,85442.0,86749.0,,85948.0,88027.0,,Last week,,Population bulletin: weekly 10 March 2017,https://assets.publishing.service.gov.uk/media/5a7f9e22ed915d74e622b8c1/prison-population-10-march-2017.xls,raw/weekly/5a7f9e22ed915d74e622b8c1_prison-population-10-march-2017.xls,
2017-03-03,2017-03-03,2017-03-03,,A1,Headlines- PUBLISHED,85442.0,84638.0,804.0,,3953.0,,81489.0,86749.0,85777.0,972.0,,,,,2167.0,,,,,85442.0,86758.0,,85834.0,88007.0,,Last week,,Population bulletin: weekly 3 March 2017,https://assets.publishing.service.gov.uk/media/5a80e6c1ed915d74e33fd0d3/prison-population-3-march-2017.xls,raw/weekly/5a80e6c1ed915d74e33fd0d3_prison-population-3-march-2017.xls,
2017-02-24,2017-02-24,2017-02-24,,A1,Headlines- PUBLISHED,85442.0,84664.0,778.0,,3958.0,,81484.0,86758.0,85786.0,972.0,,,,,2168.0,,,,,85519.0,86720.0,,85753.0,88001.0,,Last week,,Population bulletin: weekly 24 February 2017,https://assets.publishing.service.gov.uk/media/5a8051a2e5274a2e8ab4f76e/prison-pop-24-february-2017.xls,raw/weekly/5a8051a2e5274a2e8ab4f76e_prison-pop-24-february-2017.xls,
2017-02-17,2017-02-17,2017-02-17,,A1,Headlines- PUBLISHED,85519.0,84733.0,786.0,,3960.0,,81559.0,86720.0,85748.0,972.0,,,,,2168.0,,,,,85523.0,86696.0,,85636.0,88014.0,,Last week,,Population bulletin: weekly 17 February 2017,https://assets.publishing.service.gov.uk/media/5a74f006ed915d502d6cc353/prison-population-17-february-2017.xls,raw/weekly/5a74f006ed915d502d6cc353_prison-population-17-february-2017.xls,
2017-02-10,2017-02-10,2017-02-10,,A1,Headlines- PUBLISHED,85523.0,84672.0,851.0,,3990.0,,81533.0,86696.0,85724.0,972.0,,,,,2164.0,,,,,85245.0,86650.0,,85679.0,88042.0,,Last week,,Population bulletin: weekly 10 February 2017,https://assets.publishing.service.gov.uk/media/5a80a733ed915d74e33fba63/prison-population-10-february-2017.xls,raw/weekly/5a80a733ed915d74e33fba63_prison-population-10-february-2017.xls,
2017-02-03,2017-02-03,2017-02-03,,A1,Headlines- PUBLISHED,85245.0,84383.0,862.0,,3969.0,,81276.0,86650.0,85678.0,972.0,,,,,2146.0,,,,,85188.0,86595.0,,85634.0,88043.0,,Last week,,Population bulletin: weekly 3 February 2017,https://assets.publishing.service.gov.uk/media/5a7f9724e5274a2e8ab4d1a6/prison-population-3-february-2017.xls,raw/weekly/5a7f9724e5274a2e8ab4d1a6_prison-population-3-february-2017.xls,
2017-01-27,2017-01-27,2017-01-27,,A1,Headlines- PUBLISHED,85188.0,84299.0,889.0,,3947.0,,81240.0,86595.0,85623.0,972.0,,,,,2115.0,,,,,85048.0,86516.0,,85461.0,87969.0,,Last week,,Population bulletin: weekly 27 January 2017,https://assets.publishing.service.gov.uk/media/5a808eb9e5274a2e8ab50d32/prison-pop-27-1-2017.xls,raw/weekly/5a808eb9e5274a2e8ab50d32_prison-pop-27-1-2017.xls,
2017-01-20,2017-01-20,2017-01-20,,A1,Headlines- PUBLISHED,85048.0,84170.0,878.0,,3946.0,,81102.0,86516.0,85544.0,972.0,,,,,2126.0,,,,,84874.0,86474.0,,85260.0,87888.0,,Last week,,Population bulletin: weekly 20 January 2017,https://assets.publishing.service.gov.uk/media/5a757cdded915d731495a599/prison-population-20-january-2017.xls,raw/weekly/5a757cdded915d731495a599_prison-population-20-january-2017.xls,
2017-01-13,2017-01-13,2017-01-13,,A1,Headlines- PUBLISHED,84874.0,84049.0,825.0,,3895.0,,80979.0,86474.0,85502.0,972.0,,,,,2117.0,,,,,84737.0,86338.0,,85242.0,87855.0,,Last week,,Population bulletin: weekly 13 January 2017,https://assets.publishing.service.gov.uk/media/5a74c7e8e5274a3f93b48c1b/prison-population-13-january-2017.xls,raw/weekly/5a74c7e8e5274a3f93b48c1b_prison-population-13-january-2017.xls,
2017-01-06,2017-01-06,2017-01-06,,A1,Headlines- PUBLISHED,84737.0,83962.0,775.0,,3867.0,,80870.0,86338.0,85366.0,972.0,,,,,2093.0,,,,,84857.0,86288.0,,84950.0,87797.0,,Last week,,Population bulletin: weekly 6 January 2017,https://assets.publishing.service.gov.uk/media/5a805de8ed915d74e622e0a5/prison-population-6-jnauary-2017.xls,raw/weekly/5a805de8ed915d74e622e0a5_prison-population-6-jnauary-2017.xls,
2016-12-30,2016-12-30,2016-12-30,,A1,Headlines- PUBLISHED,84857.0,84069.0,788.0,,3869.0,,80988.0,86288.0,85316.0,972.0,,,,,2139.0,,,,,,,,,,,Last week,,Population bulletin: weekly 30 December 2016,https://assets.publishing.service.gov.uk/media/5a819226ed915d74e6232fba/prison-population-figures-30-december-2016.xls,raw/weekly/5a819226ed915d74e6232fba_prison-population-figures-30-december-2016.xls,
2016-12-16,2016-12-16,2016-12-16,,A1,Headlines- PUBLISHED,85583.0,84714.0,869.0,,3935.0,,81648.0,86834.0,85862.0,972.0,,,,,2079.0,,,,,85722.0,86810.0,,85641.0,87765.0,,Last week,,Population bulletin: weekly 16 December 2016,https://assets.publishing.service.gov.uk/media/5a8189ae40f0b62302697d93/prison-population-16-dec-2016.xls,raw/weekly/5a8189ae40f0b62302697d93_prison-population-16-dec-2016.xls,
2016-12-09,2016-12-09,2016-12-09,,A1,Headlines- PUBLISHED,85722.0,84851.0,871.0,,3944.0,,81778.0,86810.0,85838.0,972.0,,,,,2055.0,,,,,85839.0,86885.0,,85847.0,87766.0,,Last week,,Population bulletin: weekly 9 December 2016,https://assets.publishing.service.gov.uk/media/5a74ffe1e5274a3cb2868ddb/prison-population-9-december-2016.xls,raw/weekly/5a74ffe1e5274a3cb2868ddb_prison-population-9-december-2016.xls,
2016-12-02,2016-12-02,2016-12-02,,A1,Headlines- PUBLISHED,85839.0,84976.0,863.0,,3936.0,,81903.0,86885.0,85913.0,972.0,,,,,2037.0,,,,,85897.0,86975.0,,85895.0,87757.0,,Last week,,Population bulletin: weekly 2 December 2016,https://assets.publishing.service.gov.uk/media/5a80cc86ed915d74e33fc794/prison-population-2-december-2016..xls,raw/weekly/5a80cc86ed915d74e33fc794_prison-population-2-december-2016..xls,
2016-11-25,2016-11-25,2016-11-25,,A1,Headlines- PUBLISHED,85897.0,84976.0,921.0,,3921.0,,81976.0,86975.0,86003.0,972.0,,,,,2023.0,,,,,86033.0,86984.0,,85982.0,87759.0,,Last week,,Population bulletin: weekly 25 November 2016,https://assets.publishing.service.gov.uk/media/5a80650040f0b62305b8ae57/prison-population-25-nov-2016.xls,raw/weekly/5a80650040f0b62305b8ae57_prison-population-25-nov-2016.xls,
2016-11-18,2016-11-18,2016-11-18,,A1,Headlines- PUBLISHED,86033.0,85167.0,866.0,,3947.0,,82086.0,86984.0,86012.0,972.0,,,,,1992.0,,,,,85975.0,86923.0,,85977.0,87730.0,,Last week,,Population bulletin: weekly 18 November 2016,https://assets.publishing.service.gov.uk/media/5a75c74ae5274a4368299e42/prison-population-18-nov-2016.xls,raw/weekly/5a75c74ae5274a4368299e42_prison-population-18-nov-2016.xls,
2016-11-11,2016-11-11,2016-11-11,,A1,Headlines- PUBLISHED,85975.0,85140.0,835.0,,3919.0,,82056.0,86923.0,85951.0,972.0,,,,,2008.0,,,,,85981.0,87058.0,,85993.0,87729.0,,Last week,,Population bulletin: weekly 11 November 2016,https://assets.publishing.service.gov.uk/media/5a7f99e5ed915d74e33f76e3/prison-population-11-nov-2016.xls,raw/weekly/5a7f99e5ed915d74e33f76e3_prison-population-11-nov-2016.xls,
2016-11-04,2016-11-04,2016-11-04,,A1,Headlines- PUBLISHED,85981.0,85124.0,857.0,,3895.0,,82086.0,87058.0,86086.0,972.0,,,,,2009.0,,,,,85998.0,87118.0,,85884.0,87762.0,,Last week,,Population bulletin: 4 November 2016,https://assets.publishing.service.gov.uk/media/5a7f3074ed915d74e33f4e1a/prison-population-4-november-2016.xls,raw/weekly/5a7f3074ed915d74e33f4e1a_prison-population-4-november-2016.xls,
2016-10-28,2016-10-28,2016-10-28,,A1,Headlines- PUBLISHED,85998.0,85108.0,890.0,,3902.0,,82096.0,87118.0,86146.0,972.0,,,,,,,,,,85898.0,87128.0,,85843.0,88176.0,,Last week,,Population bulletin: weekly 28 October 2016,https://assets.publishing.service.gov.uk/media/5a808da3e5274a2e8ab50cdc/prison-population-28-october-2016.xls,raw/weekly/5a808da3e5274a2e8ab50cdc_prison-population-28-october-2016.xls,
2016-10-21,2016-10-21,2016-10-21,,A1,Headlines- PUBLISHED,85898.0,84981.0,917.0,,3857.0,,82041.0,87128.0,86156.0,972.0,,,,,1976.0,,,,,85860.0,87064.0,,86107.0,88195.0,,Last week,,Population bulletin: weekly 21 October 2016,https://assets.publishing.service.gov.uk/media/5a8045d240f0b62305b8a301/prison-population-21-october-2016.xls,raw/weekly/5a8045d240f0b62305b8a301_prison-population-21-october-2016.xls,
2016-10-14,2016-10-14,2016-10-14,,A1,Headlines- PUBLISHED,85860.0,84942.0,918.0,,3848.0,,82012.0,87064.0,86092.0,972.0,,,,,1971.0,,,,,85754.0,86975.0,,86090.0,88100.0,,Last week,,Population bulletin: weekly 14 October 2016,https://assets.publishing.service.gov.uk/media/5a74be0640f0b619c865a107/prison-population-14-oct-2016.xls,raw/weekly/5a74be0640f0b619c865a107_prison-population-14-oct-2016.xls,
2016-10-07,2016-10-07,2016-10-07,,A1,Headlines- PUBLISHED,85754.0,84836.0,918.0,,3828.0,,81926.0,86975.0,86003.0,972.0,,,,,1976.0,,,,,85639.0,86968.0,,86145.0,88039.0,,Last week,,Population bulletin: weekly 7 October 2016,https://assets.publishing.service.gov.uk/media/5a80433ae5274a2e8ab4f22b/prison-population-07-october-2016.xls,raw/weekly/5a80433ae5274a2e8ab4f22b_prison-population-07-october-2016.xls,
2016-09-30,2016-09-30,2016-09-30,,A1,Headlines- PUBLISHED,85639.0,84708.0,931.0,,3843.0,,81796.0,86968.0,85996.0,972.0,,,,,1971.0,,,,,85321.0,87029.0,,85973.0,88075.0,,Last week,,Population bulletin: weekly 30 September 2016,https://assets.publishing.service.gov.uk/media/5a7f87f240f0b62305b87b5d/prison-population-30-sept-2016.xls,raw/weekly/5a7f87f240f0b62305b87b5d_prison-population-30-sept-2016.xls,
2016-09-23,2016-09-23,2016-09-23,,A1,Headlines- PUBLISHED,85321.0,84416.0,905.0,,3842.0,,81479.0,87029.0,86057.0,972.0,,,,,1959.0,,,,,85082.0,87095.0,,85892.0,88209.0,,Last week,,Population bulletin: weekly 23 September 2016,https://assets.publishing.service.gov.uk/media/5a759e19ed915d506ee80319/weekly-bulletin-23-september.xls,raw/weekly/5a759e19ed915d506ee80319_weekly-bulletin-23-september.xls,
2016-09-16,2016-09-16,2016-09-16,,A1,Headlines- PUBLISHED,85082.0,84221.0,861.0,,3836.0,,81246.0,87095.0,86123.0,972.0,,,,,1980.0,,,,,84967.0,87067.0,,85816.0,88289.0,,Last week,,Population bulletin: weekly 16 September 2016,https://assets.publishing.service.gov.uk/media/5a81616440f0b62305b8ea45/prison-pop-16-sept-2016.xls,raw/weekly/5a81616440f0b62305b8ea45_prison-pop-16-sept-2016.xls,
2016-09-09,2016-09-09,2016-09-09,,A1,Headlines- PUBLISHED,84967.0,84122.0,845.0,,3843.0,,81124.0,87067.0,86095.0,972.0,,,,,1989.0,,,,,84914.0,87027.0,,85699.0,88288.0,,Last week,,Population bulletin: weekly 9 September 2016,https://assets.publishing.service.gov.uk/media/5a81b01d40f0b62305b904d1/prison-population-9-september-2016.xls,raw/weekly/5a81b01d40f0b62305b904d1_prison-population-9-september-2016.xls,
2016-09-02,2016-09-02,2016-09-02,,A1,Headlines- PUBLISHED,84914.0,84066.0,848.0,,3845.0,,81069.0,87027.0,86055.0,972.0,,,,,1997.0,,,,,85119.0,87019.0,,85741.0,88321.0,,Last week,,Population bulletin: weekly 2 September 2016,https://assets.publishing.service.gov.uk/media/5a75011be5274a59fa716a6e/prison-population-010916.xls,raw/weekly/5a75011be5274a59fa716a6e_prison-population-010916.xls,
2016-08-26,2016-08-26,2016-08-26,,A1,Headlines- PUBLISHED,85119.0,84261.0,858.0,,3884.0,,81235.0,87019.0,86047.0,972.0,,,,,2002.0,,,,,85023.0,87001.0,,86019.0,88267.0,,Last week,,Population bulletin: weekly 26 August 2016,https://assets.publishing.service.gov.uk/media/5a7f422940f0b62305b860c7/prison-population-26-august-2016.xls,raw/weekly/5a7f422940f0b62305b860c7_prison-population-26-august-2016.xls,
2016-08-23,2016-08-23,2016-08-19,,A1,Headlines- PUBLISHED,85023.0,84172.0,851.0,,3868.0,,81155.0,87001.0,86029.0,972.0,,,,,1995.0,,,,,85188.0,87013.0,,85956.0,88274.0,,Last week,,Population bulletin: weekly 19 August 2016,https://assets.publishing.service.gov.uk/media/5a801d6b40f0b62305b89439/prison-pop-19-august-2016.xls,raw/weekly/5a801d6b40f0b62305b89439_prison-pop-19-august-2016.xls,
2016-08-12,2016-08-12,2016-08-12,,A1,Headlines- PUBLISHED,85188.0,84346.0,842.0,,3898.0,,81290.0,87013.0,86041.0,972.0,,,,,2014.0,,,,,85134.0,87081.0,,85951.0,88242.0,,Last week,,Population bulletin: weekly 12 August 2016 ,https://assets.publishing.service.gov.uk/media/5a75af2aed915d506ee80b4d/prison-report-12-august-2016.xls,raw/weekly/5a75af2aed915d506ee80b4d_prison-report-12-august-2016.xls,
2016-08-05,2016-08-05,2016-08-05,,A1,Headlines- PUBLISHED,85134.0,84287.0,847.0,,3885.0,,81249.0,87081.0,86109.0,972.0,,,,,2037.0,,,,,85112.0,87121.0,,86036.0,88231.0,,Last week,,Population bulletin: weekly 5 August 2016,https://assets.publishing.service.gov.uk/media/5a80f3b0e5274a2e87dbcbe0/prison-population-5-august-2016.xls,raw/weekly/5a80f3b0e5274a2e87dbcbe0_prison-population-5-august-2016.xls,
2016-07-29,2016-07-29,2016-07-29,,A1,Headlines- PUBLISHED,85112.0,84270.0,842.0,,3879.0,,81233.0,87121.0,86149.0,972.0,,,,,2037.0,,,,,85152.0,87126.0,,86179.0,88180.0,,Last week,,Population bulletin: weekly 29 July 2016,https://assets.publishing.service.gov.uk/media/5a8058f7ed915d74e622deed/prison-population-29-july-2016.xls,raw/weekly/5a8058f7ed915d74e622deed_prison-population-29-july-2016.xls,
2016-07-22,2016-07-22,2016-07-22,,A1,Headlines- PUBLISHED,85152.0,84269.0,883.0,,3912.0,,81240.0,87126.0,86154.0,972.0,,,,,2048.0,,,,,85090.0,87166.0,,86172.0,88162.0,,Last week,,Population bulletin: weekly 22 July 2016,https://assets.publishing.service.gov.uk/media/5a7fff3240f0b62302690e42/prison-report-22-july-16.xls,raw/weekly/5a7fff3240f0b62302690e42_prison-report-22-july-16.xls,
2016-07-15,2016-07-15,2016-07-15,,A1,Headlines- PUBLISHED,85090.0,84238.0,852.0,,3869.0,,81221.0,87166.0,86194.0,972.0,,,,,2051.0,,,,,85058.0,87214.0,,86300.0,87995.0,,Last week,,Population bulletin: weekly 15 July 2016,https://assets.publishing.service.gov.uk/media/5a80597d40f0b62302692fa4/prison-population-15-july-2016.xls,raw/weekly/5a80597d40f0b62302692fa4_prison-population-15-july-2016.xls,
2016-07-08,2016-07-08,2016-07-08,,A1,Headlines- PUBLISHED,85058.0,84200.0,858.0,,3852.0,,81206.0,87214.0,86242.0,972.0,,,,,2055.0,,,,,85128.0,87210.0,,86255.0,87983.0,,Last week,,Population bulletin: weekly 8 July 2016,https://assets.publishing.service.gov.uk/media/5a80a109ed915d74e622f8f3/prison-population-8-july-2016.xls,raw/weekly/5a80a109ed915d74e622f8f3_prison-population-8-july-2016.xls,
2016-07-01,2016-07-01,2016-07-01,,A1,Headlines- PUBLISHED,85128.0,84302.0,826.0,,3856.0,,81272.0,87210.0,86238.0,972.0,,,,,2070.0,,,,,85130.0,87170.0,,86164.0,87961.0,,Last week,,Population bulletin: weekly 1 July 2016,https://assets.publishing.service.gov.uk/media/5a7f76a0ed915d74e33f696a/prison-population-1-july-2016.xls,raw/weekly/5a7f76a0ed915d74e33f696a_prison-population-1-july-2016.xls,
2016-06-24,2016-06-24,2016-06-24,,A1,Headlines- PUBLISHED,85130.0,84323.0,807.0,,3856.0,,81274.0,87170.0,86198.0,972.0,,,,,2034.0,,,,,85185.0,87178.0,,86028.0,87968.0,,Last week,,Population bulletin: Weekly 24 June 2016,https://assets.publishing.service.gov.uk/media/5a8082c7e5274a2e87dba3a0/prison-population-24-june-2016.xls,raw/weekly/5a8082c7e5274a2e87dba3a0_prison-population-24-june-2016.xls,
2016-06-17,2016-06-17,2016-06-17,,A1,Headlines- PUBLISHED,85185.0,84405.0,780.0,,3861.0,,81324.0,87178.0,86206.0,972.0,,,,,2019.0,,,,,85300.0,87244.0,,85743.0,87974.0,,Last week,,Population bulletin: weekly 17 June 2016,https://assets.publishing.service.gov.uk/media/5a7f9086e5274a2e87db69d5/prison-population-17-june-2016.xls,raw/weekly/5a7f9086e5274a2e87db69d5_prison-population-17-june-2016.xls,
2016-06-10,2016-06-10,2016-06-10,,A1,Headlines- PUBLISHED,85300.0,84483.0,817.0,,3831.0,,81469.0,87244.0,86272.0,972.0,,,,,2009.0,,,,,85291.0,87299.0,,85818.0,88096.0,,Last week,,Population bulletin: weekly 10 June 2016 ,https://assets.publishing.service.gov.uk/media/5a7f4ddfed915d74e6229a4d/prison-population-10-june-2016.xls,raw/weekly/5a7f4ddfed915d74e6229a4d_prison-population-10-june-2016.xls,
2016-06-03,2016-06-03,2016-06-03,,A1,Headlines- PUBLISHED,85291.0,84489.0,802.0,,3815.0,,81476.0,87299.0,86327.0,972.0,,,,,2033.0,,,,,85422.0,87595.0,,85763.0,88116.0,,Last week,,Population bulletin: weekly 3 June 2016 ,https://assets.publishing.service.gov.uk/media/5a80024240f0b62302690f6a/prison-population-03-june-2016.xls,raw/weekly/5a80024240f0b62302690f6a_prison-population-03-june-2016.xls,
2016-05-27,2016-05-27,2016-05-27,,A1,Headlines- PUBLISHED,85422.0,84623.0,799.0,,3843.0,,81579.0,87595.0,86623.0,972.0,,,,,2009.0,,,,,85335.0,87556.0,,85669.0,88047.0,,Last week,,Population bulletin: weekly 27 May 2016 ,https://assets.publishing.service.gov.uk/media/5a81736b40f0b62305b8f058/prison-population-27-may.xls,raw/weekly/5a81736b40f0b62305b8f058_prison-population-27-may.xls,
2016-05-20,2016-05-20,2016-05-20,,A1,Headlines- PUBLISHED,85335.0,84515.0,820.0,,3806.0,,81529.0,87556.0,86584.0,972.0,,,,,2000.0,,,,,85345.0,87682.0,,85744.0,88038.0,,Last week,,Population bulletin: weekly 20 May 2016,https://assets.publishing.service.gov.uk/media/5a80c0e640f0b623026954fa/prison-population-20-may-2016.xls,raw/weekly/5a80c0e640f0b623026954fa_prison-population-20-may-2016.xls,
2016-05-13,2016-05-13,2016-05-13,,A1,Headlines- PUBLISHED,85345.0,84549.0,796.0,,3800.0,,81545.0,87682.0,86710.0,972.0,,,,,1987.0,,,,,85381.0,87649.0,,85684.0,88053.0,,Last week,,Population bulletin: weekly 13 May 2016,https://assets.publishing.service.gov.uk/media/5a805f39ed915d74e622e11c/prison-population-13-may-2016.xls,raw/weekly/5a805f39ed915d74e622e11c_prison-population-13-may-2016.xls,
2016-05-06,2016-05-06,2016-05-06,,A1,Headlines- PUBLISHED,85381.0,84558.0,823.0,,3832.0,,81549.0,87649.0,86677.0,972.0,,,,,1988.0,,,,,85540.0,87701.0,,85590.0,88053.0,,Last week,,Population bulletin: weekly 6 May 2016,https://assets.publishing.service.gov.uk/media/5a80374eed915d74e622d27c/prison-population-6-may-2016.xls,raw/weekly/5a80374eed915d74e622d27c_prison-population-6-may-2016.xls,
2016-04-29,2016-04-29,2016-04-29,,A1,Headlines- PUBLISHED,85540.0,84686.0,854.0,,3821.0,,81719.0,87701.0,86729.0,972.0,,,,,2016.0,,,,,85597.0,87674.0,,85704.0,88030.0,,Last week,,Population bulletin: weekly 29 April 2016,https://assets.publishing.service.gov.uk/media/5a81508ae5274a2e8ab534eb/prison-population-29-april-2016.xls,raw/weekly/5a81508ae5274a2e8ab534eb_prison-population-29-april-2016.xls,
2016-04-22,2016-04-22,2016-04-22,,A1,Headlines- PUBLISHED,85597.0,84684.0,913.0,,3831.0,,81766.0,87674.0,86702.0,972.0,,,,,2001.0,,,,,85457.0,87676.0,,85591.0,87929.0,,Last week,,Population bulletin: weekly 22 April 2016,https://assets.publishing.service.gov.uk/media/5a74d0fced915d502d6cb3be/prison-popoulation-22-april-2016.xls,raw/weekly/5a74d0fced915d502d6cb3be_prison-popoulation-22-april-2016.xls,
2016-04-15,2016-04-15,2016-04-15,,A1,Headlines- PUBLISHED,85457.0,84564.0,893.0,,3830.0,,81627.0,87676.0,86704.0,972.0,,,,,1990.0,,,,,85398.0,88043.0,,85432.0,88038.0,,Last week,,Population bulletin: weekly 15 April 2016,https://assets.publishing.service.gov.uk/media/5a75b0c1ed915d6faf2b4f2b/prison-population-15-april-2016.xls,raw/weekly/5a75b0c1ed915d6faf2b4f2b_prison-population-15-april-2016.xls,
2016-04-08,2016-04-08,2016-04-08,,A1,Headlines- PUBLISHED,85398.0,84540.0,858.0,,3821.0,,81577.0,88043.0,87071.0,972.0,,,,,1971.0,,,,,85363.0,87989.0,,85348.0,87902.0,,Last week,,Population bulletin: weekly 8 April 2016,https://assets.publishing.service.gov.uk/media/5a80bc88ed915d74e33fc1df/prison-population-08-april-2016.xls,raw/weekly/5a80bc88ed915d74e33fc1df_prison-population-08-april-2016.xls,
2016-04-06,2016-04-06,2016-04-01,,A1,Headlines- PUBLISHED,85363.0,84546.0,817.0,,3822.0,,81541.0,87989.0,87017.0,972.0,,,,,,,,,,,,,,,,Last week,,Population bulletin: weekly 1 April 2016,https://assets.publishing.service.gov.uk/media/5a804e7eed915d74e33f9ab3/prison-population-01-april-2016.xls,raw/weekly/5a804e7eed915d74e33f9ab3_prison-population-01-april-2016.xls,
2016-03-18,2016-03-18,2016-03-18,,A1,Headlines- PUBLISHED,85930.0,85064.0,866.0,,3894.0,,82036.0,87996.0,87024.0,972.0,,,,,2094.0,,,,,85948.0,88027.0,,85576.0,87631.0,,Last week,,Population bulletin: weekly 18 March 2016,https://assets.publishing.service.gov.uk/media/5a74bd88e5274a3f93b486d6/prison-population-18-march-2016.xls,raw/weekly/5a74bd88e5274a3f93b486d6_prison-population-18-march-2016.xls,
2016-03-11,2016-03-11,2016-03-11,,A1,Headlines- PUBLISHED,85948.0,85063.0,885.0,,3847.0,,82101.0,88027.0,87055.0,972.0,,,,,2090.0,,,,,85834.0,88007.0,,85567.0,87831.0,,Last week,,Population bulletin: weekly 11 March 2016,https://assets.publishing.service.gov.uk/media/5a804d7e40f0b62302692b40/prison-population-11-march-2016.xls,raw/weekly/5a804d7e40f0b62302692b40_prison-population-11-march-2016.xls,
2016-03-04,2016-03-04,2016-03-04,,A1,Headlines- PUBLISHED,85834.0,84959.0,875.0,,3838.0,,81996.0,88007.0,87035.0,972.0,,,,,2066.0,,,,,85753.0,88001.0,,85564.0,88242.0,,Last week,,Population bulletin: weekly 4 March 2016,https://assets.publishing.service.gov.uk/media/5a7f89c7e5274a2e87db6738/prison-population-4-march-2016.xls,raw/weekly/5a7f89c7e5274a2e87db6738_prison-population-4-march-2016.xls,
2016-02-26,2016-02-26,2016-02-26,,A1,Headlines- PUBLISHED,85753.0,84868.0,885.0,,3844.0,,81909.0,88001.0,87029.0,972.0,,,,,2064.0,,,,,85636.0,88014.0,,85544.0,88205.0,,Last week,,Population bulletin: weekly 26 February 2016,https://assets.publishing.service.gov.uk/media/5a7f5b75e5274a2e87db55d8/prison-population-26-february-2016.xls,raw/weekly/5a7f5b75e5274a2e87db55d8_prison-population-26-february-2016.xls,
2016-02-19,2016-02-19,2016-02-19,,A1,Headlines- PUBLISHED,85636.0,84801.0,835.0,,3804.0,,81832.0,88014.0,87042.0,972.0,,,,,2080.0,,,,,85679.0,88042.0,,85567.0,88385.0,,Last week,,Population bulletin: weekly 19 February 2016,https://assets.publishing.service.gov.uk/media/5a75bc40ed915d6faf2b54a2/prison-population-19-february-2016.xls,raw/weekly/5a75bc40ed915d6faf2b54a2_prison-population-19-february-2016.xls,
2016-02-12,2016-02-12,2016-02-12,,A1,Headlines- PUBLISHED,85679.0,84881.0,798.0,,3818.0,,81861.0,88042.0,87070.0,972.0,,,,,2131.0,,,,,85634.0,88043.0,,85453.0,88419.0,,Last week,,Population bulletin: weekly 12 February 2016,https://assets.publishing.service.gov.uk/media/5a819b79e5274a2e8ab54e5f/prison-population-12-february-2016.xls,raw/weekly/5a819b79e5274a2e8ab54e5f_prison-population-12-february-2016.xls,
2016-02-05,2016-02-05,2016-02-05,,A1,Headlines- PUBLISHED,85634.0,84880.0,754.0,,3820.0,,81814.0,88043.0,87071.0,972.0,,,,,2137.0,,,,,85461.0,87969.0,,85280.0,88347.0,,Last week,,Population bulletin: weekly 5 February 2016,https://assets.publishing.service.gov.uk/media/5a804ac0e5274a2e87db8f8c/prison-population-5-february-2016.xls,raw/weekly/5a804ac0e5274a2e87db8f8c_prison-population-5-february-2016.xls,
2016-01-29,2016-01-29,2016-01-29,,A1,Headlines- PUBLISHED,85461.0,84718.0,743.0,,3832.0,,81629.0,87969.0,86997.0,972.0,,,,,2119.0,,,,,85260.0,87888.0,,85083.0,88286.0,,Last week,,Population bulletin: weekly 29 January 2016,https://assets.publishing.service.gov.uk/media/5a80ec7a40f0b62302696455/prison-population-29-january-2016.xls,raw/weekly/5a80ec7a40f0b62302696455_prison-population-29-january-2016.xls,
2016-01-22,2016-01-22,2016-01-22,,A1,Headlines- PUBLISHED,85260.0,84565.0,695.0,,3817.0,,81443.0,87888.0,86916.0,972.0,,,,,2095.0,,,,,85242.0,87855.0,,84865.0,88218.0,,Last week,,Population bulletin: weekly 22 January 2016,https://assets.publishing.service.gov.uk/media/5a80638bed915d74e622e2bb/prison-population-figures-22-january-2016.xls,raw/weekly/5a80638bed915d74e622e2bb_prison-population-figures-22-january-2016.xls,
2016-01-15,2016-01-15,2016-01-15,,A1,Headlines- PUBLISHED,85242.0,84550.0,692.0,,3817.0,,81425.0,87855.0,86883.0,972.0,,,,,2089.0,,,,,84950.0,87797.0,,84802.0,88198.0,,Last week,,Population bulletin: weekly 15 January 2016,https://assets.publishing.service.gov.uk/media/5a7f7893e5274a2e8ab4c616/prison-population-figures-15-january-2016.xls,raw/weekly/5a7f7893e5274a2e8ab4c616_prison-population-figures-15-january-2016.xls,
2016-01-08,2016-01-08,2015-01-08,,A1,Headlines- PUBLISHED,84950.0,84285.0,665.0,,3792.0,,81158.0,87797.0,86825.0,972.0,,,,,2102.0,,,,,,,,84731.0,88184.0,,Last week,,Population bulletin: weekly 8 January 2015,https://assets.publishing.service.gov.uk/media/5a7507e340f0b6360e472c98/prison-population-figures-8-january-2016.xls,raw/weekly/5a7507e340f0b6360e472c98_prison-population-figures-8-january-2016.xls,
2015-12-18,2015-12-18,2015-12-18,,A1,Headlines- PUBLISHED,85641.0,84920.0,721.0,,3906.0,,81735.0,87765.0,86793.0,972.0,,,,,2076.0,,,,,85847.0,87766.0,,85406.0,88116.0,,Last week,,Population bulletin: weekly 18 December 2015 ,https://assets.publishing.service.gov.uk/media/5a8065ace5274a2e8ab4fe8f/prison-population-18-december-2015.xls,raw/weekly/5a8065ace5274a2e8ab4fe8f_prison-population-18-december-2015.xls,
2015-12-11,2015-12-11,2015-12-11,,A1,Headlines- PUBLISHED,85847.0,85058.0,789.0,,3919.0,,81928.0,87766.0,86794.0,972.0,,,,,2079.0,,,,,85895.0,87757.0,,85755.0,88061.0,,Last week,,Population bulletin: weekly 11 December 2015,https://assets.publishing.service.gov.uk/media/5a801f6b40f0b62305b89508/prison-population-11-december-2015.xls,raw/weekly/5a801f6b40f0b62305b89508_prison-population-11-december-2015.xls,
2015-12-04,2015-12-04,2015-12-04,,A1,Headlines- PUBLISHED,85895.0,85075.0,820.0,,3962.0,,81933.0,87757.0,86785.0,972.0,,,,,2083.0,,,,,85982.0,87759.0,,85912.0,88082.0,,Last week,,Population bulletin: weekly 4 December 2015,https://assets.publishing.service.gov.uk/media/5a7515beed915d731495915f/prison-population-4-december-2015.xls,raw/weekly/5a7515beed915d731495915f_prison-population-4-december-2015.xls,
2015-11-27,2015-11-27,2015-11-27,,A1,Headlines- PUBLISHED,85982.0,85163.0,819.0,,3959.0,,82023.0,87759.0,86787.0,972.0,,,,,2111.0,,,,,85977.0,87730.0,,85902.0,88003.0,,Last week,,Population bulletin: weekly 27 November 2015,https://assets.publishing.service.gov.uk/media/5a805bc840f0b62305b8aaef/priosn-population-figures-27-november2015.xls,raw/weekly/5a805bc840f0b62305b8aaef_priosn-population-figures-27-november2015.xls,
2015-11-20,2015-11-20,2015-11-20,,A1,Headlines- PUBLISHED,85977.0,85134.0,843.0,,3935.0,,82042.0,87730.0,86758.0,972.0,,,,,2103.0,,,,,85993.0,87729.0,,85925.0,88015.0,,Last week,,Population bulletin: weekly 20 November 2015,https://assets.publishing.service.gov.uk/media/5a7f286640f0b6230268dc9b/prison-population-figures-20-nov-2015.xls,raw/weekly/5a7f286640f0b6230268dc9b_prison-population-figures-20-nov-2015.xls,
2015-11-13,2015-11-13,2015-11-13,,A1,Headlines- PUBLISHED,85993.0,85088.0,905.0,,3929.0,,82064.0,87729.0,86757.0,972.0,,,,,2086.0,,,,,85884.0,87762.0,,85864.0,88027.0,,Last week,,Population bulletin: weekly 13 November 2015,https://assets.publishing.service.gov.uk/media/5a80b91940f0b62305b8cc93/prison-population-13-november-2015.xls,raw/weekly/5a80b91940f0b62305b8cc93_prison-population-13-november-2015.xls,
2015-11-06,2015-11-06,2015-11-06,,A1,Headlines- PUBLISHED,85884.0,84975.0,909.0,,3936.0,,81948.0,87762.0,86790.0,972.0,,,,,2066.0,,,,,85843.0,88176.0,,85903.0,87982.0,,Last week,,Population bulletin: weekly 6 November 2015,https://assets.publishing.service.gov.uk/media/5a7f2d0d40f0b62305b858ba/prison-population-figures-6-nov-2015.xls,raw/weekly/5a7f2d0d40f0b62305b858ba_prison-population-figures-6-nov-2015.xls,
2015-10-30,2015-10-30,2015-10-30,,A1,Headlines- PUBLISHED,85843.0,84916.0,927.0,,3943.0,,81900.0,88176.0,86803.0,1373.0,,,,,2055.0,,,,,86107.0,88195.0,,85786.0,88004.0,,Last week,,Population bulletin: weekly 30 October 2015,https://assets.publishing.service.gov.uk/media/5a809d0ced915d74e622f776/prison-population-figures-29-oct-2015.xls,raw/weekly/5a809d0ced915d74e622f776_prison-population-figures-29-oct-2015.xls,
2015-10-23,2015-10-23,2015-10-23,,A1,Headlines- PUBLISHED,86107.0,85106.0,1001.0,,3948.0,,82159.0,88195.0,86822.0,1373.0,,,,,2067.0,,,,,86090.0,88100.0,,85720.0,87984.0,,Last week,,Population bulletin: weekly 23 October 2015,https://assets.publishing.service.gov.uk/media/5a81802ded915d74e33fe8cc/prison-population-figures-23-oct-2015.xls,raw/weekly/5a81802ded915d74e33fe8cc_prison-population-figures-23-oct-2015.xls,
2015-10-16,2015-10-16,2015-10-16,,A1,Headlines- PUBLISHED,86090.0,84910.0,1180.0,,3916.0,,82174.0,88100.0,86727.0,1373.0,,,,,2084.0,,,,,86145.0,88039.0,,85541.0,87965.0,,Last week,,Population bulletin: weekly 16 October 2015,https://assets.publishing.service.gov.uk/media/5a8166fded915d74e623211f/prison-population-figures-16-oct-2015.xls,raw/weekly/5a8166fded915d74e623211f_prison-population-figures-16-oct-2015.xls,
2015-10-09,2015-10-09,2015-10-09,,A1,Headlines- PUBLISHED,86145.0,84926.0,1219.0,,3908.0,,82237.0,88039.0,86666.0,1373.0,,,,,2099.0,,,,,85973.0,88075.0,,85625.0,87879.0,,Last week,,Population bulletin: weekly 9 October 2015,https://assets.publishing.service.gov.uk/media/5a80969440f0b62302694619/prison-population-figures-9-october-2015.xls,raw/weekly/5a80969440f0b62302694619_prison-population-figures-9-october-2015.xls,
2015-10-02,2015-10-02,2015-10-02,,A1,Headlines- PUBLISHED,85973.0,84826.0,1147.0,,3895.0,,82078.0,88075.0,86702.0,1373.0,,,,,2081.0,,,,,85892.0,88209.0,,85705.0,87820.0,,Last week,,Population bulletin: weekly 2 October 2015,https://assets.publishing.service.gov.uk/media/5a818c75ed915d74e6232dd0/prison-population-figures-2-october-2015.xls,raw/weekly/5a818c75ed915d74e6232dd0_prison-population-figures-2-october-2015.xls,
2015-09-25,2015-09-25,2015-09-25,,A1,Headlines- PUBLISHED,85892.0,84815.0,1077.0,,3891.0,,82001.0,88209.0,86836.0,1373.0,,,,,2073.0,,,,,85816.0,88289.0,,85634.0,87771.0,,Last week,,Population bulletin: weekly 25 September 2015,https://assets.publishing.service.gov.uk/media/5a8198b340f0b62305b8fce8/prison-population-25-sept-2015.xls,raw/weekly/5a8198b340f0b62305b8fce8_prison-population-25-sept-2015.xls,
2015-09-18,2015-09-18,2015-09-18,,A1,Headlines- PUBLISHED,85816.0,84768.0,1048.0,,3927.0,,81889.0,88289.0,86916.0,1373.0,,,,,2073.0,,,,,85699.0,88288.0,,85493.0,87723.0,,Last week,,Population bulletin: weekly 18 September 2015,https://assets.publishing.service.gov.uk/media/5a7f83ed40f0b62305b879d3/prison-population-18-sept-2015.xls,raw/weekly/5a7f83ed40f0b62305b879d3_prison-population-18-sept-2015.xls,
2015-09-11,2015-09-11,2015-09-11,,A1,Headlines- PUBLISHED,85699.0,84692.0,1007.0,,3919.0,,81780.0,88288.0,86915.0,1373.0,,,,,2076.0,,,,,85741.0,88321.0,,85413.0,87719.0,,Last week,,Population bulletin: weekly 11 September 2015,https://assets.publishing.service.gov.uk/media/5a80b468ed915d74e33fbef9/prison-population-figures-11-sept-2015.xls,raw/weekly/5a80b468ed915d74e33fbef9_prison-population-figures-11-sept-2015.xls,
2015-09-04,2015-09-04,2015-09-04,,A1,Headlines- PUBLISHED,85741.0,84780.0,961.0,,3953.0,,81788.0,88321.0,86948.0,1373.0,,,,,2057.0,,,,,86019.0,88267.0,,85385.0,87729.0,,Last week,,Population bulletin: weekly 4 September 2015,https://assets.publishing.service.gov.uk/media/5a805ae9e5274a2e87db9576/prison-population-04-Sept-2015.xls,raw/weekly/5a805ae9e5274a2e87db9576_prison-population-04-Sept-2015.xls,
2015-08-28,2015-08-28,2015-08-28,,A1,Headlines- PUBLISHED,86019.0,85019.0,1000.0,,3964.0,,82055.0,88267.0,86894.0,1373.0,,,,,2081.0,,,,,85956.0,88274.0,,85401.0,87688.0,,Last week,,Population bulletin: weekly 28 August 2015,https://assets.publishing.service.gov.uk/media/5a80b82540f0b62305b8cc3f/prison-population-28-aug-2015.xls,raw/weekly/5a80b82540f0b62305b8cc3f_prison-population-28-aug-2015.xls,
2015-08-21,2015-08-21,2015-08-21,,A1,Headlines- PUBLISHED,85956.0,84976.0,980.0,,3944.0,,82012.0,88274.0,86901.0,1373.0,,,,,2086.0,,,,,85951.0,88242.0,,85674.0,87521.0,,Last week,,Population bulletin: weekly 21 August 2015,https://assets.publishing.service.gov.uk/media/5a80ad89e5274a2e87dbb32d/prison-population-figures-21-aug-2015.xls,raw/weekly/5a80ad89e5274a2e87dbb32d_prison-population-figures-21-aug-2015.xls,
2015-08-14,2015-08-14,2015-08-14,,A1,Headlines- PUBLISHED,85951.0,84976.0,975.0,,3910.0,,82041.0,88242.0,86869.0,1373.0,,,,,2127.0,,,,,86036.0,88231.0,,85834.0,87362.0,,Last week,,Population bulletin: weekly 14 August 2015,https://assets.publishing.service.gov.uk/media/5a7f6c21e5274a2e8ab4c164/prison-population-figures-14-august-2015.xls,raw/weekly/5a7f6c21e5274a2e8ab4c164_prison-population-figures-14-august-2015.xls,
2015-08-07,2015-08-07,2015-08-07,,A1,Headlines- PUBLISHED,86036.0,84967.0,1069.0,,3932.0,,82104.0,88231.0,86858.0,1373.0,,,,,2112.0,,,,,86179.0,88180.0,,85795.0,87227.0,,Last week,,Population bulletin: weekly 7 August 2015,https://assets.publishing.service.gov.uk/media/5a800306e5274a2e8ab4da7c/prison-population-figures-7-august-2015.xls,raw/weekly/5a800306e5274a2e8ab4da7c_prison-population-figures-7-august-2015.xls,
2015-07-31,2015-07-31,2015-07-31,,A1,Headlines- PUBLISHED,86179.0,85029.0,1150.0,,3922.0,,82257.0,88180.0,86807.0,1373.0,,,,,2083.0,,,,,86172.0,88162.0,,85696.0,87011.0,,Last week,,Population bulletin: weekly 31 July 2015,https://assets.publishing.service.gov.uk/media/5a747a6aed915d0e8e398844/prison-population-31-july-2015.xls,raw/weekly/5a747a6aed915d0e8e398844_prison-population-31-july-2015.xls,
2015-07-24,2015-07-24,2015-07-24,,A1,Headlines- PUBLISHED,86172.0,84982.0,1190.0,,3888.0,,82284.0,88162.0,86789.0,1373.0,,,,,2092.0,,,,,86300.0,87995.0,,85730.0,86778.0,,Last week,,Population bulletin: weekly 24 July 2015,https://assets.publishing.service.gov.uk/media/5a80042fe5274a2e8ab4daf2/population-bulletin-24-07-2015.xls,raw/weekly/5a80042fe5274a2e8ab4daf2_population-bulletin-24-07-2015.xls,
2015-07-17,2015-07-17,2015-07-17,,A1,Headlines- PUBLISHED,86300.0,85092.0,1208.0,,3904.0,,82396.0,87995.0,86622.0,1373.0,,,,,2068.0,,,,,86255.0,87983.0,,85661.0,86737.0,,Last week,,Population bulletin: weekly 17 July 2015,https://assets.publishing.service.gov.uk/media/5a80c41040f0b6230269561c/population-bulletin-17-07-2015.xls,raw/weekly/5a80c41040f0b6230269561c_population-bulletin-17-07-2015.xls,
2015-07-10,2015-07-10,2015-07-10,,A1,Headlines- PUBLISHED,86255.0,85089.0,1166.0,,3906.0,,82349.0,87983.0,86610.0,1373.0,,,,,2063.0,,,,,86164.0,87961.0,,85487.0,86687.0,,Last week,,Population bulletin: weekly 10 July 2015,https://assets.publishing.service.gov.uk/media/5a807e74e5274a2e87dba20c/population-bulletin-10-07-2015.xls,raw/weekly/5a807e74e5274a2e87dba20c_population-bulletin-10-07-2015.xls,
2015-07-03,2015-07-03,2015-07-03,,A1,Headlines- PUBLISHED,86164.0,84930.0,1234.0,,3901.0,,82263.0,87961.0,86588.0,1373.0,,,,,2049.0,,,,,86028.0,87968.0,,85428.0,86647.0,,Last week,,Population bulletin: weekly 3 July 2015,https://assets.publishing.service.gov.uk/media/5a8097c6ed915d74e33fb4ed/prison-population-figures-03-july-2015.xls,raw/weekly/5a8097c6ed915d74e33fb4ed_prison-population-figures-03-july-2015.xls,
2015-06-26,2015-06-26,2015-06-26,,A1,Headlines- PUBLISHED,86028.0,84777.0,1251.0,,3884.0,,82144.0,87968.0,86595.0,1373.0,,,,,2032.0,,,,,85743.0,87974.0,,85582.0,86489.0,,Last week,,Population bulletin: weekly 26 June 2015,https://assets.publishing.service.gov.uk/media/5a7f6b7ce5274a2e8ab4c128/prison-population-figures-26-june-2015.xls,raw/weekly/5a7f6b7ce5274a2e8ab4c128_prison-population-figures-26-june-2015.xls,
2015-06-19,2015-06-19,2015-06-19,,A1,Headlines- PUBLISHED,85743.0,84494.0,1249.0,,3879.0,,81864.0,87974.0,86601.0,1373.0,,,,,2053.0,,,,,85818.0,88096.0,,85414.0,86428.0,,Last week,,Population bulletin: weekly 19 June 2015,https://assets.publishing.service.gov.uk/media/5a75710e40f0b6397f35e742/prison-population-figures-19-jne-2015.xls,raw/weekly/5a75710e40f0b6397f35e742_prison-population-figures-19-jne-2015.xls,
2015-06-12,2015-06-12,2015-06-12,,A1,Headlines- PUBLISHED,85818.0,84571.0,1247.0,,3901.0,,81917.0,88096.0,86723.0,1373.0,,,,,2060.0,,,,,85763.0,88116.0,,85410.0,86431.0,,Last week,, Population bulletin: weekly 12 June 2015,https://assets.publishing.service.gov.uk/media/5a81726ced915d74e33fe426/prison-population-figures-12-june-2015.xls,raw/weekly/5a81726ced915d74e33fe426_prison-population-figures-12-june-2015.xls,
2015-06-05,2015-06-05,2015-06-05,,A1,Headlines- PUBLISHED,85763.0,84503.0,1260.0,,3882.0,,81881.0,88116.0,86743.0,1373.0,,,,,2071.0,,,,,85669.0,88047.0,,85228.0,86375.0,,Last week,,Population bulletin: weekly 5 June 2015,https://assets.publishing.service.gov.uk/media/5a80717de5274a2e87db9d75/prison-population-figures-5-june-2015.xls,raw/weekly/5a80717de5274a2e87db9d75_prison-population-figures-5-june-2015.xls,
2015-05-29,2015-05-29,2015-05-29,,A1,Headlines- PUBLISHED,85669.0,84379.0,1290.0,,3918.0,,81751.0,88047.0,86674.0,1373.0,,,,,2034.0,,,,,85744.0,88038.0,,85105.0,86294.0,,Last week,,Population bulletin: weekly 29 May 2015,https://assets.publishing.service.gov.uk/media/5a81625ae5274a2e8ab53b3c/prison-population-figures-29-may-2015.xls,raw/weekly/5a81625ae5274a2e8ab53b3c_prison-population-figures-29-may-2015.xls,
2015-05-22,2015-05-22,2015-05-22,,A1,Headlines- PUBLISHED,85744.0,84441.0,1303.0,,3899.0,,81845.0,88038.0,86665.0,1373.0,,,,,2054.0,,,,,85684.0,88053.0,,85158.0,86267.0,,Last week,,Population bulletin: weekly 22 May 2015,https://assets.publishing.service.gov.uk/media/5a7f5e18ed915d74e622a088/prison-population-figures-22-may-2015.xls,raw/weekly/5a7f5e18ed915d74e622a088_prison-population-figures-22-may-2015.xls,
2015-05-15,2015-05-15,2015-05-15,,A1,Headlines- PUBLISHED,85684.0,84372.0,1312.0,,3889.0,,81795.0,88053.0,86680.0,1373.0,,,,,2048.0,,,,,85590.0,88053.0,,84918.0,86333.0,,Last week,,Population bulletin: weekly 15 May 2015,https://assets.publishing.service.gov.uk/media/5a80e2e5e5274a2e8ab52b91/prison-population-figures-15-may-2015.xls,raw/weekly/5a80e2e5e5274a2e8ab52b91_prison-population-figures-15-may-2015.xls,
2015-05-08,2015-05-08,2015-05-08,,A1,Headlines- PUBLISHED,85590.0,84299.0,1291.0,,3858.0,,81732.0,88053.0,86680.0,1373.0,,,,,2051.0,,,,,85704.0,88030.0,,84578.0,86320.0,,Last week,,Population bulletin: weekly 8 May 2015,https://assets.publishing.service.gov.uk/media/5a804fb7e5274a2e8ab4f6bb/prison-population-figures-8-may-2015.xls,raw/weekly/5a804fb7e5274a2e8ab4f6bb_prison-population-figures-8-may-2015.xls,
2015-05-01,2015-05-01,2015-05-01,,A1,Headlines- PUBLISHED,85704.0,84454.0,1250.0,,3854.0,,81850.0,88030.0,86657.0,1373.0,,,,,2057.0,,,,,85591.0,87929.0,,84692.0,86296.0,,Last week,,Population bulletin: weekly 1 May 2015,https://assets.publishing.service.gov.uk/media/5a7ffa1240f0b62302690c48/prison-population-figures-1-may-2015.xls,raw/weekly/5a7ffa1240f0b62302690c48_prison-population-figures-1-may-2015.xls,
2015-04-24,2015-04-24,2015-04-24,,A1,Headlines- PUBLISHED,85591.0,84343.0,1248.0,,3851.0,,81740.0,87929.0,86556.0,1373.0,,,,,2097.0,,,,,85432.0,88038.0,,84697.0,86263.0,,Last week,,Population bulletin: weekly 24 April 2015,https://assets.publishing.service.gov.uk/media/5a80f055e5274a2e87dbcab2/prison-population-figures-24-apr-2015.xls,raw/weekly/5a80f055e5274a2e87dbcab2_prison-population-figures-24-apr-2015.xls,
2015-04-17,2015-04-17,2015-04-17,,A1,Headlines- PUBLISHED,85432.0,84215.0,1217.0,,3841.0,,81591.0,88038.0,86468.0,1570.0,,,,,2105.0,,,,,85348.0,87902.0,,,,,Last week,,Population bulletin: weekly 17 April 2015,https://assets.publishing.service.gov.uk/media/5a80115aed915d74e33f841d/prison-population-fgiures-17-apr-2015.xls,raw/weekly/5a80115aed915d74e33f841d_prison-population-fgiures-17-apr-2015.xls,
2015-04-10,2015-04-10,2015-04-10,,A1,Headlines- PUBLISHED,85348.0,84159.0,1189.0,,3824.0,,81524.0,87902.0,86332.0,1570.0,,,,,2097.0,,,,,,,,85264.0,86127.0,,Last week,,Population bulletin: weekly 10 April 2015,https://assets.publishing.service.gov.uk/media/5a802872e5274a2e8ab4e85e/prison-population-figures-10-apr-2015.xls,raw/weekly/5a802872e5274a2e8ab4e85e_prison-population-figures-10-apr-2015.xls,
2015-03-27,2015-03-27,2015-03-27,,A1,Headlines- PUBLISHED,85681.0,84324.0,1357.0,,3866.0,,81815.0,87720.0,86150.0,1570.0,,,,,2107.0,,,,,85576.0,87631.0,,85252.0,85972.0,,Last week,,Population bulletin: weekly 27 March 2015,https://assets.publishing.service.gov.uk/media/5a7f3b9040f0b6230268e405/prison-population-figures-27-mar-2015.xls,raw/weekly/5a7f3b9040f0b6230268e405_prison-population-figures-27-mar-2015.xls,
2015-03-20,2015-03-20,2015-03-20,,A1,Headlines- PUBLISHED,85576.0,84204.0,1372.0,,3867.0,,81709.0,87631.0,86061.0,1570.0,,,,,2080.0,,,,,85567.0,87831.0,,85338.0,85906.0,,Last week,,Population bulletin: weekly 20 March 2015,https://assets.publishing.service.gov.uk/media/5a803691ed915d74e33f91e6/prison-population-20-march-2015.xls,raw/weekly/5a803691ed915d74e33f91e6_prison-population-20-march-2015.xls,
2015-03-13,2015-03-13,2015-03-13,,A1,Headlines- PUBLISHED,85567.0,84178.0,1389.0,,3855.0,,81712.0,87831.0,86261.0,1570.0,,,,,2104.0,,,,,85564.0,88242.0,,85513.0,85852.0,,Last week,,Population bulletin: weekly 13 March 2015,https://assets.publishing.service.gov.uk/media/5a7fa14640f0b62305b88510/prison-population-figures-13-march-2015.xls,raw/weekly/5a7fa14640f0b62305b88510_prison-population-figures-13-march-2015.xls,
2015-03-06,2015-03-06,2015-03-06,,A1,Headlines- PUBLISHED,85564.0,84147.0,1417.0,,3866.0,,81698.0,88242.0,86672.0,1570.0,,,,,2123.0,,,,,85544.0,88205.0,,85535.0,85800.0,,Last week,,Population bulletin: weekly 6 March 2015,https://assets.publishing.service.gov.uk/media/5a80173640f0b62305b891cf/prison-population-figures-6-march-2015.xls,raw/weekly/5a80173640f0b62305b891cf_prison-population-figures-6-march-2015.xls,
2015-02-27,2015-02-27,2015-02-27,,A1,Headlines- PUBLISHED,85544.0,84121.0,1423.0,,3866.0,,81678.0,88205.0,86635.0,1570.0,,,,,2090.0,,,,,85567.0,88385.0,,85469.0,85910.0,,Last week,,Population bulletin: weekly 27 February 2015,https://assets.publishing.service.gov.uk/media/5a80ad8a40f0b62302694e2b/prison-population-figures-27-feb-2015.xls,raw/weekly/5a80ad8a40f0b62302694e2b_prison-population-figures-27-feb-2015.xls,
2015-02-20,2015-02-20,2015-02-20,,A1,Headlines- PUBLISHED,85567.0,84119.0,1448.0,,3876.0,,81691.0,88385.0,86815.0,1570.0,,,,,2090.0,,,,,85453.0,88419.0,,85389.0,85889.0,,Last week,,Population bulletin: weekly 20 February 2015,https://assets.publishing.service.gov.uk/media/5a7f7562ed915d74e33f68f5/prison-popualtion-figures-20-february-2015.xls,raw/weekly/5a7f7562ed915d74e33f68f5_prison-popualtion-figures-20-february-2015.xls,
2015-02-13,2015-02-13,2015-02-13,,A1,Headlines- PUBLISHED,85453.0,84002.0,1451.0,,3891.0,,81562.0,88419.0,86849.0,1570.0,,,,,2073.0,,,,,85280.0,88347.0,,85335.0,85806.0,,Last week,,Population bulletin: weekly 13 February 2015,https://assets.publishing.service.gov.uk/media/5a818639e5274a2e87dbe17b/prison-population-figures-13022015.xls,raw/weekly/5a818639e5274a2e87dbe17b_prison-population-figures-13022015.xls,
2015-02-06,2015-02-06,2015-02-06,,A1,Headlines- PUBLISHED,85280.0,83878.0,1402.0,,3854.0,,81426.0,88347.0,86777.0,1570.0,,,,,2075.0,,,,,85083.0,88286.0,,85235.0,85609.0,,Last week,,Population bulletin: weekly 6 February 2015,https://assets.publishing.service.gov.uk/media/5a74b6c440f0b619c8659d43/prison-population-figures-06-feb-2015.xls,raw/weekly/5a74b6c440f0b619c8659d43_prison-population-figures-06-feb-2015.xls,
2015-01-30,2015-01-30,2015-01-30,,A1,Headlines- PUBLISHED,85083.0,83680.0,1403.0,,3812.0,,81271.0,88286.0,86716.0,1570.0,,,,,2088.0,,,,,84865.0,88218.0,,84977.0,85657.0,,Last week,,Population bulletin: weekly 30 January 2015,https://assets.publishing.service.gov.uk/media/5a7ecb60ed915d74e33f2751/prison-population-figures-30-jan-2015.xls,raw/weekly/5a7ecb60ed915d74e33f2751_prison-population-figures-30-jan-2015.xls,
2015-01-23,2015-01-23,2015-01-23,,A1,Headlines- PUBLISHED,84865.0,83485.0,1380.0,,3811.0,,81054.0,88218.0,86648.0,1570.0,,,,,2087.0,,,,,84802.0,88198.0,,84633.0,85866.0,,Last week,,Population bulletin: weekly 23 January 2015,https://assets.publishing.service.gov.uk/media/5a74c17640f0b61df47783c0/prison-population-figures-23-jan-2015.xls,raw/weekly/5a74c17640f0b61df47783c0_prison-population-figures-23-jan-2015.xls,
2015-01-16,2015-01-16,2015-01-16,,A1,Headlines- PUBLISHED,84802.0,83437.0,1365.0,,3807.0,,80995.0,88198.0,86638.0,1560.0,,,,,2083.0,,,,,84731.0,88184.0,,84523.0,85822.0,,Last week,,Population bulletin: weekly 16 January 2015,https://assets.publishing.service.gov.uk/media/5a7f0706e5274a2e8ab49b52/prison-population-16-jan-2015.xls,raw/weekly/5a7f0706e5274a2e8ab49b52_prison-population-16-jan-2015.xls,
2015-01-09,2015-01-09,2015-01-09,,A1,Headlines- PUBLISHED,84731.0,83413.0,1318.0,,3816.0,,80915.0,88184.0,86624.0,1560.0,,,,,2094.0,,,,,84628.0,88116.0,,84258.0,85918.0,,Last week,,Population bulletin: weekly 9 January 2015,https://assets.publishing.service.gov.uk/media/5a7eec0a40f0b6230268c61d/prison-population-figures-9-jan-2015.xls,raw/weekly/5a7eec0a40f0b6230268c61d_prison-population-figures-9-jan-2015.xls,
2015-01-02,2015-01-02,2015-01-02,,A1,Headlines- PUBLISHED,84628.0,83287.0,1341.0,,3806.0,,80822.0,88116.0,86556.0,1560.0,,,,,2159.0,,,,,,,,83962.0,85953.0,,Last week,,Population bulletin: weekly 2 January 2015,https://assets.publishing.service.gov.uk/media/5a7e4d9c40f0b6230268a7cd/population-bulletin-02-01-2015.xls,raw/weekly/5a7e4d9c40f0b6230268a7cd_population-bulletin-02-01-2015.xls,
2014-12-19,2014-12-19,2014-12-19,,A1,Headlines- PUBLISHED,85406.0,84093.0,1313.0,,3878.0,,81528.0,88116.0,86556.0,1560.0,,,,,2116.0,,,,,85755.0,88061.0,,85021.0,85901.0,,Last week,,Population bulletin: weekly 19 December 2014,https://assets.publishing.service.gov.uk/media/5a7d94a0ed915d3fb959499e/prison-population-figures-19-dec-2014.xls,raw/weekly/5a7d94a0ed915d3fb959499e_prison-population-figures-19-dec-2014.xls,
2014-12-12,2014-12-12,2014-12-12,,A1,Headlines- PUBLISHED,85755.0,84442.0,1313.0,,3907.0,,81848.0,88061.0,86501.0,1560.0,,,,,2090.0,,,,,85912.0,88082.0,,85255.0,85933.0,,Last week,,Population bulletin: weekly 12 December 2014,https://assets.publishing.service.gov.uk/media/5a756af1e5274a3edd9a4c20/prison-population-12-dec-2014.xls,raw/weekly/5a756af1e5274a3edd9a4c20_prison-population-12-dec-2014.xls,
2014-12-05,2014-12-05,2014-12-05,,A1,Headlines- PUBLISHED,85912.0,84629.0,1283.0,,3928.0,,81984.0,88082.0,86522.0,1560.0,,,,,2068.0,,,,,85902.0,88003.0,,85429.0,85938.0,,Last week,,Population bulletin: weekly 5 December 2014,https://assets.publishing.service.gov.uk/media/5a7e319bed915d74e33f0a92/prison-population-figures-5-december-2104.xls,raw/weekly/5a7e319bed915d74e33f0a92_prison-population-figures-5-december-2104.xls,
2014-11-28,2014-11-28,2014-11-28,,A1,Headlines- PUBLISHED,85902.0,84668.0,1234.0,,3943.0,,81959.0,88003.0,86443.0,1560.0,,,,,2077.0,,,,,85925.0,88015.0,,85382.0,86368.0,,Last week,,Population bulletin: weekly 28 November 2014,https://assets.publishing.service.gov.uk/media/5a7479a240f0b646ce8d9b95/prison-population-figures-28-november-2104.xls,raw/weekly/5a7479a240f0b646ce8d9b95_prison-population-figures-28-november-2104.xls,
2014-11-21,2014-11-21,2014-11-21,,A1,Headlines- PUBLISHED,85925.0,84691.0,1234.0,,3951.0,,81974.0,88015.0,86455.0,1560.0,,,,,2084.0,,,,,85864.0,88027.0,,85363.0,86272.0,,Last week,,Population bulletin: weekly 21 November 2014,https://assets.publishing.service.gov.uk/media/5a7e287740f0b623026898aa/prison-population-figures-21-nov-2014.xls,raw/weekly/5a7e287740f0b623026898aa_prison-population-figures-21-nov-2014.xls,
2014-11-14,2014-11-14,2014-11-14,,A1,Headlines- PUBLISHED,85864.0,84656.0,1208.0,,3959.0,,81905.0,88027.0,86467.0,1560.0,,,,,2098.0,,,,,85903.0,87982.0,,85340.0,86060.0,,Last week,,Population bulletin: weekly 14 November 2014,https://assets.publishing.service.gov.uk/media/5a7dd91d40f0b65d88634c77/prison-population-figures-14-nov-2014.xls,raw/weekly/5a7dd91d40f0b65d88634c77_prison-population-figures-14-nov-2014.xls,
2014-11-07,2014-11-07,2014-11-07,,A1,Headlines- PUBLISHED,85903.0,84671.0,1232.0,,3921.0,,81982.0,87982.0,86422.0,1560.0,,,,,2138.0,,,,,85786.0,88004.0,,85337.0,85995.0,,Last week,,Population bulletin: weekly 7 November 2014,https://assets.publishing.service.gov.uk/media/5a7e0081ed915d74e33ef68c/prison-population-figures-7-nov-2014.xls,raw/weekly/5a7e0081ed915d74e33ef68c_prison-population-figures-7-nov-2014.xls,
2014-10-31,2014-10-31,2014-10-31,,A1,Headlines- PUBLISHED,85786.0,84578.0,1208.0,,3917.0,,81869.0,88004.0,86444.0,1560.0,,,,,2122.0,,,,,85720.0,87984.0,,85241.0,86002.0,,Last week,,Population bulletin: weekly 31 October 2014,https://assets.publishing.service.gov.uk/media/5a7d8ff2e5274a676d532cc1/prison-population-figures-31-oct-2014.xls,raw/weekly/5a7d8ff2e5274a676d532cc1_prison-population-figures-31-oct-2014.xls,
2014-10-24,2014-10-24,2014-10-24,,A1,Headlines- PUBLISHED,85720.0,84569.0,1151.0,,3924.0,,81796.0,87984.0,86424.0,1560.0,,,,,2094.0,,,,,85541.0,87965.0,,85235.0,86046.0,,Last week,,Population bulletin: weekly 24 October 2014,https://assets.publishing.service.gov.uk/media/5a7eee5fed915d74e62275fd/prison-population-figures-24-oct-2014.xls,raw/weekly/5a7eee5fed915d74e62275fd_prison-population-figures-24-oct-2014.xls,
2014-10-17,2014-10-17,2014-10-17,,A1,Headlines- PUBLISHED,85541.0,84417.0,1124.0,,3894.0,,81647.0,87965.0,86405.0,1560.0,,,,,2078.0,,,,,85625.0,87879.0,,84987.0,85828.0,,Last week,,Population bulletin: weekly 17 October 2014,https://assets.publishing.service.gov.uk/media/5a7deb9eed915d74e6222edb/prison-population-figures-17-10-2014.xls,raw/weekly/5a7deb9eed915d74e6222edb_prison-population-figures-17-10-2014.xls,
2014-10-10,2014-10-10,2014-10-10,,A1,Headlines- PUBLISHED,85625.0,84485.0,1140.0,,3902.0,,81723.0,87879.0,86319.0,1560.0,,,,,2068.0,,,,,85705.0,87820.0,,84832.0,86058.0,,Last week,,Population bulletin: weekly 10 October 2014,https://assets.publishing.service.gov.uk/media/5a74fe6440f0b6399b2afd13/prison-population-figures-10-oct-2014.xls,raw/weekly/5a74fe6440f0b6399b2afd13_prison-population-figures-10-oct-2014.xls,
2014-10-03,2014-10-03,2014-10-03,,A1,Headlines- PUBLISHED,85705.0,84523.0,1182.0,,3908.0,,81797.0,87820.0,86260.0,1560.0,,,,,2051.0,,,,,85634.0,87771.0,,84627.0,86305.0,,Last week,,Population bulletin: weekly 3 October 2014,https://assets.publishing.service.gov.uk/media/5a7d80d4ed915d269ba8b10f/prison-population-figures-3-oct-2014.xls,raw/weekly/5a7d80d4ed915d269ba8b10f_prison-population-figures-3-oct-2014.xls,
2014-09-26,2014-09-26,2014-09-26,,A1,Headlines- PUBLISHED,85634.0,84793.0,841.0,,3900.0,,81734.0,87771.0,86781.0,990.0,,,,,2026.0,,,,,85493.0,87723.0,,84430.0,87788.0,,Last week,,Population bulletin: weekly 26 September 2014,https://assets.publishing.service.gov.uk/media/5a7def0eed915d74e622303b/prison-population-figures-26-sept-2014.xls,raw/weekly/5a7def0eed915d74e622303b_prison-population-figures-26-sept-2014.xls,
2014-09-19,2014-09-19,2014-09-19,,A1,Headlines- PUBLISHED,85493.0,84683.0,810.0,,3913.0,,81580.0,87723.0,86733.0,990.0,,,,,2037.0,,,,,85413.0,87719.0,,84197.0,87834.0,,Last week,,Population bulletin: weekly 19 September 2014,https://assets.publishing.service.gov.uk/media/5a758cc840f0b6360e474f82/prison-population-figures-19-september-2014.xls,raw/weekly/5a758cc840f0b6360e474f82_prison-population-figures-19-september-2014.xls,
2014-09-12,2014-09-12,2014-09-12,,A1,Headlines- PUBLISHED,85413.0,84576.0,837.0,,3909.0,,81504.0,87719.0,86729.0,990.0,,,,,2055.0,,,,,85385.0,87729.0,,84231.0,87805.0,,Last week,,Population bulletin: weekly 12 September 2014,https://assets.publishing.service.gov.uk/media/5a7dc31040f0b65d88634412/prison-population-figures-12-sept-2014.xls,raw/weekly/5a7dc31040f0b65d88634412_prison-population-figures-12-sept-2014.xls,
2014-09-05,2014-09-05,2014-09-05,,A1,Headlines- PUBLISHED,85385.0,84597.0,788.0,,3903.0,,81482.0,87729.0,86739.0,990.0,,,,,2061.0,,,,,85401.0,87688.0,,84135.0,87780.0,,Last week,,Population bulletin: weekly 5 September 2014,https://assets.publishing.service.gov.uk/media/5a7d7c84e5274a676d5325ad/prison-population-figures-05-sept-2014.xls,raw/weekly/5a7d7c84e5274a676d5325ad_prison-population-figures-05-sept-2014.xls,
2014-08-29,2014-08-29,2014-08-29,,A1,Headlines- PUBLISHED,85401.0,84574.0,827.0,,3912.0,,81489.0,87688.0,86698.0,990.0,,,,,2062.0,,,,,85674.0,87521.0,,84066.0,87784.0,,Last week,,Population bulletin: weekly 29 August 2014,https://assets.publishing.service.gov.uk/media/5a7562f340f0b6397f35e06f/population-bulletin-29-august-2014.xls,raw/weekly/5a7562f340f0b6397f35e06f_population-bulletin-29-august-2014.xls,
2014-08-22,2014-08-22,2014-08-22,,A1,Headlines- PUBLISHED,85674.0,84843.0,831.0,,3921.0,,81753.0,87521.0,86531.0,990.0,,,,,2094.0,,,,,85834.0,87362.0,,84232.0,87809.0,,Last week,,Population bulletin: weekly 22 August 2014,https://assets.publishing.service.gov.uk/media/5a7decdfe5274a2e87dae68f/prison-population-figures-22-Aug-2014.xls,raw/weekly/5a7decdfe5274a2e87dae68f_prison-population-figures-22-Aug-2014.xls,
2014-08-15,2014-08-15,2014-08-15,,A1,Headlines- PUBLISHED,85834.0,84958.0,876.0,,3904.0,,81930.0,87362.0,86372.0,990.0,,,,,2118.0,,,,,85795.0,87227.0,,84345.0,87794.0,,Last week,,Population bulletin: weekly 15 August 2014,https://assets.publishing.service.gov.uk/media/5a7df18840f0b62302688233/prison-population-figures-15-aug-2014.xls,raw/weekly/5a7df18840f0b62302688233_prison-population-figures-15-aug-2014.xls,
2014-08-08,2014-08-08,2014-08-08,,A1,Headlines- PUBLISHED,85795.0,84971.0,824.0,,3929.0,,81866.0,87227.0,86237.0,990.0,,,,,2118.0,,,,,85696.0,87011.0,,84285.0,87768.0,,Last week,,Population bulletin: weekly 8 August 2014,https://assets.publishing.service.gov.uk/media/5a7eabf040f0b6230268aca7/prison-population-figures-8-aug-2014.xls,raw/weekly/5a7eabf040f0b6230268aca7_prison-population-figures-8-aug-2014.xls,
2014-08-01,2014-08-01,2014-08-01,,A1,Headlines- PUBLISHED,85696.0,84868.0,828.0,,3933.0,,81763.0,87011.0,86021.0,990.0,,,,,2127.0,,,,,85730.0,86778.0,,84022.0,87780.0,,Last week,,Population bulletin: weekly 1 August 2014,https://assets.publishing.service.gov.uk/media/5a7d59b1ed915d28e9f39c2b/prison-population-figures-1-aug-2014.xls,raw/weekly/5a7d59b1ed915d28e9f39c2b_prison-population-figures-1-aug-2014.xls,
2014-07-25,2014-07-25,2014-07-25,,A1,Headlines- PUBLISHED,85730.0,84857.0,873.0,,3928.0,,81802.0,86778.0,85815.0,963.0,,,,,2127.0,,,,,85661.0,86737.0,,84052.0,87798.0,,Last week,,Population bulletin: weekly 25 July 2014,https://assets.publishing.service.gov.uk/media/5a7d92aeed915d497af703d9/prison-population-25-july-2014.xls,raw/weekly/5a7d92aeed915d497af703d9_prison-population-25-july-2014.xls,
2014-07-18,2014-07-18,2014-07-18,,A1,Headlines- PUBLISHED,85661.0,84791.0,870.0,,3932.0,,81729.0,86737.0,85774.0,963.0,,,,,2139.0,,,,,85487.0,86687.0,,84006.0,87784.0,,Last week,,Population bulletin: weekly 18 July 2014,https://assets.publishing.service.gov.uk/media/5a7e1e6740f0b623026894b6/prison-population-18-july-2014.xls,raw/weekly/5a7e1e6740f0b623026894b6_prison-population-18-july-2014.xls,
2014-07-11,2014-07-11,2014-07-11,,A1,Headlines- PUBLISHED,85487.0,84608.0,879.0,,3923.0,,81564.0,86687.0,85724.0,963.0,,,,,2114.0,,,,,85428.0,86647.0,,84091.0,87764.0,,Last week,,Population bulletin: weekly 11 July 2014,https://assets.publishing.service.gov.uk/media/5a759101ed915d6faf2b3fbe/population-bulletin-11-July-2014.xls,raw/weekly/5a759101ed915d6faf2b3fbe_population-bulletin-11-July-2014.xls,
2014-07-04,2014-07-04,2014-07-04,,A1,Headlines- PUBLISHED,85428.0,84567.0,861.0,,3936.0,,81492.0,86647.0,85684.0,963.0,,,,,2120.0,,,,,85582.0,86489.0,,83902.0,87802.0,,Last week,,Population bulletin: weekly 4 July 2014,https://assets.publishing.service.gov.uk/media/5a7ec50340f0b62305b83107/prison-population-figures-4-jul-2014.xls,raw/weekly/5a7ec50340f0b62305b83107_prison-population-figures-4-jul-2014.xls,
2014-06-27,2014-06-27,2014-06-27,,A1,Headlines- PUBLISHED,85582.0,84684.0,898.0,,3935.0,,81647.0,86489.0,85526.0,963.0,,,,,2083.0,,,,,85414.0,86428.0,,83796.0,87822.0,,Last week,,Population bulletin: weekly 27 June 2014,https://assets.publishing.service.gov.uk/media/5a7e12d4ed915d74e6223ee7/prison-population-figures-27-june-2014.xls,raw/weekly/5a7e12d4ed915d74e6223ee7_prison-population-figures-27-june-2014.xls,
2014-06-20,2014-06-20,2014-06-20,,A1,Headlines- PUBLISHED,85414.0,84542.0,872.0,,3899.0,,81515.0,86428.0,85465.0,963.0,,,,,2083.0,,,,,85410.0,86431.0,,83706.0,87872.0,,Last week,,Population bulletin: weekly 20 June 2014,https://assets.publishing.service.gov.uk/media/5a7dd12e40f0b65d8b4e3ae9/prison-population-figures-20-june-2014.xls,raw/weekly/5a7dd12e40f0b65d8b4e3ae9_prison-population-figures-20-june-2014.xls,
2014-06-13,2014-06-13,2014-06-13,,A1,Headlines- PUBLISHED,85410.0,84533.0,877.0,,3932.0,,81478.0,86431.0,85468.0,963.0,,,,,2114.0,,,,,85228.0,86375.0,,83661.0,87914.0,,Last week,,Population bulletin: weekly 13 June 2014,https://assets.publishing.service.gov.uk/media/5a7da47c40f0b65d8b4e2a06/prison-population-figures-13-june-2014.xls,raw/weekly/5a7da47c40f0b65d8b4e2a06_prison-population-figures-13-june-2014.xls,
2014-06-06,2014-06-06,2014-06-06,,A1,Headlines- PUBLISHED,85228.0,84361.0,867.0,,3912.0,,81316.0,86375.0,85412.0,963.0,,,,,2136.0,,,,,85105.0,86294.0,,83750.0,87934.0,,Last week,,Population bulletin: weekly 6 June 2014,https://assets.publishing.service.gov.uk/media/5a7e127aed915d74e6223ec5/prison-population-figures-06-jun-2014.xls,raw/weekly/5a7e127aed915d74e6223ec5_prison-population-figures-06-jun-2014.xls,
2014-05-30,2014-05-30,2014-05-30,,A1,Headlines- PUBLISHED,85105.0,84225.0,880.0,,3883.0,,81222.0,86294.0,85331.0,963.0,,,,,2140.0,,,,,85158.0,86267.0,,83897.0,87935.0,,Last week,,Population bulletin: weekly 30 May 2014,https://assets.publishing.service.gov.uk/media/5a7dbe2a40f0b65d88634238/prison-population-figures-30-may-2014.xls,raw/weekly/5a7dbe2a40f0b65d88634238_prison-population-figures-30-may-2014.xls,
2014-05-23,2014-05-23,2014-05-23,,A1,Headlines- PUBLISHED,85158.0,84305.0,853.0,,3892.0,,81266.0,86267.0,85364.0,963.0,,,,,2163.0,,,,,84918.0,86333.0,,84174.0,87929.0,,Last week,,Population bulletin: weekly 23 May 2014,https://assets.publishing.service.gov.uk/media/5a7efda240f0b62305b8472e/prison-population-figures-23-may-2014.xls,raw/weekly/5a7efda240f0b62305b8472e_prison-population-figures-23-may-2014.xls,
2014-05-16,2014-05-16,2014-05-16,,A1,Headlines- PUBLISHED,84918.0,84094.0,824.0,,3866.0,,81052.0,86333.0,85370.0,963.0,,,,,2146.0,,,,,84578.0,86320.0,,84029.0,87929.0,,Last week,,Population bulletin: weekly 16 May 2014,https://assets.publishing.service.gov.uk/media/5a7ebe8240f0b6230268b439/prison-population-figures-16-may-2014.xls,raw/weekly/5a7ebe8240f0b6230268b439_prison-population-figures-16-may-2014.xls,
2014-05-09,2014-05-09,2014-05-09,,A1,Headlines- PUBLISHED,84578.0,83799.0,779.0,,3826.0,,80752.0,86320.0,85357.0,963.0,,,,,2153.0,,,,,84692.0,86296.0,,83973.0,87997.0,,Last week,,Population bulletin: weekly 9 May 2014,https://assets.publishing.service.gov.uk/media/5a7e2b40ed915d74e62248d4/prison-population-figures-09-may-2014.xls,raw/weekly/5a7e2b40ed915d74e62248d4_prison-population-figures-09-may-2014.xls,
2014-05-02,2014-05-02,2014-05-02,,A1,Headlines- PUBLISHED,84692.0,83950.0,742.0,,3860.0,,80832.0,86296.0,85333.0,963.0,,,,,2208.0,,,,,84697.0,86263.0,,84137.0,87988.0,,Last week,,Population bulletin: weekly 2 May 2014,https://assets.publishing.service.gov.uk/media/5a7ea64b40f0b62305b824a2/prison-population-figures-02-may-2014.xls,raw/weekly/5a7ea64b40f0b62305b824a2_prison-population-figures-02-may-2014.xls,
2014-04-25,2014-04-25,2014-04-25,,A1,Headlines- PUBLISHED,84697.0,83942.0,755.0,,3844.0,,80853.0,86263.0,85300.0,963.0,,,,,2220.0,,,,,,,,84083.0,87930.0,,Last week,,Population bulletin: weekly 25 April 2014,https://assets.publishing.service.gov.uk/media/5a7ea5c240f0b6230268aa3f/population-bulletin-25-april-2014.xls,raw/weekly/5a7ea5c240f0b6230268aa3f_population-bulletin-25-april-2014.xls,
2014-04-11,2014-04-11,2014-04-11,,A1,Headlines- PUBLISHED,85264.0,84479.0,785.0,,3951.0,,81313.0,86127.0,85285.0,842.0,,,,,2254.0,,,,,85285.0,86059.0,,83923.0,88019.0,,Last week,,Population bulletin: weekly 11 April 2014,https://assets.publishing.service.gov.uk/media/5a7deddbe5274a2e87dae6f5/population-bulletin-11-april-2014.xls,raw/weekly/5a7deddbe5274a2e87dae6f5_population-bulletin-11-april-2014.xls,
2014-04-04,2014-04-04,2014-04-04,,A1,Headlines- PUBLISHED,85285.0,84464.0,821.0,,3872.0,,81413.0,86059.0,85217.0,842.0,,,,,2299.0,,,,,85252.0,85972.0,,83867.0,88014.0,,Last week,,Population bulletin: weekly 4 April 2014,https://assets.publishing.service.gov.uk/media/5a758895ed915d6faf2b3ba6/population-bulletin-4-april-2014.xls,raw/weekly/5a758895ed915d6faf2b3ba6_population-bulletin-4-april-2014.xls,
2014-03-28,2014-03-28,2014-03-28,,A1,Headlines- PUBLISHED,85252.0,84443.0,809.0,,3895.0,,81357.0,85972.0,85130.0,842.0,,,,,2310.0,,,,,85338.0,85906.0,,,,,Last week,,Population  bulletin: weekly 28 March 2014,https://assets.publishing.service.gov.uk/media/5a7cc9bded915d6b29fa8abe/prison-population-28-march-2014.xls,raw/weekly/5a7cc9bded915d6b29fa8abe_prison-population-28-march-2014.xls,
2014-03-21,2014-03-21,2014-03-21,,A1,Headlines- PUBLISHED,85338.0,84539.0,799.0,,3912.0,,81426.0,85906.0,85064.0,842.0,,,,,2289.0,,,,,85513.0,85852.0,,84596.0,88004.0,,Last week,,Population bulletin: weekly 21 March 2014,https://assets.publishing.service.gov.uk/media/5a7c631ee5274a7ee25671fb/prison-population-figures-21-mar-2014.xls,raw/weekly/5a7c631ee5274a7ee25671fb_prison-population-figures-21-mar-2014.xls,
2014-03-14,2014-03-14,2014-03-14,,A1,Headlines- PUBLISHED,85513.0,84701.0,812.0,,3941.0,,81572.0,85852.0,85010.0,842.0,,,,,2303.0,,,,,85535.0,85800.0,,84501.0,88259.0,,Last week,,Population bulletin: weekly 14 March 2014,https://assets.publishing.service.gov.uk/media/5a7cdaa4e5274a2ae6eeb2d6/prison-population-figures-140314.xls,raw/weekly/5a7cdaa4e5274a2ae6eeb2d6_prison-population-figures-140314.xls,
2014-03-07,2014-03-07,2014-03-07,,A1,Headlines- PUBLISHED,85535.0,84738.0,797.0,,3927.0,,81608.0,85800.0,84958.0,842.0,,,,,2277.0,,,,,85469.0,85910.0,,84505.0,88513.0,,Last week,,Population bulletin: weekly 7 March 2014,https://assets.publishing.service.gov.uk/media/5a7cb3a6e5274a38e575639d/prison-population-figures-7-mar-2014.xls,raw/weekly/5a7cb3a6e5274a38e575639d_prison-population-figures-7-mar-2014.xls,
2014-02-28,2014-02-28,2014-02-28,,A1,Headlines- PUBLISHED,85469.0,84672.0,797.0,,3948.0,,81521.0,85910.0,85068.0,842.0,,,,,2306.0,,,,,85389.0,85889.0,,84431.0,88776.0,,Last week,,Population bulletin: weekly 28 February 2014,https://assets.publishing.service.gov.uk/media/5a7c564c40f0b62dffde170a/prison-population-figures-28-feb-2014.xls,raw/weekly/5a7c564c40f0b62dffde170a_prison-population-figures-28-feb-2014.xls,
2014-02-21,2014-02-21,2014-02-21,,A1,Headlines- PUBLISHED,85389.0,84603.0,786.0,,3956.0,,81433.0,85889.0,85047.0,842.0,,,,,2298.0,,,,,85335.0,85806.0,,84424.0,89013.0,,Last week,,Population bulletin: weekly 21 February 2014,https://assets.publishing.service.gov.uk/media/5a74bf06e5274a3cb2866d91/prison-population-21-feb-2014.xls,raw/weekly/5a74bf06e5274a3cb2866d91_prison-population-21-feb-2014.xls,
2014-02-14,2014-02-14,2014-02-14,,A1,Headlines- PUBLISHED,85335.0,84540.0,795.0,,3973.0,,81362.0,85806.0,84964.0,842.0,,,,,2314.0,,,,,85235.0,85609.0,,84344.0,89328.0,,Last week,,Population bulletin: weekly 14 February 2014,https://assets.publishing.service.gov.uk/media/5a7c72d8ed915d6969f44f10/prison-population-figures-14022014.xls,raw/weekly/5a7c72d8ed915d6969f44f10_prison-population-figures-14022014.xls,
2014-02-07,2014-02-07,2014-02-07,,A1,Headlines- PUBLISHED,85235.0,84442.0,793.0,,3984.0,,81251.0,85609.0,84767.0,842.0,,,,,2336.0,,,,,84977.0,85657.0,,84305.0,89588.0,,Last week,,Population bulletin: weekly 7 February 2014,https://assets.publishing.service.gov.uk/media/5a750992e5274a59fa716e81/prison-population-figures-07022014.xls,raw/weekly/5a750992e5274a59fa716e81_prison-population-figures-07022014.xls,
2014-01-31,2014-01-31,2014-01-31,,A1,Headlines- PUBLISHED,84977.0,84175.0,802.0,,3932.0,,81045.0,85657.0,84815.0,842.0,,,,,2384.0,,,,,84633.0,85866.0,,83999.0,89834.0,,Last week,,Population bulletin: weekly 31 January 2014,https://assets.publishing.service.gov.uk/media/5a7c56beed915d3d0e87bb83/prison-population-figures-31-jan-2013.xls,raw/weekly/5a7c56beed915d3d0e87bb83_prison-population-figures-31-jan-2013.xls,
2014-01-24,2014-01-24,2014-01-24,,A1,Headlines- PUBLISHED,84633.0,83834.0,799.0,,3892.0,,80741.0,85866.0,85024.0,842.0,,,,,2378.0,,,,,84523.0,85822.0,,83837.0,90105.0,,Last week,,Population bulletin: weekly 24 January 2014,https://assets.publishing.service.gov.uk/media/5a7bfa26ed915d01ba1ca5c8/population-bulletin-24-jan-2014.xls,raw/weekly/5a7bfa26ed915d01ba1ca5c8_population-bulletin-24-jan-2014.xls,
2014-01-17,2014-01-17,2014-01-17,,A1,Headlines- PUBLISHED,84523.0,83734.0,789.0,,3856.0,,80667.0,85822.0,84980.0,842.0,,,,,2396.0,,,,,84258.0,85918.0,,83913.0,90338.0,,Last week,,Population bulletin: weekly 17 January 2014,https://assets.publishing.service.gov.uk/media/5a7c4a03ed915d338141dd02/prison-population-17012014.xls,raw/weekly/5a7c4a03ed915d338141dd02_prison-population-17012014.xls,
2014-01-10,2014-01-10,2014-01-10,,A1,Headlines- PUBLISHED,84258.0,83481.0,777.0,,3845.0,,80413.0,85918.0,85076.0,842.0,,,,,2398.0,,,,,83962.0,85953.0,,83825.0,90519.0,,Last week,,Population bulletin: weekly 10 January 2014,https://assets.publishing.service.gov.uk/media/5a7cb981ed915d63cc65c782/population-bulletin-10-jan-2014.xls,raw/weekly/5a7cb981ed915d63cc65c782_population-bulletin-10-jan-2014.xls,
2014-01-03,2014-01-03,2014-01-03,,A1,Headlines- PUBLISHED,83962.0,83193.0,769.0,,3786.0,,80176.0,85953.0,85111.0,842.0,,,,,2438.0,,,,,84392.0,85953.0,,83632.0,90451.0,,Last week,,Population bulletin: weekly 3 January 2014,https://assets.publishing.service.gov.uk/media/5a7c790aed915d48c240ff85/population-bulletin-3-Jan-2014.xls,raw/weekly/5a7c790aed915d48c240ff85_population-bulletin-3-Jan-2014.xls,
2013-03-08,2013-03-08,2013-03-08,,A1,Headlines- PUBLISHED,84505.0,83711.0,794.0,,3958.0,,80547.0,88513.0,87645.0,868.0,,,,,2662.0,,,,,84431.0,88776.0,,87654.0,89359.0,,Last week,,Population Bulletin - Weekly 08 March 2013,https://assets.publishing.service.gov.uk/media/5a7c2541e5274a1f5cc7612f/prison-population-080313.xls,raw/weekly/5a7c2541e5274a1f5cc7612f_prison-population-080313.xls,
2013-03-01,2013-03-01,2013-03-01,,A1,Headlines- PUBLISHED,84431.0,83650.0,781.0,,3967.0,,80464.0,88776.0,87908.0,868.0,,,,,2650.0,,,,,84424.0,89013.0,,87787.0,89302.0,,Last week,,Population Bulletin - Weekly 01 March 2013,https://assets.publishing.service.gov.uk/media/5a7c3828ed915d76e2ebbe2c/prison-population-010313.xls,raw/weekly/5a7c3828ed915d76e2ebbe2c_prison-population-010313.xls,
2013-02-22,2013-02-22,2013-02-22,,A1,Headlines- PUBLISHED,84424.0,83637.0,787.0,,3959.0,,80465.0,89013.0,88145.0,868.0,,,,,2650.0,,,,,84344.0,89328.0,,87583.0,89335.0,,Last week,,Population Bulletin - Weekly 22 February 2013,https://assets.publishing.service.gov.uk/media/5a7c826340f0b626628ac901/prison-population-220213.xls,raw/weekly/5a7c826340f0b626628ac901_prison-population-220213.xls,
2013-02-15,2013-02-15,2013-02-15,,A1,Headlines- PUBLISHED,84344.0,83556.0,788.0,,3954.0,,80390.0,89328.0,88460.0,868.0,,,,,2662.0,,,,,84305.0,89588.0,,87631.0,89295.0,,Last week,,Population Bulletin - Weekly 15 February 2013,https://assets.publishing.service.gov.uk/media/5a7ca43aed915d6969f46509/prison-population-150213.xls,raw/weekly/5a7ca43aed915d6969f46509_prison-population-150213.xls,
2013-02-08,2013-02-08,2013-02-08,,A1,Headlines- PUBLISHED,84305.0,83504.0,801.0,,3932.0,,80373.0,89588.0,88720.0,868.0,,,,,2644.0,,,,,83999.0,89834.0,,87694.0,89256.0,,Last week,,Population Bulletin - Weekly 08 February 2013,https://assets.publishing.service.gov.uk/media/5a7c7f12e5274a559005a44e/prison-population-080213.xls,raw/weekly/5a7c7f12e5274a559005a44e_prison-population-080213.xls,
2013-02-01,2013-02-01,2013-02-01,,A1,Headlines- PUBLISHED,83999.0,83204.0,795.0,,3910.0,,80089.0,89834.0,88966.0,868.0,,,,,2630.0,,,,,83837.0,90105.0,,87844.0,89260.0,,Last week,,Population Bulletin - Weekly 01 February 2013,https://assets.publishing.service.gov.uk/media/5a7c9425e5274a7b7e321625/prison-population-010213.xls,raw/weekly/5a7c9425e5274a7b7e321625_prison-population-010213.xls,
2013-01-25,2013-01-25,2013-01-25,,A1,Headlines- PUBLISHED,83837.0,83062.0,775.0,,3918.0,,79919.0,90105.0,89237.0,868.0,,,,,2638.0,,,,,83913.0,90338.0,,87668.0,89399.0,,Last week,,Population Bulletin - Weekly 25 January 2013,https://assets.publishing.service.gov.uk/media/5a7c447fed915d7d70d1db3d/prison-population-250113.xls,raw/weekly/5a7c447fed915d7d70d1db3d_prison-population-250113.xls,
2013-01-18,2013-01-18,2013-01-18,,A1,Headlines- PUBLISHED,83913.0,83166.0,747.0,,3905.0,,80008.0,90338.0,89470.0,868.0,,,,,2671.0,,,,,83825.0,90519.0,,87261.0,89441.0,,Last week,,Population Bulletin - Weekly 18 January 2013,https://assets.publishing.service.gov.uk/media/5a74db5840f0b65c0e84508e/prison-population-180113.xls,raw/weekly/5a74db5840f0b65c0e84508e_prison-population-180113.xls,
2013-01-11,2013-01-11,2013-01-11,,A1,Headlines- PUBLISHED,83825.0,83087.0,738.0,,3909.0,,79916.0,90519.0,89651.0,868.0,,,,,2682.0,,,,,83632.0,90451.0,,86896.0,89463.0,,Last week,,Population Bulletin - Weekly 11 January 2013,https://assets.publishing.service.gov.uk/media/5a7c025940f0b645ba3c6238/prison-population-110113.xls,raw/weekly/5a7c025940f0b645ba3c6238_prison-population-110113.xls,
2013-01-04,2013-01-04,2013-01-04,,A1,Headlines- PUBLISHED,83632.0,82957.0,675.0,,3882.0,,79750.0,90451.0,89583.0,868.0,,,,,2744.0,,,,,83909.0,90442.0,,86638.0,89503.0,,Last week,,Population Bulletin - Weekly 04 January 2013,https://assets.publishing.service.gov.uk/media/5a74bdaced915d4d83b5e945/prison-population-040113.xls,raw/weekly/5a74bdaced915d4d83b5e945_prison-population-040113.xls,
2013-03-22,2013-03-22,2013-03-22,,A1,Headlines- PUBLISHED,84596.0,83852.0,744.0,,3929.0,,80667.0,88004.0,87136.0,868.0,,,,,2639.0,,,,,84501.0,88259.0,,87760.0,89394.0,,Last week,,Population Bulletin - Weekly 22 March 2013,https://assets.publishing.service.gov.uk/media/5a7b1ee940f0b66eab99f217/prison-population-220313.xls,raw/weekly/5a7b1ee940f0b66eab99f217_prison-population-220313.xls,
2013-04-05,2013-04-05,2013-04-05,,A1,Headlines- PUBLISHED,83867.0,83178.0,689.0,,3877.0,,79990.0,88014.0,87110.0,904.0,,,,,2534.0,,,,,,,,,,,,,Population Bulletin - Weekly 5 April 2013,https://assets.publishing.service.gov.uk/media/5a7b08ef40f0b66a2fc04a99/prison-population-050413.xls,raw/weekly/5a7b08ef40f0b66a2fc04a99_prison-population-050413.xls,
2013-04-12,2013-04-12,2013-04-12,,A1,Headlines- PUBLISHED,83923.0,83253.0,670.0,,3889.0,,80034.0,88019.0,87115.0,904.0,,,,,2536.0,,,,,83867.0,88014.0,,87433.0,89548.0,,Last week,,Population Bulletin - Weekly 12 April 2013,https://assets.publishing.service.gov.uk/media/5a7acf7aed915d71db8b2a1c/prison-population-120413.xls,raw/weekly/5a7acf7aed915d71db8b2a1c_prison-population-120413.xls,
2013-04-19,2013-04-19,2013-04-19,,A1,Headlines- PUBLISHED,83888.0,83167.0,721.0,,3891.0,,79997.0,87986.0,87082.0,904.0,,,,,2553.0,,,,,83923.0,88019.0,,87165.0,89656.0,,Last week,,Population Bulletin - Weekly 19 April 2013,https://assets.publishing.service.gov.uk/media/5a7a4b9f40f0b66eab99b29f/prison-population-190413.xls,raw/weekly/5a7a4b9f40f0b66eab99b29f_prison-population-190413.xls,
2013-04-26,2013-04-26,2013-04-26,,A1,Headlines- PUBLISHED,84083.0,83314.0,769.0,,3890.0,,80193.0,87930.0,87026.0,904.0,,,,,2563.0,,,,,83888.0,87986.0,,87092.0,89751.0,,Last week,,Population Bulletin - Weekly 26 April 2013,https://assets.publishing.service.gov.uk/media/5a7b4aed40f0b646469352d7/prison-population-260413.xls,raw/weekly/5a7b4aed40f0b646469352d7_prison-population-260413.xls,
2013-05-03,2013-05-03,2013-05-03,,A1,Headlines- PUBLISHED,84137.0,83334.0,803.0,,3896.0,,80241.0,87988.0,87084.0,904.0,,,,,2539.0,,,,,84083.0,87930.0,,87336.0,89843.0,,Last week,,Population Bulletin - Weekly 3 May 2013,https://assets.publishing.service.gov.uk/media/5a757c7aed915d731495a56b/prison-population-030513.xls,raw/weekly/5a757c7aed915d731495a56b_prison-population-030513.xls,
2013-05-10,2013-05-10,2013-05-10,,A1,Headlines- PUBLISHED,83973.0,83151.0,822.0,,3893.0,,80080.0,87997.0,87093.0,904.0,,,,,2504.0,,,,,84137.0,87988.0,,87212.0,89915.0,,Last week,,Population Bulletin - Weekly 10 May 2013,https://assets.publishing.service.gov.uk/media/5a7aee5ee5274a319e77bbb8/prison-population-10-may-2013.xls,raw/weekly/5a7aee5ee5274a319e77bbb8_prison-population-10-may-2013.xls,
2013-05-17,2013-05-17,2013-05-17,,A1,Headlines- PUBLISHED,84029.0,83172.0,857.0,,3880.0,,80149.0,87929.0,87025.0,904.0,,,,,2471.0,,,,,83973.0,87997.0,,87123.0,90006.0,,Last week,,Population Bulletin - Weekly 17 May 2013,https://assets.publishing.service.gov.uk/media/5a75a9c7ed915d6faf2b4bb9/prison-population-17-may-2013.xls,raw/weekly/5a75a9c7ed915d6faf2b4bb9_prison-population-17-may-2013.xls,
2013-05-24,2013-05-24,2013-05-24,,A1,Headlines- PUBLISHED,84174.0,83319.0,855.0,,3888.0,,80286.0,87929.0,87025.0,904.0,,,,,2442.0,,,,,84029.0,87929.0,,86980.0,90141.0,,Last week,,Population Bulletin - Weekly 24 May 2013,https://assets.publishing.service.gov.uk/media/5a7c7b6aed915d48c241008f/prison-population-24-may-2013.xls,raw/weekly/5a7c7b6aed915d48c241008f_prison-population-24-may-2013.xls,
2013-05-31,2013-05-31,2013-05-31,,A1,Headlines- PUBLISHED,83897.0,83055.0,842.0,,3853.0,,80044.0,87935.0,87031.0,904.0,,,,,2445.0,,,,,84174.0,87929.0,,87028.0,90291.0,,Last week,,Population Bulletin - Weekly 31 May 2013,https://assets.publishing.service.gov.uk/media/5a74efbced915d502d6cc32b/prison-population-31-may-2013.xls,raw/weekly/5a74efbced915d502d6cc32b_prison-population-31-may-2013.xls,
2013-06-07,2013-06-07,2013-06-07,,A1,Headlines- PUBLISHED,83750.0,82938.0,812.0,,3814.0,,79936.0,87934.0,87030.0,904.0,,,,,2442.0,,,,,83897.0,87935.0,,86702.0,90236.0,,Last week,,Population Bulletin - Weekly 7 June 2013,https://assets.publishing.service.gov.uk/media/5a7ca5f2ed915d6969f465da/prison-population-07-june-2013.xls,raw/weekly/5a7ca5f2ed915d6969f465da_prison-population-07-june-2013.xls,
2013-06-14,2013-06-14,2013-06-14,,A1,Headlines- PUBLISHED,83661.0,82860.0,801.0,,3812.0,,79849.0,87914.0,87010.0,904.0,,,,,2451.0,,,,,83750.0,87934.0,,86479.0,90275.0,,Last week,,Population Bulletin - Weekly 14 June 2013,https://assets.publishing.service.gov.uk/media/5a7c2461ed915d1b3a307acb/prison-population-14-june-2013.xls,raw/weekly/5a7c2461ed915d1b3a307acb_prison-population-14-june-2013.xls,
2013-06-21,2013-06-21,2013-06-21,,A1,Headlines- PUBLISHED,83706.0,82926.0,780.0,,3855.0,,79851.0,87872.0,86968.0,904.0,,,,,2427.0,,,,,83661.0,87914.0,,86456.0,90310.0,,Last week,,Population Bulletin - Weekly 21 June 2013,https://assets.publishing.service.gov.uk/media/5a7bac55ed915d1311060c37/prison-population-21-june-2013.xls,raw/weekly/5a7bac55ed915d1311060c37_prison-population-21-june-2013.xls,
2013-06-28,2013-06-28,2013-06-28,,A1,Headlines- PUBLISHED,83796.0,83005.0,791.0,,3847.0,,79949.0,87822.0,86918.0,904.0,,,,,2440.0,,,,,83706.0,87872.0,,86352.0,90106.0,,Last week,,Population Bulletin - Weekly 28 June 2013,https://assets.publishing.service.gov.uk/media/5a7c944aed915d12ab4bbb83/prison-population-28-june-2013.xls,raw/weekly/5a7c944aed915d12ab4bbb83_prison-population-28-june-2013.xls,
2013-07-05,2013-07-05,2013-07-05,,A1,Headlines- PUBLISHED,83902.0,83064.0,838.0,,3834.0,,80068.0,87802.0,86898.0,904.0,,,,,2445.0,,,,,83796.0,87822.0,,86452.0,90179.0,,Last week,,Population Bulletin - Weekly 5 July 2013,https://assets.publishing.service.gov.uk/media/5a7b9aaa40f0b645ba3c5640/prison-population-4-july-2013.xls,raw/weekly/5a7b9aaa40f0b645ba3c5640_prison-population-4-july-2013.xls,
2013-07-12,2013-07-12,2013-07-12,,A1,Headlines- PUBLISHED,84091.0,83252.0,839.0,,3864.0,,80227.0,87764.0,86860.0,904.0,,,,,2430.0,,,,,83902.0,87802.0,,86562.0,90246.0,,Last week,,Population Bulletin - Weekly 12 July 2013,https://assets.publishing.service.gov.uk/media/5a7ced7bed915d211b1ca41c/prison-population-figures-12-july-2013.xls,raw/weekly/5a7ced7bed915d211b1ca41c_prison-population-figures-12-july-2013.xls,
2013-07-19,2013-07-19,2013-07-19,,A1,Headlines- PUBLISHED,84006.0,83158.0,848.0,,3808.0,,80198.0,87784.0,86880.0,904.0,,,,,2433.0,,,,,84091.0,87764.0,,86526.0,90295.0,,Last week,,Population Bulletin - Weekly 19 July 2013,https://assets.publishing.service.gov.uk/media/5a7ba93440f0b638d61be1db/prison-population-figures-19-july-2013.xls,raw/weekly/5a7ba93440f0b638d61be1db_prison-population-figures-19-july-2013.xls,
2013-07-26,2013-07-26,2013-07-26,,A1,Headlines- PUBLISHED,84052.0,83223.0,829.0,,3831.0,,80221.0,87798.0,86894.0,904.0,,,,,2483.0,,,,,84006.0,87784.0,,86618.0,90350.0,,Last week,,Population Bulletin - Weekly 26 July 2013,https://assets.publishing.service.gov.uk/media/5a7cb39be5274a2f304ef907/prison-population-260713.xls,raw/weekly/5a7cb39be5274a2f304ef907_prison-population-260713.xls,
2013-08-02,2013-08-02,2013-08-02,,A1,Headlines- PUBLISHED,84022.0,83240.0,782.0,,3851.0,,80171.0,87780.0,86876.0,904.0,,,,,2474.0,,,,,84052.0,87798.0,,86745.0,90472.0,,Last week,,Population Bulletin - Weekly 2 August 2013,https://assets.publishing.service.gov.uk/media/5a74df9840f0b65c0e8452d1/prison-population-02-august-2013.xls,raw/weekly/5a74df9840f0b65c0e8452d1_prison-population-02-august-2013.xls,
2013-08-09,2013-08-09,2013-08-09,,A1,Headlines- PUBLISHED,84285.0,83469.0,816.0,,3891.0,,80394.0,87768.0,86864.0,904.0,,,,,2474.0,,,,,84022.0,87780.0,,86779.0,90574.0,,Last week,,Population Bulletin - Weekly 9 August 2013,https://assets.publishing.service.gov.uk/media/5a7c50cded915d338141dfea/prison-population-figures-09-aug-2013.xls,raw/weekly/5a7c50cded915d338141dfea_prison-population-figures-09-aug-2013.xls,
2013-08-16,2013-08-16,2013-08-16,,A1,Headlines- PUBLISHED,84345.0,83511.0,834.0,,3907.0,,80438.0,87794.0,86890.0,904.0,,,,,2475.0,,,,,84285.0,87768.0,,86801.0,90707.0,,Last week,,Population Bulletin - Weekly 16 August 2013,https://assets.publishing.service.gov.uk/media/5a7ce262e5274a2c9a484b3f/prison-population-figures-16082013.xls,raw/weekly/5a7ce262e5274a2c9a484b3f_prison-population-figures-16082013.xls,
2013-08-23,2013-08-23,2013-08-23,,A1,Headlines- PUBLISHED,84232.0,83428.0,804.0,,3907.0,,80325.0,87809.0,86905.0,904.0,,,,,2471.0,,,,,84345.0,87794.0,,86841.0,90812.0,,Last week,,Population Bulletin - Weekly 23 August 2013,https://assets.publishing.service.gov.uk/media/5a7c8366ed915d6969f45677/prison-population-230813.xls,raw/weekly/5a7c8366ed915d6969f45677_prison-population-230813.xls,
2013-08-30,2013-08-30,2013-08-30,,A1,Headlines- PUBLISHED,84066.0,83302.0,764.0,,3880.0,,80186.0,87784.0,86880.0,904.0,,,,,2388.0,,,,,84232.0,87809.0,,86708.0,90897.0,,Last week,,Population Bulletin - Weekly 30 August 2013,https://assets.publishing.service.gov.uk/media/5a74d19eed915d3c7d528323/prison-population-30-08-2013.xls,raw/weekly/5a74d19eed915d3c7d528323_prison-population-30-08-2013.xls,
2013-09-06,2013-09-06,2013-09-06,,A1,Headlines- PUBLISHED,84135.0,83374.0,761.0,,3873.0,,80262.0,87780.0,86876.0,904.0,,,,,2439.0,,,,,84066.0,87784.0,,86656.0,90914.0,,Last week,,Population Bulletin -Weekly 6 September 2013,https://assets.publishing.service.gov.uk/media/5a7c286ae5274a25a9140d40/population-figures-060913.xls,raw/weekly/5a7c286ae5274a25a9140d40_population-figures-060913.xls,
2013-09-13,2013-09-13,2013-09-13,,A1,Headlines- PUBLISHED,84231.0,83488.0,743.0,,3892.0,,80339.0,87805.0,86901.0,904.0,,,,,2429.0,,,,,84135.0,87780.0,,86553.0,90970.0,,Last week,,Population Bulletin - Weekly 13 September 2013,https://assets.publishing.service.gov.uk/media/5a7c9f97ed915d12ab4bc095/population-figures-13092013.xls,raw/weekly/5a7c9f97ed915d12ab4bc095_population-figures-13092013.xls,
2013-09-20,2013-09-20,2013-09-20,,A1,Headlines- PUBLISHED,84197.0,83448.0,749.0,,3874.0,,80323.0,87834.0,86930.0,904.0,,,,,2424.0,,,,,84231.0,87805.0,,86499.0,91020.0,,Last week,,Population Bulletin - Weekly 20 September 2013,https://assets.publishing.service.gov.uk/media/5a7ba9bbe5274a7318b901ca/prison-population-200913.xls,raw/weekly/5a7ba9bbe5274a7318b901ca_prison-population-200913.xls,
2013-09-27,2013-09-27,2013-09-27,,A1,Headlines- PUBLISHED,84430.0,83684.0,746.0,,3933.0,,80497.0,87788.0,86884.0,904.0,,,,,2407.0,,,,,84197.0,87834.0,,86507.0,91084.0,,Last week,,Population Bulletin - Weekly 27 September 2013,https://assets.publishing.service.gov.uk/media/5a7c13fd40f0b645ba3c68ee/prison-population-270913.xls,raw/weekly/5a7c13fd40f0b645ba3c68ee_prison-population-270913.xls,
2013-10-04,2013-10-04,2013-10-04,,A1,Headlines- PUBLISHED,84627.0,83856.0,771.0,,3909.0,,80718.0,86305.0,85401.0,904.0,,,,,2411.0,,,,,84430.0,87788.0,,86420.0,91054.0,,Last week,,Population Bulletin - Weekly 4 October 2013,https://assets.publishing.service.gov.uk/media/5a7c412340f0b6321db37f3f/prison-population-4-october-2013.xls,raw/weekly/5a7c412340f0b6321db37f3f_prison-population-4-october-2013.xls,
2013-10-11,2013-10-11,2013-10-11,,A1,Headlines- PUBLISHED,84832.0,84078.0,754.0,,3952.0,,80880.0,86058.0,85154.0,904.0,,,,,2408.0,,,,,84627.0,86305.0,,86301.0,91084.0,,Last week,,Population Bulletin - Weekly 11 October 2013,https://assets.publishing.service.gov.uk/media/5a7c3061e5274a1f5cc76605/prison-population-11102013.xls,raw/weekly/5a7c3061e5274a1f5cc76605_prison-population-11102013.xls,
2013-10-18,2013-10-18,2013-10-18,,A1,Headlines- PUBLISHED,84987.0,84223.0,764.0,,3933.0,,81054.0,85828.0,84924.0,904.0,,,,,2372.0,,,,,84832.0,86058.0,,86293.0,91074.0,,Last week,,Population Bulletin - Weekly 18 October 2013,https://assets.publishing.service.gov.uk/media/5a7c48baed915d7d70d1dd21/prison-population-18-10-2013.xls,raw/weekly/5a7c48baed915d7d70d1dd21_prison-population-18-10-2013.xls,
2013-10-25,2013-10-25,2013-10-25,,A1,Headlines- PUBLISHED,85235.0,84453.0,782.0,,3945.0,,81290.0,86046.0,85204.0,842.0,,,,,2419.0,,,,,84987.0,85828.0,,86321.0,91054.0,,Last week,,Population Bulletin - Weekly 25 October 2013,https://assets.publishing.service.gov.uk/media/5a7ca7e1e5274a38e5755ef8/population-figures-25-10-2013.xls,raw/weekly/5a7ca7e1e5274a38e5755ef8_population-figures-25-10-2013.xls,
2013-11-01,2013-11-01,2013-11-01,,A1,Headlines- PUBLISHED,85241.0,84463.0,778.0,,3983.0,,81258.0,86002.0,85160.0,842.0,,,,,2457.0,,,,,85235.0,86046.0,,86283.0,91054.0,,Last week,,Population Bulletin - Weekly 1 November 2013,https://assets.publishing.service.gov.uk/media/5a7cbec240f0b65b3de0ae93/prison-population-011113.xls,raw/weekly/5a7cbec240f0b65b3de0ae93_prison-population-011113.xls,
2013-11-08,2013-11-08,2013-11-08,,A1,Headlines- PUBLISHED,85337.0,84542.0,795.0,,3966.0,,81371.0,85995.0,85153.0,842.0,,,,,2448.0,,,,,85241.0,86002.0,,86105.0,91043.0,,Last week,,Population Bulletin - Weekly 8 November 2013,https://assets.publishing.service.gov.uk/media/5a7c1a4c40f0b645ba3c6b5a/prison-population-08112013.xls,raw/weekly/5a7c1a4c40f0b645ba3c6b5a_prison-population-08112013.xls,
2013-11-15,2013-11-15,2013-11-15,,A1,Headlines- PUBLISHED,85340.0,84551.0,789.0,,3966.0,,81374.0,86060.0,85218.0,842.0,,,,,2448.0,,,,,85337.0,85995.0,,86268.0,91063.0,,Last week,,Population Bulletin - Weekly 15 November 2013,https://assets.publishing.service.gov.uk/media/5a7c446640f0b6321db380a2/prison-population-15-Nov-2013.xls,raw/weekly/5a7c446640f0b6321db380a2_prison-population-15-Nov-2013.xls,
2013-11-22,2013-11-22,2013-11-22,,A1,Headlines- PUBLISHED,85363.0,84573.0,790.0,,3956.0,,81407.0,86272.0,85430.0,842.0,,,,,2438.0,,,,,85340.0,86060.0,,86158.0,90995.0,,Last week,,Population Bulletin - Weekly 22 November 2013,https://assets.publishing.service.gov.uk/media/5a74d49d40f0b65c0e844d12/prison-population-figures-22-nov-2013.xls,raw/weekly/5a74d49d40f0b65c0e844d12_prison-population-figures-22-nov-2013.xls,
2013-11-29,2013-11-29,2013-11-29,,A1,Headlines- PUBLISHED,85382.0,84592.0,790.0,,3942.0,,81440.0,86368.0,85526.0,842.0,,,,,2420.0,,,,,85363.0,86272.0,,86047.0,90855.0,,Last week,,Population Bulletin - Weekly 29 November 2013,https://assets.publishing.service.gov.uk/media/5a7c66fbe5274a7ee25673a7/prison-population-29-nov-13.xls,raw/weekly/5a7c66fbe5274a7ee25673a7_prison-population-29-nov-13.xls,
2013-12-06,2013-12-06,2013-12-06,,A1,Headlines- PUBLISHED,85429.0,84642.0,787.0,,3929.0,,81500.0,85938.0,85096.0,842.0,,,,,2406.0,,,,,85382.0,86368.0,,85768.0,90785.0,,Last week,,Population Bulletin - Weekly 06 December 2013,https://assets.publishing.service.gov.uk/media/5a7c78a7e5274a5255bcee0a/prison-population-061213.xls,raw/weekly/5a7c78a7e5274a5255bcee0a_prison-population-061213.xls,
2013-12-13,2013-12-13,2013-12-13,,A1,Headlines- PUBLISHED,85255.0,84482.0,773.0,,3905.0,,81350.0,85933.0,85091.0,842.0,,,,,2431.0,,,,,85429.0,85938.0,,85250.0,90727.0,,Last week,,Population Bulletin - Weekly 13 December 2013,https://assets.publishing.service.gov.uk/media/5a7c45c6e5274a1b00422a65/prison-population-131213.xls,raw/weekly/5a7c45c6e5274a1b00422a65_prison-population-131213.xls,
2013-12-20,2013-12-20,2013-12-20,,A1,Headlines- PUBLISHED,85021.0,84241.0,780.0,,3893.0,,81128.0,85901.0,85059.0,842.0,,,,,2470.0,,,,,85255.0,85933.0,,84705.0,90442.0,,Last week,,Population Bulletin - Weekly 20 December 2013,https://assets.publishing.service.gov.uk/media/5a7b915540f0b62826a046a3/prison-population-figures-20-12-2013.xls,raw/weekly/5a7b915540f0b62826a046a3_prison-population-figures-20-12-2013.xls,
2013-12-13,2013-12-13,2013-12-27,,A1,Headlines- PUBLISHED,84392.0,83619.0,773.0,,3827.0,,80565.0,85953.0,85111.0,842.0,,,,,2508.0,,,,,85021.0,85901.0,,83909.0,90442.0,,Last week,,Population Bulletin - Weekly 27 December 2013,https://assets.publishing.service.gov.uk/media/5a7c3251e5274a25a914119c/prison-population-figures-27-12-2013.xls,raw/weekly/5a7c3251e5274a25a914119c_prison-population-figures-27-12-2013.xls,
2012-12-28,2012-12-28,2012-12-28,,A1,Headlines- PUBLISHED,83909.0,83205.0,704.0,,3927.0,,79982.0,90442.0,89574.0,868.0,,,,,2798.0,,,,,84705.0,90442.0,,86778.0,89472.0,,Last week,,Population Bulletin - Weekly 28 December 2012,https://assets.publishing.service.gov.uk/media/5a7c77d8ed915d6969f45155/prison-population-281212.xls,raw/weekly/5a7c77d8ed915d6969f45155_prison-population-281212.xls,
2012-12-21,2012-12-21,2012-12-21,,A1,Headlines- PUBLISHED,84705.0,83998.0,707.0,,3996.0,,80709.0,90442.0,89574.0,868.0,,,,,2793.0,,,,,85250.0,90727.0,,87393.0,89477.0,,Last week,,Population Bulletin - Weekly 21 December 2012,https://assets.publishing.service.gov.uk/media/5a7ca1cae5274a38e5755c58/prison-population-211212.xls,raw/weekly/5a7ca1cae5274a38e5755c58_prison-population-211212.xls,
2012-12-14,2012-12-14,2012-12-14,,A1,Headlines- PUBLISHED,85250.0,84512.0,738.0,,4053.0,,81197.0,90727.0,89859.0,868.0,,,,,2760.0,,,,,85768.0,90785.0,,87960.0,89482.0,,Last week,,Population Bulletin - Weekly 14 December 2012,https://assets.publishing.service.gov.uk/media/5a74ee70ed915d502d6cc273/prison-population-141212.xls,raw/weekly/5a74ee70ed915d502d6cc273_prison-population-141212.xls,
2012-12-07,2012-12-07,2012-12-07,,A1,Headlines- PUBLISHED,85768.0,84968.0,800.0,,4091.0,,81677.0,90785.0,89917.0,868.0,,,,,2731.0,,,,,86047.0,90855.0,,88070.0,89413.0,,Last week,,Population Bulletin - Weekly 07 December 2012,https://assets.publishing.service.gov.uk/media/5a7b7f07ed915d131105f9e1/prison-population-071212.xls,raw/weekly/5a7b7f07ed915d131105f9e1_prison-population-071212.xls,
2012-11-30,2012-11-30,2012-11-30,,A1,Headlines- PUBLISHED,86047.0,85228.0,819.0,,4153.0,,81894.0,90855.0,89987.0,868.0,,,,,2748.0,,,,,86158.0,90995.0,,88179.0,89311.0,,Last week,,Population Bulletin - Weekly 30 November 2012,https://assets.publishing.service.gov.uk/media/5a7cd07c40f0b6629523bf9d/prison-population-301112.xls,raw/weekly/5a7cd07c40f0b6629523bf9d_prison-population-301112.xls,
2012-11-23,2012-11-23,2012-11-23,,A1,Headlines- PUBLISHED,86158.0,85336.0,822.0,,4174.0,,81984.0,90995.0,90127.0,868.0,,,,,2714.0,,,,,86268.0,91063.0,,88166.0,89384.0,,Last week,,Population Bulletin - Weekly 23 November 2012,https://assets.publishing.service.gov.uk/media/5a756b83e5274a3edd9a4c6d/prison-population-231112.xls,raw/weekly/5a756b83e5274a3edd9a4c6d_prison-population-231112.xls,
2012-11-16,2012-11-16,2012-11-16,,A1,Headlines- PUBLISHED,86268.0,85442.0,826.0,,4162.0,,82106.0,91063.0,90195.0,868.0,,,,,2702.0,,,,,86105.0,91043.0,,88115.0,89336.0,,Last week,,Population Bulletin - Weekly 16 November 2012,https://assets.publishing.service.gov.uk/media/5a7c5bf940f0b6601cef574d/prison-population-161112.xls,raw/weekly/5a7c5bf940f0b6601cef574d_prison-population-161112.xls,
2012-11-09,2012-11-09,2012-11-09,,A1,Headlines- PUBLISHED,86105.0,85306.0,799.0,,4124.0,,81981.0,91043.0,90175.0,868.0,,,,,2731.0,,,,,86283.0,91054.0,,87945.0,89255.0,,Last week,,Population Bulletin - Weekly 09 November 2012,https://assets.publishing.service.gov.uk/media/5a7c681fe5274a5590059a74/prison-population-091112.xls,raw/weekly/5a7c681fe5274a5590059a74_prison-population-091112.xls,
2012-11-02,2012-11-02,2012-11-02,,A1,Headlines- PUBLISHED,86283.0,85480.0,803.0,,4141.0,,82142.0,91054.0,90186.0,868.0,,,,,2769.0,,,,,86321.0,91054.0,,87749.0,89405.0,,Last week,,Population Bulletin - Weekly 02 November 2012,https://assets.publishing.service.gov.uk/media/5a7c233b40f0b645ba3c6eb3/prison-population-021112.xls,raw/weekly/5a7c233b40f0b645ba3c6eb3_prison-population-021112.xls,
2012-10-26,2012-10-26,2012-10-26,,A1,Headlines- PUBLISHED,86321.0,85495.0,826.0,,4141.0,,82180.0,91054.0,90186.0,868.0,,,,,2789.0,,,,,86293.0,91074.0,,87573.0,89330.0,,Last week,,Population Bulletin - Weekly 26 October 2012,https://assets.publishing.service.gov.uk/media/5a7c338ae5274a1f5cc76780/prison-population-26-10-12.xls,raw/weekly/5a7c338ae5274a1f5cc76780_prison-population-26-10-12.xls,
2012-10-19,2012-10-19,2012-10-19,,A1,Headlines- PUBLISHED,86293.0,85473.0,820.0,,4112.0,,82181.0,91074.0,90206.0,868.0,,,,,2799.0,,,,,86301.0,91084.0,,87652.0,89217.0,,Last week,,Population Bulletin - Weekly 19 October 2012,https://assets.publishing.service.gov.uk/media/5a7c892440f0b626628acbf5/prison-population-191012.xls,raw/weekly/5a7c892440f0b626628acbf5_prison-population-191012.xls,
2012-10-12,2012-10-12,2012-10-12,,A1,Headlines- PUBLISHED,86301.0,85489.0,812.0,,4130.0,,82171.0,91084.0,90216.0,868.0,,,,,2797.0,,,,,86420.0,91054.0,,87551.0,89043.0,,Last week,,Population Bulletin - Weekly 12 October 2012,https://assets.publishing.service.gov.uk/media/5a7c3318e5274a1f5cc76746/prison-population-121012.xls,raw/weekly/5a7c3318e5274a1f5cc76746_prison-population-121012.xls,
2012-10-05,2012-10-05,2012-10-05,,A1,Headlines- PUBLISHED,86420.0,85607.0,813.0,,4126.0,,82294.0,91054.0,90186.0,868.0,,,,,2751.0,,,,,86507.0,91084.0,,87673.0,88615.0,,Last week,,Population Bulletin - Weekly 05 October 2012,https://assets.publishing.service.gov.uk/media/5a7c9c1540f0b6629523aa11/prison-population-051012.xls,raw/weekly/5a7c9c1540f0b6629523aa11_prison-population-051012.xls,
2012-09-28,2012-09-28,2012-09-28,,A1,Headlines- PUBLISHED,86507.0,85690.0,817.0,,4133.0,,82374.0,91084.0,90216.0,868.0,,,,,2768.0,,,,,86499.0,91020.0,,87501.0,88533.0,,Last week,,Population Bulletin - Weekly 28 September 2012,https://assets.publishing.service.gov.uk/media/5a7ba17040f0b62826a04cfc/prison-population-280912.xls,raw/weekly/5a7ba17040f0b62826a04cfc_prison-population-280912.xls,
2012-09-21,2012-09-21,2012-09-21,,A1,Headlines- PUBLISHED,86499.0,85676.0,823.0,,4139.0,,82360.0,91020.0,90152.0,868.0,,,,,2777.0,,,,,86553.0,90970.0,,87214.0,88818.0,,Last week,,Population Bulletin - Weekly 21 September 2012,https://assets.publishing.service.gov.uk/media/5a7c925e40f0b62aff6c29c0/prison-population-210912.xls,raw/weekly/5a7c925e40f0b62aff6c29c0_prison-population-210912.xls,
2012-09-14,2012-09-14,2012-09-14,,A1,Headlines- PUBLISHED,86553.0,85746.0,807.0,,4144.0,,82409.0,90970.0,90102.0,868.0,,,,,2788.0,,,,,86656.0,90914.0,,87120.0,88747.0,,Last week,,Population Bulletin - Weekly 14 September 2012,https://assets.publishing.service.gov.uk/media/5a7b91e9ed915d13110601be/prison-population-140912.xls,raw/weekly/5a7b91e9ed915d13110601be_prison-population-140912.xls,
2012-09-07,2012-09-07,2012-09-07,,A1,Headlines- PUBLISHED,86656.0,85825.0,831.0,,4152.0,,82504.0,90914.0,90046.0,868.0,,,,,2795.0,,,,,86708.0,90897.0,,86842.0,88628.0,,Last week,,Population Bulletin - Weekly 07 September 2012,https://assets.publishing.service.gov.uk/media/5a7c0be540f0b645ba3c65df/prison-population-070912.xls,raw/weekly/5a7c0be540f0b645ba3c65df_prison-population-070912.xls,
2012-08-31,2012-08-31,2012-08-31,,A1,Headlines- PUBLISHED,86708.0,85904.0,804.0,,4114.0,,82594.0,90897.0,90029.0,868.0,,,,,2850.0,,,,,86841.0,90812.0,,86710.0,88554.0,,Last week,,Population Bulletin - Weekly 31 August 2012,https://assets.publishing.service.gov.uk/media/5a7c220a40f0b645ba3c6e3e/prison-population-310812.xls,raw/weekly/5a7c220a40f0b645ba3c6e3e_prison-population-310812.xls,
2012-08-24,2012-08-24,2012-08-24,,A1,Headlines- PUBLISHED,86841.0,86036.0,805.0,,4125.0,,82716.0,90812.0,89944.0,868.0,,,,,2852.0,,,,,86801.0,90707.0,,86821.0,88338.0,,Last week,,Population Bulletin - Weekly 24 August 2012,https://assets.publishing.service.gov.uk/media/5a7b9880ed915d1311060459/prison-population-240812.xls,raw/weekly/5a7b9880ed915d1311060459_prison-population-240812.xls,
2012-08-17,2012-08-17,2012-08-17,,A1,Headlines- PUBLISHED,86801.0,86037.0,764.0,,4132.0,,82669.0,90707.0,89839.0,868.0,,,,,2872.0,,,,,86779.0,90574.0,,86654.0,88093.0,,Last week,,Population Bulletin - Weekly 17 August 2012,https://assets.publishing.service.gov.uk/media/5a7c0098ed915d4147622282/prison-population-170812.xls,raw/weekly/5a7c0098ed915d4147622282_prison-population-170812.xls,
2012-08-10,2012-08-10,2012-08-10,,A1,Headlines- PUBLISHED,86779.0,86050.0,729.0,,4184.0,,82595.0,90574.0,89706.0,868.0,,,,,2871.0,,,,,86745.0,90472.0,,85931.0,88049.0,,Last week,,Population Bulletin - Weekly 10 August 2012,https://assets.publishing.service.gov.uk/media/5a7cd83ce5274a2c9a484759/prison-population-100812.xls,raw/weekly/5a7cd83ce5274a2c9a484759_prison-population-100812.xls,
2012-08-03,2012-08-03,2012-08-03,,A1,Headlines- PUBLISHED,86745.0,86017.0,728.0,,4165.0,,82580.0,90472.0,89604.0,868.0,,,,,2884.0,,,,,86618.0,90350.0,,85523.0,88039.0,,Last week,,Population Bulletin - Weekly 03 August 2012,https://assets.publishing.service.gov.uk/media/5a7c7390e5274a5590059f4e/prison-population-030812.xls,raw/weekly/5a7c7390e5274a5590059f4e_prison-population-030812.xls,
2012-07-27,2012-07-27,2012-07-27,,A1,Headlines- PUBLISHED,86618.0,85942.0,676.0,,4167.0,,82451.0,90350.0,89482.0,868.0,,,,,2884.0,,,,,86526.0,90295.0,,85543.0,88083.0,,Last week,,Population Bulletin - Weekly 27 July 2012,https://assets.publishing.service.gov.uk/media/5a7c1e1c40f0b61a825d6905/prison-population-270712.xls,raw/weekly/5a7c1e1c40f0b61a825d6905_prison-population-270712.xls,
2012-07-20,2012-07-20,2012-07-20,,A1,Headlines- PUBLISHED,86526.0,85877.0,649.0,,4171.0,,82355.0,90295.0,89427.0,868.0,,,,,2897.0,,,,,86562.0,90246.0,,85578.0,88073.0,,Last week,,Population Bulletin - Weekly 20 July 2012,https://assets.publishing.service.gov.uk/media/5a7593d5e5274a545822c986/prison-population-200712.xls,raw/weekly/5a7593d5e5274a545822c986_prison-population-200712.xls,
2012-07-13,2012-07-13,2012-07-13,,A1,Headlines- PUBLISHED,86562.0,85913.0,649.0,,4152.0,,82410.0,90246.0,89378.0,868.0,,,,,2920.0,,,,,86452.0,90179.0,,85467.0,88027.0,,Last week,,Population Bulletin - Weekly 13 July 2012,https://assets.publishing.service.gov.uk/media/5a7cd196e5274a2c9a4844cc/prison-population-13-07-12.xls,raw/weekly/5a7cd196e5274a2c9a4844cc_prison-population-13-07-12.xls,
2012-07-06,2012-07-06,2012-07-06,,A1,Headlines- PUBLISHED,86452.0,85769.0,683.0,,4137.0,,82315.0,90179.0,89311.0,868.0,,,,,2893.0,,,,,86352.0,90106.0,,85378.0,87975.0,,Last week,,Population Bulletin - Weekly 06 July 2012,https://assets.publishing.service.gov.uk/media/5a7cbc61e5274a2f304efc3f/prison-population-060712.xls,raw/weekly/5a7cbc61e5274a2f304efc3f_prison-population-060712.xls,
2012-06-29,2012-06-29,2012-06-29,,A1,Headlines- PUBLISHED,86352.0,85617.0,735.0,,4139.0,,82213.0,90106.0,89238.0,868.0,,,,,2849.0,,,,,86456.0,90310.0,,85376.0,87955.0,,Last week,,Population Bulletin - Weekly 29 June 2012,https://assets.publishing.service.gov.uk/media/5a7c75cc40f0b62aff6c1d22/prison-population-290612.xls,raw/weekly/5a7c75cc40f0b62aff6c1d22_prison-population-290612.xls,
2012-06-22,2012-06-22,2012-06-22,,A1,Headlines- PUBLISHED,86456.0,85697.0,759.0,,4116.0,,82340.0,90310.0,89442.0,868.0,,,,,2768.0,,,,,86479.0,90275.0,,85266.0,87902.0,,Last week,,Population Bulletin - Weekly 22 June 2012,https://assets.publishing.service.gov.uk/media/5a7c6b4fed915d6969f44bab/prison-population-220612.xls,raw/weekly/5a7c6b4fed915d6969f44bab_prison-population-220612.xls,
2012-06-15,2012-06-15,2012-06-15,,A1,Headlines- PUBLISHED,86479.0,85668.0,811.0,,4088.0,,82391.0,90275.0,89407.0,868.0,,,,,2785.0,,,,,86702.0,90236.0,,85345.0,87914.0,,Last week,,Population Bulletin - Weekly 15 June 2012,https://assets.publishing.service.gov.uk/media/5a75c105ed915d506ee813a3/prison-population-150612.xls,raw/weekly/5a75c105ed915d506ee813a3_prison-population-150612.xls,
2012-06-08,2012-06-08,2012-06-08,,A1,Headlines- PUBLISHED,86702.0,85886.0,816.0,,4135.0,,82567.0,90236.0,89368.0,868.0,,,,,2829.0,,,,,87028.0,90291.0,,85224.0,87871.0,,Last week,,Population Bulletin - Weekly 08 June 2012,https://assets.publishing.service.gov.uk/media/5a7b9d05ed915d4147621854/prison-population-080612.xls,raw/weekly/5a7b9d05ed915d4147621854_prison-population-080612.xls,
2012-06-01,2012-06-01,2012-06-01,,A1,Headlines- PUBLISHED,87028.0,86232.0,796.0,,4191.0,,82837.0,90291.0,89423.0,868.0,,,,,2831.0,,,,,86980.0,90141.0,,85106.0,87812.0,,Last week,,Population Bulletin - Weekly 01 June 2012,https://assets.publishing.service.gov.uk/media/5a75a47ced915d506ee80617/prison-population-010612.xls,raw/weekly/5a75a47ced915d506ee80617_prison-population-010612.xls,
2012-05-25,2012-05-25,2012-05-25,,A1,Headlines- PUBLISHED,86980.0,86182.0,798.0,,4234.0,,82746.0,90141.0,89273.0,868.0,,,,,2861.0,,,,,87123.0,90006.0,,85136.0,87837.0,,Last week,,Population Bulletin - Weekly 25 May 2012,https://assets.publishing.service.gov.uk/media/5a7c6ac3e5274a5255bce7fb/prison-population-25-may-2012.xls,raw/weekly/5a7c6ac3e5274a5255bce7fb_prison-population-25-may-2012.xls,
2012-05-18,2012-05-18,2012-05-18,,A1,Headlines- PUBLISHED,87123.0,86308.0,815.0,,4207.0,,82916.0,90006.0,89138.0,868.0,,,,,2860.0,,,,,87212.0,89915.0,,84928.0,87787.0,,Last week,,Population Bulletin - Weekly 18 May 2012,https://assets.publishing.service.gov.uk/media/5a7cc4c7e5274a2f304eff46/prison-population-180512.xls,raw/weekly/5a7cc4c7e5274a2f304eff46_prison-population-180512.xls,
2012-05-11,2012-05-11,2012-05-11,,A1,Headlines- PUBLISHED,87212.0,86400.0,812.0,,4247.0,,82965.0,89915.0,89047.0,868.0,,,,,2865.0,,,,,87336.0,89843.0,,84761.0,87735.0,,Last week,,Population Bulletin - Weekly 11 May 2012,https://assets.publishing.service.gov.uk/media/5a7ba89de5274a7318b9015d/prison-population-110512.xls,raw/weekly/5a7ba89de5274a7318b9015d_prison-population-110512.xls,
2012-05-04,2012-05-04,2012-05-04,,A1,Headlines- PUBLISHED,87336.0,86534.0,802.0,,4247.0,,83089.0,89843.0,88975.0,868.0,,,,,2871.0,,,,,87092.0,89751.0,,84621.0,87787.0,,Last week,,Population Bulletin - Weekly 04 May 2012,https://assets.publishing.service.gov.uk/media/5a7cbaade5274a38e5756647/prison-population-040512.xls,raw/weekly/5a7cbaade5274a38e5756647_prison-population-040512.xls,
2012-04-27,2012-04-27,2012-04-27,,A1,Headlines- PUBLISHED,87092.0,86296.0,796.0,,4246.0,,82846.0,89751.0,88883.0,868.0,,,,,2859.0,,,,,87165.0,89656.0,,,,,Last week,,Population Bulletin - Weekly 27 April 2012,https://assets.publishing.service.gov.uk/media/5a74947ce5274a44083b7d0a/prison-population-270412.xls,raw/weekly/5a74947ce5274a44083b7d0a_prison-population-270412.xls,
2012-04-20,2012-04-20,2012-04-20,,A1,Headlines- PUBLISHED,87165.0,86429.0,736.0,,4254.0,,82911.0,89656.0,88788.0,868.0,,,,,2807.0,,,,,87433.0,89548.0,,,,,Last week,,Population Bulletin - Weekly 20 April 2012,https://assets.publishing.service.gov.uk/media/5a7c4617e5274a1b00422a87/prison-population-200412.xls,raw/weekly/5a7c4617e5274a1b00422a87_prison-population-200412.xls,
2012-04-13,,2012-04-13,,A1,Headlines- PUBLISHED,87433.0,86680.0,753.0,,4231.0,,83202.0,89548.0,88680.0,868.0,,,,,2782.0,,,,,,,,,,,,,Population Bulletin - Weekly 13 April 2012,https://assets.publishing.service.gov.uk/media/5a7cca06e5274a2c9a484209/prison-population-130412.xls,raw/weekly/5a7cca06e5274a2c9a484209_prison-population-130412.xls,
2012-03-30,2012-03-30,2012-03-30,,A1,Headlines- PUBLISHED,87868.0,87080.0,788.0,,4226.0,,83642.0,89490.0,88622.0,868.0,,,,,2852.0,,,,,87760.0,89394.0,,85447.0,87717.0,,Last week,,Population Bulletin - Weekly 30 March 2012,https://assets.publishing.service.gov.uk/media/5a74b84840f0b619c8659e04/prison-population-300312.xls,raw/weekly/5a74b84840f0b619c8659e04_prison-population-300312.xls,
2012-03-23,2012-03-23,2012-03-23,,A1,Headlines- PUBLISHED,87760.0,86974.0,786.0,,4170.0,,83590.0,89394.0,88526.0,868.0,,,,,2863.0,,,,,87870.0,89394.0,,85454.0,87690.0,,Last week,,Population Bulletin - Weekly 23 March 2012,https://assets.publishing.service.gov.uk/media/5a7c33c640f0b67d0b11f8af/prison-population-230312.xls,raw/weekly/5a7c33c640f0b67d0b11f8af_prison-population-230312.xls,
2012-03-16,2012-03-16,2012-03-16,,A1,Headlines- PUBLISHED,87870.0,87054.0,816.0,,4175.0,,83695.0,89394.0,88526.0,868.0,,,,,2809.0,,,,,87654.0,89359.0,,85419.0,88480.0,,Last week,,Population Bulletin - Weekly 16 March 2012,https://assets.publishing.service.gov.uk/media/5a7cdb3540f0b65b3de0b93f/prison-population-16-march-2012.xls,raw/weekly/5a7cdb3540f0b65b3de0b93f_prison-population-16-march-2012.xls,
2012-03-09,2012-03-09,2012-03-09,,A1,Headlines- PUBLISHED,87654.0,86848.0,806.0,,4164.0,,83490.0,89359.0,88483.0,876.0,,,,,2793.0,,,,,87787.0,89302.0,,85381.0,88448.0,,Last week,,Population bulletin - Weekly 9 March 2012,https://assets.publishing.service.gov.uk/media/5a7cba1840f0b65b3de0acb6/prison-population-090312.xls,raw/weekly/5a7cba1840f0b65b3de0acb6_prison-population-090312.xls,
2012-03-02,2012-03-02,2012-03-02,,A1,Headlines- PUBLISHED,87787.0,87002.0,785.0,,4186.0,,83601.0,89302.0,88434.0,868.0,,,,,2785.0,,,,,87583.0,89335.0,,85342.0,88338.0,,Last week,,Population bulletin - Weekly 2 March 2012,https://assets.publishing.service.gov.uk/media/5a7c6f3a40f0b62aff6c1a4f/prison-population-02-03-12.xls,raw/weekly/5a7c6f3a40f0b62aff6c1a4f_prison-population-02-03-12.xls,
2012-02-24,2012-02-24,2012-02-24,,A1,Headlines- PUBLISHED,87583.0,86861.0,722.0,,4207.0,,83376.0,89335.0,88467.0,868.0,,,,,2780.0,,,,,87631.0,89295.0,,85206.0,88286.0,,Last week,,Population bulletin - Weekly 24 February 2012,https://assets.publishing.service.gov.uk/media/5a7c238e40f0b645ba3c6ed7/prison-population-24-02-12.xls,raw/weekly/5a7c238e40f0b645ba3c6ed7_prison-population-24-02-12.xls,
2012-02-17,2012-02-17,2012-02-17,,A1,Headlines- PUBLISHED,87631.0,86870.0,761.0,,4190.0,,83441.0,89295.0,88427.0,868.0,,,,,2720.0,,,,,87694.0,89256.0,,85072.0,88183.0,,Last week,,Population Bulletin - Weekly 17 February 2012,https://assets.publishing.service.gov.uk/media/5a7c526540f0b6321db38681/prison-population-17-02-12.xls,raw/weekly/5a7c526540f0b6321db38681_prison-population-17-02-12.xls,
2012-02-10,2012-02-10,2012-02-10,,A1,Headlines- PUBLISHED,87694.0,87009.0,685.0,,4183.0,,83511.0,89256.0,88388.0,868.0,,,,,2753.0,,,,,87844.0,89260.0,,84785.0,88141.0,,Last week,,Population Bulletin - Weekly 10 February 2012,https://assets.publishing.service.gov.uk/media/5a7b7f90e5274a7202e1790a/prison-population-10-02-12.xls,raw/weekly/5a7b7f90e5274a7202e1790a_prison-population-10-02-12.xls,
2012-02-03,2012-02-03,2012-02-03,,A1,Headlines- PUBLISHED,87844.0,87135.0,709.0,,4182.0,,83662.0,89260.0,88392.0,868.0,,,,,2702.0,,,,,87668.0,89399.0,,84469.0,88075.0,,Last week,,Population Bulletin - Weekly 3 February 2012,https://assets.publishing.service.gov.uk/media/5a7baa6d40f0b638d61be25c/prison-population-3-02-12.xls,raw/weekly/5a7baa6d40f0b638d61be25c_prison-population-3-02-12.xls,
2012-01-27,2012-01-27,2012-01-27,,A1,Headlines- PUBLISHED,87668.0,86919.0,749.0,,4185.0,,83483.0,89399.0,88407.0,992.0,,,,,2701.0,,,,,87261.0,89441.0,,84145.0,88009.0,,Last week,,Population Bulletin - Weekly 27 January 2012,https://assets.publishing.service.gov.uk/media/5a7c940040f0b626628ad0b2/prison-population-27-01-12.xls,raw/weekly/5a7c940040f0b626628ad0b2_prison-population-27-01-12.xls,
2012-01-20,2012-01-20,2012-01-20,,A1,Headlines- PUBLISHED,87261.0,86599.0,662.0,,4131.0,,83130.0,89441.0,88449.0,992.0,,,,,2681.0,,,,,86896.0,89463.0,,83780.0,88000.0,,Last week,,Population Bulletin - Weekly 20 January 2012,https://assets.publishing.service.gov.uk/media/5a7cbf79e5274a2f304efd34/prison-population-20-01-12.xls,raw/weekly/5a7cbf79e5274a2f304efd34_prison-population-20-01-12.xls,
2012-01-13,2012-01-13,2012-01-13,,A1,Headlines- PUBLISHED,86896.0,86274.0,622.0,,4108.0,,82788.0,89463.0,88471.0,992.0,,,,,2700.0,,,,,86638.0,89503.0,,83305.0,87970.0,,Last week,,Population Bulletin - Weekly 13 January 2012,https://assets.publishing.service.gov.uk/media/5a75bce540f0b67b3d5c8d4d/prison-population-13-1-12.xls,raw/weekly/5a75bce540f0b67b3d5c8d4d_prison-population-13-1-12.xls,
2012-01-06,2012-01-06,2012-01-06,,A1,Headlines- PUBLISHED,86638.0,86027.0,611.0,,4085.0,,82553.0,89503.0,88511.0,992.0,,,,,2772.0,,,,,86778.0,89472.0,,82991.0,87936.0,,Last week,,Population Bulletin - Weekly 06 January 2012,https://assets.publishing.service.gov.uk/media/5a7b91c040f0b645ba3c52ab/prison-population-06-01-12.xls,raw/weekly/5a7b91c040f0b645ba3c52ab_prison-population-06-01-12.xls,
2011-12-30,2011-12-30,2011-12-30,,A1,Headlines- PUBLISHED,86778.0,86131.0,647.0,,4090.0,,82688.0,89472.0,88480.0,992.0,,,,,2831.0,,,,,87393.0,89477.0,,83055.0,87983.0,,Last week,,Population Bulletin - Weekly 30 December 2011,https://assets.publishing.service.gov.uk/media/5a7c51f4ed915d3d0e87b95e/prison-population-30-12-11.xls,raw/weekly/5a7c51f4ed915d3d0e87b95e_prison-population-30-12-11.xls,
2011-12-23,2011-12-23,2011-12-23,,A1,Headlines- PUBLISHED,87393.0,86719.0,674.0,,4163.0,,83230.0,89477.0,88485.0,992.0,,,,,2820.0,,,,,87960.0,89482.0,,83701.0,87978.0,,Last week,,Population Bulletin - Weekly 23 December 2011,https://assets.publishing.service.gov.uk/media/5a7b9252ed915d41476213ea/prison-population-23-12-11.xls,raw/weekly/5a7b9252ed915d41476213ea_prison-population-23-12-11.xls,
2011-12-16,2011-12-16,2011-12-16,,A1,Headlines- PUBLISHED,87960.0,87212.0,748.0,,4228.0,,83732.0,89482.0,88490.0,992.0,,,,,2755.0,,,,,88070.0,89413.0,,84548.0,87919.0,,Last week,,Population Bulletin - Weekly 16 December 2011,https://assets.publishing.service.gov.uk/media/5a7c49ca40f0b62dffde1189/prison-population-16-12-11.xls,raw/weekly/5a7c49ca40f0b62dffde1189_prison-population-16-12-11.xls,
2011-12-09,2011-12-09,2011-12-09,,A1,Headlines- PUBLISHED,88070.0,87297.0,773.0,,4211.0,,83859.0,89413.0,88421.0,992.0,,,,,2773.0,,,,,88179.0,89311.0,,84896.0,88221.0,,Last week,,Population Bulletin - Weekly 09 December 2011,https://assets.publishing.service.gov.uk/media/5a7c8857e5274a7b7e32111a/prison-population-09-12-11.xls,raw/weekly/5a7c8857e5274a7b7e32111a_prison-population-09-12-11.xls,
2026-09-07,,2026-09-07,2026-09-07,B,Data,86868.0,,,83228.0,3349.0,291.0,,88943.0,,,84841.0,3718.0,384.0,2075.0,3970.0,1640.0,1460.0,120.0,60.0,,,,88045.0,89720.0,,Last Week:  31 August 2026,12 Months Ago:  08 September 2025,Population bulletin: weekly 7 September 2026,https://assets.publishing.service.gov.uk/media/6a9e95b85a0c25165ae469c2/prison-pop-7-sept-2026.ods,raw/weekly/6a9e95b85a0c25165ae469c2_prison-pop-7-sept-2026.ods,
