title,page,url,ext,local
Population bulletin: weekly 24 August 2026,Prison population: weekly estate figures 2026,https://assets.publishing.service.gov.uk/media/6a8c3338a8f84a582b84282f/PSWEBREPORT.ods,ods,raw/weekly/6a8c3338a8f84a582b84282f_PSWEBREPORT.ods
Population bulletin: weekly 17 August 2026,Prison population: weekly estate figures 2026,https://assets.publishing.service.gov.uk/media/6a82bfaf03b4fe14b1e7ded5/prison-pop-17-aug-2026.ods,ods,raw/weekly/6a82bfaf03b4fe14b1e7ded5_prison-pop-17-aug-2026.ods
Population bulletin: weekly 10 August 2026,Prison population: weekly estate figures 2026,https://assets.publishing.service.gov.uk/media/6a79a4809fad0e27bebabe5a/prison-pop-10-august-2026.ods,ods,raw/weekly/6a79a4809fad0e27bebabe5a_prison-pop-10-august-2026.ods
Population bulletin: weekly 3 August 2026,Prison population: weekly estate figures 2026,https://assets.publishing.service.gov.uk/media/6a708129895ee729c0e5b42d/PSWEBREPORT_3_August.ods,ods,raw/weekly/6a708129895ee729c0e5b42d_PSWEBREPORT_3_August.ods
Population bulletin: weekly 27 July 2026,Prison population: weekly estate figures 2026,https://assets.publishing.service.gov.uk/media/6a67396bf02dfa8e780938fa/prison-pop-27-july-2026.ods,ods,raw/weekly/6a67396bf02dfa8e780938fa_prison-pop-27-july-2026.ods
Population bulletin: weekly 20 July 2026,Prison population: weekly estate figures 2026,https://assets.publishing.service.gov.uk/media/6a5de5727eb057103bd946d7/prison-pop-20-july-2026.ods,ods,raw/weekly/6a5de5727eb057103bd946d7_prison-pop-20-july-2026.ods
Population bulletin: weekly 13 July 2026,Prison population: weekly estate figures 2026,https://assets.publishing.service.gov.uk/media/6a54b7879e9c95844ae64d73/prison-pop-13-july-2026.ods,ods,raw/weekly/6a54b7879e9c95844ae64d73_prison-pop-13-july-2026.ods
Population bulletin: weekly 6 July 2026,Prison population: weekly estate figures 2026,https://assets.publishing.service.gov.uk/media/6a4b8609045e1108aaa5ebb3/PSWEBREPORT_6_July_2026.ods,ods,raw/weekly/6a4b8609045e1108aaa5ebb3_PSWEBREPORT_6_July_2026.ods
Population bulletin: weekly 29 June 2026,Prison population: weekly estate figures 2026,https://assets.publishing.service.gov.uk/media/6a424c037ac6fd9c6a94ab06/PSWEBREPORT_29_6_26.ods,ods,raw/weekly/6a424c037ac6fd9c6a94ab06_PSWEBREPORT_29_6_26.ods
Population bulletin: weekly 22 June 2026,Prison population: weekly estate figures 2026,https://assets.publishing.service.gov.uk/media/6a38f1c46422bec01b1178ab/PSWEBREPORT_22_June_26.ods,ods,raw/weekly/6a38f1c46422bec01b1178ab_PSWEBREPORT_22_June_26.ods
Population bulletin: weekly 15 June 2026,Prison population: weekly estate figures 2026,https://assets.publishing.service.gov.uk/media/6a2fcdb1a3674dfd3eb50896/PSWEBREPORT_15_June_26.ods,ods,raw/weekly/6a2fcdb1a3674dfd3eb50896_PSWEBREPORT_15_June_26.ods
Population bulletin: weekly 8 June 2026,Prison population: weekly estate figures 2026,https://assets.publishing.service.gov.uk/media/6a267ecf56960b0542c0b133/PSWEBREPORT_8_June_26.ods,ods,raw/weekly/6a267ecf56960b0542c0b133_PSWEBREPORT_8_June_26.ods
Population bulletin: weekly 1 June 2026,Prison population: weekly estate figures 2026,https://assets.publishing.service.gov.uk/media/6a1d44fd65bc5f798327f566/PSWEBREPORT_1_June_2026.ods,ods,raw/weekly/6a1d44fd65bc5f798327f566_PSWEBREPORT_1_June_2026.ods
Population bulletin: weekly 18 May 2026,Prison population: weekly estate figures 2026,https://assets.publishing.service.gov.uk/media/6a0aea2cc75cc34a8ff8f3d8/PSWEBREPORT_Mon_18_May.ods,ods,raw/weekly/6a0aea2cc75cc34a8ff8f3d8_PSWEBREPORT_Mon_18_May.ods
Population bulletin: weekly 11 May 2026,Prison population: weekly estate figures 2026,https://assets.publishing.service.gov.uk/media/6a01b1e3e71c4cdf4026b99c/prison-pop-11-may-2026.ods,ods,raw/weekly/6a01b1e3e71c4cdf4026b99c_prison-pop-11-may-2026.ods
Population bulletin: weekly 27 April 2026,Prison population: weekly estate figures 2026,https://assets.publishing.service.gov.uk/media/69ef257a9ca985145673b9c7/prison-pop-27-apr-2026.ods,ods,raw/weekly/69ef257a9ca985145673b9c7_prison-pop-27-apr-2026.ods
Population bulletin: weekly 20 April 2026,Prison population: weekly estate figures 2026,https://assets.publishing.service.gov.uk/media/69e5e4df2570f65c2716d9c3/prison-pop-20-april-2026.ods,ods,raw/weekly/69e5e4df2570f65c2716d9c3_prison-pop-20-april-2026.ods
Population bulletin: weekly 13 April 2026,Prison population: weekly estate figures 2026,https://assets.publishing.service.gov.uk/media/69dccbc86b695d635c34dca2/PSWEBREPORT_13_april_2026.ods,ods,raw/weekly/69dccbc86b695d635c34dca2_PSWEBREPORT_13_april_2026.ods
Population bulletin: weekly 30 March 2026,Prison population: weekly estate figures 2026,https://assets.publishing.service.gov.uk/media/69ca54dd94c191d28596ec8f/prison-pop-30-march-2026.ods,ods,raw/weekly/69ca54dd94c191d28596ec8f_prison-pop-30-march-2026.ods
Population bulletin: weekly 23 March 2026,Prison population: weekly estate figures 2026,https://assets.publishing.service.gov.uk/media/69c121cbb920af63be1c7634/prison-pop-23-mar-2026.ods,ods,raw/weekly/69c121cbb920af63be1c7634_prison-pop-23-mar-2026.ods
Population bulletin: weekly 16 March 2026,Prison population: weekly estate figures 2026,https://assets.publishing.service.gov.uk/media/69b7e4f3ba47c264e6c8cfa2/prison-pop-16-march-2026.ods,ods,raw/weekly/69b7e4f3ba47c264e6c8cfa2_prison-pop-16-march-2026.ods
Population bulletin: weekly 9 March 2026,Prison population: weekly estate figures 2026,https://assets.publishing.service.gov.uk/media/69aeab1abde9c3f213c899bd/prison-pop-9-march-2026.ods,ods,raw/weekly/69aeab1abde9c3f213c899bd_prison-pop-9-march-2026.ods
 Population bulletin: weekly 2 March 2026,Prison population: weekly estate figures 2026,https://assets.publishing.service.gov.uk/media/69a55fc446e50eda5c46b554/prison-pop-2-march-2026.ods,ods,raw/weekly/69a55fc446e50eda5c46b554_prison-pop-2-march-2026.ods
Population bulletin: weekly 23 February 2026,Prison population: weekly estate figures 2026,https://assets.publishing.service.gov.uk/media/699c39d2882eb23165f12714/prison-pop-23-feb-2026.ods,ods,raw/weekly/699c39d2882eb23165f12714_prison-pop-23-feb-2026.ods
Population bulletin: weekly 16 February 2026,Prison population: weekly estate figures 2026,https://assets.publishing.service.gov.uk/media/6992e473492ea446ea7f4439/PSWEBREPORT_16_February.ods,ods,raw/weekly/6992e473492ea446ea7f4439_PSWEBREPORT_16_February.ods
Population bulletin: weekly 9 February 2026,Prison population: weekly estate figures 2026,https://assets.publishing.service.gov.uk/media/6989b940cfe7ccf77efbc7b9/prison-pop-9-feb-2026.ods,ods,raw/weekly/6989b940cfe7ccf77efbc7b9_prison-pop-9-feb-2026.ods
Population bulletin: weekly 2 February 2026,Prison population: weekly estate figures 2026,https://assets.publishing.service.gov.uk/media/6980864dec71a16669612dce/prison-pop-2-february-2026.ods,ods,raw/weekly/6980864dec71a16669612dce_prison-pop-2-february-2026.ods
Population bulletin: weekly 26 January 2026,Prison population: weekly estate figures 2026,https://assets.publishing.service.gov.uk/media/69773d4d276692606c0137e4/PSWEBREPORT_26_Jan.ods,ods,raw/weekly/69773d4d276692606c0137e4_PSWEBREPORT_26_Jan.ods
Population bulletin: weekly 19 January 2026,Prison population: weekly estate figures 2026,https://assets.publishing.service.gov.uk/media/696e1180719d837d69afc7e9/PSWEBREPORT_19_Jan.ods,ods,raw/weekly/696e1180719d837d69afc7e9_PSWEBREPORT_19_Jan.ods
Population bulletin: weekly 12 January 2026,Prison population: weekly estate figures 2026,https://assets.publishing.service.gov.uk/media/6964d5a599fbdc498faeccca/prison-pop-12-january-2026.ods,ods,raw/weekly/6964d5a599fbdc498faeccca_prison-pop-12-january-2026.ods
Population bulletin: weekly 5 January 2026,Prison population: weekly estate figures 2026,https://assets.publishing.service.gov.uk/media/695badc4295a95414df21afd/PSWEBREPORT_5_Jan.ods,ods,raw/weekly/695badc4295a95414df21afd_PSWEBREPORT_5_Jan.ods
Population bulletin: weekly 29 December 2025,Prison population: weekly estate figures 2025,https://assets.publishing.service.gov.uk/media/695243f5ecb1863cca9d3111/PSWEBREPORT_29_Dec.ods,ods,raw/weekly/695243f5ecb1863cca9d3111_PSWEBREPORT_29_Dec.ods
Population bulletin: weekly 22 December 2025,Prison population: weekly estate figures 2025,https://assets.publishing.service.gov.uk/media/69492b19888ddc41b48a5467/PSWEBREPORT_22_Dec.ods,ods,raw/weekly/69492b19888ddc41b48a5467_PSWEBREPORT_22_Dec.ods
Population bulletin: weekly 15 December 2025,Prison population: weekly estate figures 2025,https://assets.publishing.service.gov.uk/media/693fdb8c5cc812f50aa42164/PSWEBREPORT_15_12.ods,ods,raw/weekly/693fdb8c5cc812f50aa42164_PSWEBREPORT_15_12.ods
Population bulletin: weekly 8 December 2025,Prison population: weekly estate figures 2025,https://assets.publishing.service.gov.uk/media/69369cee70840a535475d3eb/PSWEBREPORT_8_Dec_25.ods,ods,raw/weekly/69369cee70840a535475d3eb_PSWEBREPORT_8_Dec_25.ods
Population bulletin: weekly 1 December 2025,Prison population: weekly estate figures 2025,https://assets.publishing.service.gov.uk/media/692dadeab3b9afff34e96303/PSWEBREPORT_1_December.ods,ods,raw/weekly/692dadeab3b9afff34e96303_PSWEBREPORT_1_December.ods
Population bulletin: weekly 24 November 2025,Prison population: weekly estate figures 2025,https://assets.publishing.service.gov.uk/media/69244bdbf2b88d41c7ba7e9e/prison-pop-24-nov-2025.ods,ods,raw/weekly/69244bdbf2b88d41c7ba7e9e_prison-pop-24-nov-2025.ods
Population bulletin: weekly 17 November 2025,Prison population: weekly estate figures 2025,https://assets.publishing.service.gov.uk/media/691aee6c5a253e2c40d70599/PSWEBREPORT_17_November.ods,ods,raw/weekly/691aee6c5a253e2c40d70599_PSWEBREPORT_17_November.ods
Population bulletin: weekly 10 November 2025,Prison population: weekly estate figures 2025,https://assets.publishing.service.gov.uk/media/6911ba89663088df8f54f45c/prison-pop-10-nov-2025.ods,ods,raw/weekly/6911ba89663088df8f54f45c_prison-pop-10-nov-2025.ods
Population bulletin: weekly 3 November 2025,Prison population: weekly estate figures 2025,https://assets.publishing.service.gov.uk/media/69088fb4ef26c341988b2581/prison-pop-3-november-2025.ods,ods,raw/weekly/69088fb4ef26c341988b2581_prison-pop-3-november-2025.ods
Population bulletin: weekly 27 October 2025,Prison population: weekly estate figures 2025,https://assets.publishing.service.gov.uk/media/68ff418bbcb10f6bf9bef8ec/PSWEBREPORT_Monday_27_October_2025.ods,ods,raw/weekly/68ff418bbcb10f6bf9bef8ec_PSWEBREPORT_Monday_27_October_2025.ods
Population bulletin: weekly 20 October 2025,Prison population: weekly estate figures 2025,https://assets.publishing.service.gov.uk/media/68f6354a06e6515f7914c815/prison-pop-20-oct-2025.ods,ods,raw/weekly/68f6354a06e6515f7914c815_prison-pop-20-oct-2025.ods
Population bulletin: weekly 13 October 2025,Prison population: weekly estate figures 2025,https://assets.publishing.service.gov.uk/media/68ecb99a9b9afd539ca098b3/prison-pop-13-october-2025.ods,ods,raw/weekly/68ecb99a9b9afd539ca098b3_prison-pop-13-october-2025.ods
Population bulletin: weekly 6 October 2025,Prison population: weekly estate figures 2025,https://assets.publishing.service.gov.uk/media/68e395f1c487360cc70ca132/prison-pop-6-oct-2025.ods,ods,raw/weekly/68e395f1c487360cc70ca132_prison-pop-6-oct-2025.ods
Population bulletin: weekly 29 September 2025,Prison population: weekly estate figures 2025,https://assets.publishing.service.gov.uk/media/68da62a2c487360cc70c9e8a/prison-pop-29-sept--2025.ods,ods,raw/weekly/68da62a2c487360cc70c9e8a_prison-pop-29-sept--2025.ods
Population bulletin: weekly 22 September 2025,Prison population: weekly estate figures 2025,https://assets.publishing.service.gov.uk/media/68d145a4c908572e81248b0b/prison-pop-22-september-2025.ods,ods,raw/weekly/68d145a4c908572e81248b0b_prison-pop-22-september-2025.ods
Population bulletin: weekly 15 September 2025,Prison population: weekly estate figures 2025,https://assets.publishing.service.gov.uk/media/68c7f4899798bfbb19e2069d/PSWEBREPORT_15_September.ods,ods,raw/weekly/68c7f4899798bfbb19e2069d_PSWEBREPORT_15_September.ods
Population bulletin: weekly 8 September 2025,Prison population: weekly estate figures 2025,https://assets.publishing.service.gov.uk/media/68bebdbb626205fb47f01d89/PSWEBREPORT_8_Sept.ods,ods,raw/weekly/68bebdbb626205fb47f01d89_PSWEBREPORT_8_Sept.ods
 Population bulletin: weekly 1 September 2025,Prison population: weekly estate figures 2025,https://assets.publishing.service.gov.uk/media/68b575d8536d629f9c82a944/PSWEBREPORT_1_Seot.ods,ods,raw/weekly/68b575d8536d629f9c82a944_PSWEBREPORT_1_Seot.ods
Population bulletin: weekly 18 August 2025,Prison population: weekly estate figures 2025,https://assets.publishing.service.gov.uk/media/68a3041ecd7b7dcfaf2b5e27/PSWEBREPORT_18_August.ods,ods,raw/weekly/68a3041ecd7b7dcfaf2b5e27_PSWEBREPORT_18_August.ods
Population bulletin: weekly 11 August 2025,Prison population: weekly estate figures 2025,https://assets.publishing.service.gov.uk/media/6899aa0d9c63e0ee87656a55/PSWEBREPORT_11_August.ods,ods,raw/weekly/6899aa0d9c63e0ee87656a55_PSWEBREPORT_11_August.ods
Population bulletin: weekly 4 August 2025,Prison population: weekly estate figures 2025,https://assets.publishing.service.gov.uk/media/68908d71dc6688ed508783a6/prison-pop-4-august-2025.ods,ods,raw/weekly/68908d71dc6688ed508783a6_prison-pop-4-august-2025.ods
Population bulletin: weekly 28 July 2025,Prison population: weekly estate figures 2025,https://assets.publishing.service.gov.uk/media/68874891ac2c821a74bbec10/prison-pop-28-july-2025.ods,ods,raw/weekly/68874891ac2c821a74bbec10_prison-pop-28-july-2025.ods
Population bulletin: weekly 21 July 2025,Prison population: weekly estate figures 2025,https://assets.publishing.service.gov.uk/media/687df6123f4bde279ef452e2/PSWEBREPORT_21_July.ods,ods,raw/weekly/687df6123f4bde279ef452e2_PSWEBREPORT_21_July.ods
Population bulletin: weekly 14 July 2025,Prison population: weekly estate figures 2025,https://assets.publishing.service.gov.uk/media/6874c04a2557debd867cc09e/PSWEBREPORT_14_July.ods,ods,raw/weekly/6874c04a2557debd867cc09e_PSWEBREPORT_14_July.ods
Population bulletin: weekly 7 July 2025,Prison population: weekly estate figures 2025,https://assets.publishing.service.gov.uk/media/686b876a10d550c668de3b80/PSWEBREPORT0707.ods,ods,raw/weekly/686b876a10d550c668de3b80_PSWEBREPORT0707.ods
Population bulletin: weekly 30 June 2025 ,Prison population: weekly estate figures 2025,https://assets.publishing.service.gov.uk/media/686261503464d9c0ad609ceb/PSWEBREPORT_30June.ods,ods,raw/weekly/686261503464d9c0ad609ceb_PSWEBREPORT_30June.ods
Population bulletin: weekly 23 June 2025,Prison population: weekly estate figures 2025,https://assets.publishing.service.gov.uk/media/68592f4d5e1909fc4c86118f/prison-pop-23-june-2025.ods,ods,raw/weekly/68592f4d5e1909fc4c86118f_prison-pop-23-june-2025.ods
Population bulletin: weekly 16 June 2025,Prison population: weekly estate figures 2025,https://assets.publishing.service.gov.uk/media/684ff5ab77c424182b0c4e71/prison-pop-16-june-2025.ods,ods,raw/weekly/684ff5ab77c424182b0c4e71_prison-pop-16-june-2025.ods
Population bulletin: weekly 9 June 2025 ,Prison population: weekly estate figures 2025,https://assets.publishing.service.gov.uk/media/6846bda70392ed9b784c01a0/Population_bulletin_weekly_9_June_2025.ods,ods,raw/weekly/6846bda70392ed9b784c01a0_Population_bulletin_weekly_9_June_2025.ods
Population bulletin: weekly 2 June 2025,Prison population: weekly estate figures 2025,https://assets.publishing.service.gov.uk/media/683d5cf7f17469e343ebb988/prison-pop-2-june-2025.ods,ods,raw/weekly/683d5cf7f17469e343ebb988_prison-pop-2-june-2025.ods
Population bulletin: weekly 19 May 2025,Prison population: weekly estate figures 2025,https://assets.publishing.service.gov.uk/media/682aedf450dbd3ce8372ab7d/prison-pop-19-may-2025.ods,ods,raw/weekly/682aedf450dbd3ce8372ab7d_prison-pop-19-may-2025.ods
Population bulletin: weekly 12 May 2025,Prison population: weekly estate figures 2025,https://assets.publishing.service.gov.uk/media/6821d1e1c66deec8488f7f19/prison-pop-12-may-2025.ods,ods,raw/weekly/6821d1e1c66deec8488f7f19_prison-pop-12-may-2025.ods
Population bulletin: weekly 28 April 2025 ,Prison population: weekly estate figures 2025,https://assets.publishing.service.gov.uk/media/680f570a56bc2cfe7f7f5c05/28_April_PSWEBREPORT.ods,ods,raw/weekly/680f570a56bc2cfe7f7f5c05_28_April_PSWEBREPORT.ods
Population bulletin: weekly 14 April 2025 ,Prison population: weekly estate figures 2025,https://assets.publishing.service.gov.uk/media/67fcc81745705eb1a1513fa8/Population_bulletin_weekly_14_April_2025.ods,ods,raw/weekly/67fcc81745705eb1a1513fa8_Population_bulletin_weekly_14_April_2025.ods
Population bulletin: weekly 7 April 2025 ,Prison population: weekly estate figures 2025,https://assets.publishing.service.gov.uk/media/67f38b9acb0feef57df7e5f6/Population_bulletin_weekly_7_April_2025.ods,ods,raw/weekly/67f38b9acb0feef57df7e5f6_Population_bulletin_weekly_7_April_2025.ods
Population bulletin: weekly 31 March 2025,Prison population: weekly estate figures 2025,https://assets.publishing.service.gov.uk/media/67ea6897f0edd954a99fe921/prison-pop-31-march-2025.ods,ods,raw/weekly/67ea6897f0edd954a99fe921_prison-pop-31-march-2025.ods
Population bulletin: weekly 24 March 2025,Prison population: weekly estate figures 2025,https://assets.publishing.service.gov.uk/media/67e13f3764220b68ed6a6fe4/prison-pop-24-march-2025.ods,ods,raw/weekly/67e13f3764220b68ed6a6fe4_prison-pop-24-march-2025.ods
Population bulletin: weekly 17 March 2025,Prison population: weekly estate figures 2025,https://assets.publishing.service.gov.uk/media/67d801a979f0d993dfb11f42/prison-pop-17-march-2025.ods,ods,raw/weekly/67d801a979f0d993dfb11f42_prison-pop-17-march-2025.ods
Population bulletin: weekly 10 March 2025,Prison population: weekly estate figures 2025,https://assets.publishing.service.gov.uk/media/67cecec71aecd816cd80c560/prison-pop-10-march-2025.ods,ods,raw/weekly/67cecec71aecd816cd80c560_prison-pop-10-march-2025.ods
Population bulletin: weekly 3 March 2025 ,Prison population: weekly estate figures 2025,https://assets.publishing.service.gov.uk/media/67c592b2a0f0c95a498d21a8/PSWEBREPORT.ods,ods,raw/weekly/67c592b2a0f0c95a498d21a8_PSWEBREPORT.ods
Population bulletin: weekly 24 February 2025,Prison population: weekly estate figures 2025,https://assets.publishing.service.gov.uk/media/67bc61fe98ea2db44faddd65/prison-pop-24-feb-2025.ods,ods,raw/weekly/67bc61fe98ea2db44faddd65_prison-pop-24-feb-2025.ods
Population bulletin: weekly 17 February 2025,Prison population: weekly estate figures 2025,https://assets.publishing.service.gov.uk/media/67b3000c421271d7e45f57d9/prison-pop-17-february-2025.ods,ods,raw/weekly/67b3000c421271d7e45f57d9_prison-pop-17-february-2025.ods
Population bulletin: weekly 10 February 2025 ,Prison population: weekly estate figures 2025,https://assets.publishing.service.gov.uk/media/67a9c4ad6553af198f3a2115/10_Feb_PSWEBREPORT.ods,ods,raw/weekly/67a9c4ad6553af198f3a2115_10_Feb_PSWEBREPORT.ods
Population bulletin: weekly 3 February 2025,Prison population: weekly estate figures 2025,https://assets.publishing.service.gov.uk/media/67a0a959172b438fbf16a3c4/prison-pop-3-feb-2025.ods,ods,raw/weekly/67a0a959172b438fbf16a3c4_prison-pop-3-feb-2025.ods
Population bulletin: weekly 27 January 2025,Prison population: weekly estate figures 2025,https://assets.publishing.service.gov.uk/media/67976c4d4686aac1586062f6/prison-pop-27-jan-2025.ods,ods,raw/weekly/67976c4d4686aac1586062f6_prison-pop-27-jan-2025.ods
Population bulletin: weekly 20 January 2025,Prison population: weekly estate figures 2025,https://assets.publishing.service.gov.uk/media/678e3ba3af483d80fc9bdaf3/prison-pop-20-jan-2025.ods,ods,raw/weekly/678e3ba3af483d80fc9bdaf3_prison-pop-20-jan-2025.ods
Population bulletin: weekly 13 January 2025,Prison population: weekly estate figures 2025,https://assets.publishing.service.gov.uk/media/6784f264f0528401055d22f9/prison-pop-13-january-2025.ods,ods,raw/weekly/6784f264f0528401055d22f9_prison-pop-13-january-2025.ods
Population bulletin: weekly 6 January 2025,Prison population: weekly estate figures 2025,https://assets.publishing.service.gov.uk/media/677bc3dad721a08c0066549b/6_January_PSWEBREPORT.ods,ods,raw/weekly/677bc3dad721a08c0066549b_6_January_PSWEBREPORT.ods
Population bulletin: weekly 30 December 2024 ,Prison population: weekly estate figures 2024,https://assets.publishing.service.gov.uk/media/6772679cba6d29336159dc7f/PSWEBREPORT_30_December.ods,ods,raw/weekly/6772679cba6d29336159dc7f_PSWEBREPORT_30_December.ods
Population bulletin: weekly 23 December 2024 ,Prison population: weekly estate figures 2024,https://assets.publishing.service.gov.uk/media/676930a2ff2c870561bde9e5/23_December_2024.ods,ods,raw/weekly/676930a2ff2c870561bde9e5_23_December_2024.ods
Population bulletin: weekly 16 December 2024,Prison population: weekly estate figures 2024,https://assets.publishing.service.gov.uk/media/67600fb50fb02bbe4853ef5e/prison-pop-16-dec-2024.ods,ods,raw/weekly/67600fb50fb02bbe4853ef5e_prison-pop-16-dec-2024.ods
Population bulletin: weekly 9 December 2024,Prison population: weekly estate figures 2024,https://assets.publishing.service.gov.uk/media/6756c6f043b2de5fee8dae59/prison_pop__dec_24.ods,ods,raw/weekly/6756c6f043b2de5fee8dae59_prison_pop__dec_24.ods
Population bulletin: weekly 2 December 2024,Prison population: weekly estate figures 2024,https://assets.publishing.service.gov.uk/media/674d7cd7eb52380f5456af12/prison-pop-2-dec-2024.ods,ods,raw/weekly/674d7cd7eb52380f5456af12_prison-pop-2-dec-2024.ods
Population bulletin: weekly 25 November 2024 ,Prison population: weekly estate figures 2024,https://assets.publishing.service.gov.uk/media/67445c3881f809b32c8568bb/prison-pop-25-nov-2024.ods,ods,raw/weekly/67445c3881f809b32c8568bb_prison-pop-25-nov-2024.ods
Population bulletin: weekly 18 November 2024 ,Prison population: weekly estate figures 2024,https://assets.publishing.service.gov.uk/media/673b26d2abe1d74ea7dade88/prison-pop-18-nov-2024.ods,ods,raw/weekly/673b26d2abe1d74ea7dade88_prison-pop-18-nov-2024.ods
Population bulletin: weekly 11 November 2024 ,Prison population: weekly estate figures 2024,https://assets.publishing.service.gov.uk/media/6731d1752cccb48648badac1/prison-pop-11-nov-2024.ods,ods,raw/weekly/6731d1752cccb48648badac1_prison-pop-11-nov-2024.ods
Population bulletin: weekly 4 November 2024 ,Prison population: weekly estate figures 2024,https://assets.publishing.service.gov.uk/media/6728a2f0094e4e60c466d088/prison-pop-4-november-2024.ods,ods,raw/weekly/6728a2f0094e4e60c466d088_prison-pop-4-november-2024.ods
Population bulletin: weekly 28 October 2024 ,Prison population: weekly estate figures 2024,https://assets.publishing.service.gov.uk/media/671f6dad34853837d7fc4087/Prison_stats_28_October.ods,ods,raw/weekly/671f6dad34853837d7fc4087_Prison_stats_28_October.ods
Population bulletin: weekly 21 October 2024 ,Prison population: weekly estate figures 2024,https://assets.publishing.service.gov.uk/media/6716656ad100972c0f4c9b0f/Prison_stats_weekly_21_October_2024.ods,ods,raw/weekly/6716656ad100972c0f4c9b0f_Prison_stats_weekly_21_October_2024.ods
Population bulletin: weekly 18 October 2024 ,Prison population: weekly estate figures 2024,https://assets.publishing.service.gov.uk/media/671211bfb22a14f7ee18edb1/prison-pop-18-october-2024.ods,ods,raw/weekly/671211bfb22a14f7ee18edb1_prison-pop-18-october-2024.ods
Population bulletin: weekly 11 October 2024 ,Prison population: weekly estate figures 2024,https://assets.publishing.service.gov.uk/media/6708ec133b919067bb48302a/prison-pop-11-oct-2024.ods,ods,raw/weekly/6708ec133b919067bb48302a_prison-pop-11-oct-2024.ods
Population bulletin: weekly 4 October 2024 ,Prison population: weekly estate figures 2024,https://assets.publishing.service.gov.uk/media/66ffa0afa31f45a9c765f107/prison-pop-4-october-2024.ods,ods,raw/weekly/66ffa0afa31f45a9c765f107_prison-pop-4-october-2024.ods
Population bulletin: weekly 27 September 2024 ,Prison population: weekly estate figures 2024,https://assets.publishing.service.gov.uk/media/66f66cbc3b919067bb48283e/prison-pop-27-sept-2024.ods,ods,raw/weekly/66f66cbc3b919067bb48283e_prison-pop-27-sept-2024.ods
Population bulletin: weekly 20 September 2024 ,Prison population: weekly estate figures 2024,https://assets.publishing.service.gov.uk/media/66ed32d4c8398625c331e816/prison-pop-20-sept-2024.ods,ods,raw/weekly/66ed32d4c8398625c331e816_prison-pop-20-sept-2024.ods
Population bulletin: weekly 13 September 2024 ,Prison population: weekly estate figures 2024,https://assets.publishing.service.gov.uk/media/66e3f4ef718edd81771316e1/prison-pop-13-sept-2024.ods,ods,raw/weekly/66e3f4ef718edd81771316e1_prison-pop-13-sept-2024.ods
Population bulletin: weekly 6 September 2024 ,Prison population: weekly estate figures 2024,https://assets.publishing.service.gov.uk/media/66daba752bc43c72b0826535/prison-pop-6-sept-2024.ods,ods,raw/weekly/66daba752bc43c72b0826535_prison-pop-6-sept-2024.ods
Population bulletin: weekly 30 August 2024 ,Prison population: weekly estate figures 2024,https://assets.publishing.service.gov.uk/media/66d192c15e39b54bdb183397/Prison_population_30_August.ods,ods,raw/weekly/66d192c15e39b54bdb183397_Prison_population_30_August.ods
Population bulletin: weekly 23 August 2024 ,Prison population: weekly estate figures 2024,https://assets.publishing.service.gov.uk/media/66c856a41f215d9f0a91351a/Prison_population_23_August.ods,ods,raw/weekly/66c856a41f215d9f0a91351a_Prison_population_23_August.ods
Population bulletin: weekly 16 August 2024 ,Prison population: weekly estate figures 2024,https://assets.publishing.service.gov.uk/media/66bf00563effd5b79ba491b0/prison-pop-16-aug-2024.ods,ods,raw/weekly/66bf00563effd5b79ba491b0_prison-pop-16-aug-2024.ods
Population bulletin: weekly 9 August 2024 ,Prison population: weekly estate figures 2024,https://assets.publishing.service.gov.uk/media/66b5d0680808eaf43b50df70/prison-pop-9-aug-2024.ods,ods,raw/weekly/66b5d0680808eaf43b50df70_prison-pop-9-aug-2024.ods
Population bulletin: weekly 2 August 2024 ,Prison population: weekly estate figures 2024,https://assets.publishing.service.gov.uk/media/66ac9766ab418ab0555931f5/prison-pop-2-aug-2024.ods,ods,raw/weekly/66ac9766ab418ab0555931f5_prison-pop-2-aug-2024.ods
Population bulletin: weekly 26 July 2024 ,Prison population: weekly estate figures 2024,https://assets.publishing.service.gov.uk/media/66a374bca3c2a28abb50d7ba/Population_bulletin_weekly_26_July_2024_.ods,ods,raw/weekly/66a374bca3c2a28abb50d7ba_Population_bulletin_weekly_26_July_2024_.ods
Population bulletin: weekly 19 July 2024 ,Prison population: weekly estate figures 2024,https://assets.publishing.service.gov.uk/media/669a24c7a3c2a28abb50d2b2/population_19_July_2024.ods,ods,raw/weekly/669a24c7a3c2a28abb50d2b2_population_19_July_2024.ods
Population bulletin: weekly 12 July 2024 ,Prison population: weekly estate figures 2024,https://assets.publishing.service.gov.uk/media/6690f5ea0808eaf43b50ce45/prison-pop-12-july-2024.ods.ods,ods,raw/weekly/6690f5ea0808eaf43b50ce45_prison-pop-12-july-2024.ods.ods
Population bulletin: weekly 5 July 2024 ,Prison population: weekly estate figures 2024,https://assets.publishing.service.gov.uk/media/6687a4a5ab5fc5929851b9f9/prison-pop-5-july-2024.ods,ods,raw/weekly/6687a4a5ab5fc5929851b9f9_prison-pop-5-july-2024.ods
Population bulletin: weekly 28 June 2024,Prison population: weekly estate figures 2024,https://assets.publishing.service.gov.uk/media/667e6a0c97ea0c79abfe4d5a/prison-pop-28-june-2024.ods,ods,raw/weekly/667e6a0c97ea0c79abfe4d5a_prison-pop-28-june-2024.ods
Population bulletin: weekly 21 June 2024 ,Prison population: weekly estate figures 2024,https://assets.publishing.service.gov.uk/media/6675308accc4aa460a729923/prison-pop-21-june-2024.ods,ods,raw/weekly/6675308accc4aa460a729923_prison-pop-21-june-2024.ods
Population bulletin: weekly 14 June 2024 ,Prison population: weekly estate figures 2024,https://assets.publishing.service.gov.uk/media/666bfc36ffd07973a043d137/prison-pop-14-june-2024.ods,ods,raw/weekly/666bfc36ffd07973a043d137_prison-pop-14-june-2024.ods
Population bulletin: weekly 7 June 2024,Prison population: weekly estate figures 2024,https://assets.publishing.service.gov.uk/media/6662b83c1669db82a64c1ba1/prison-pop-7-june-2024.ods,ods,raw/weekly/6662b83c1669db82a64c1ba1_prison-pop-7-june-2024.ods
Population bulletin: weekly 31 May 2024 ,Prison population: weekly estate figures 2024,https://assets.publishing.service.gov.uk/media/6659939a8f90ef31c23ebcb6/prison-population-31-May.ods,ods,raw/weekly/6659939a8f90ef31c23ebcb6_prison-population-31-May.ods
Population bulletin: weekly 24 May 2024 ,Prison population: weekly estate figures 2024,https://assets.publishing.service.gov.uk/media/6650477f2eb55b89628fc453/prison-pop-24-may-2024.ods,ods,raw/weekly/6650477f2eb55b89628fc453_prison-pop-24-may-2024.ods
Population bulletin: weekly 17 May 2024 ,Prison population: weekly estate figures 2024,https://assets.publishing.service.gov.uk/media/6647076f993111924d9d36de/prison-pop-17-may-2024.ods,ods,raw/weekly/6647076f993111924d9d36de_prison-pop-17-may-2024.ods
Population bulletin: weekly 10 May 2024 ,Prison population: weekly estate figures 2024,https://assets.publishing.service.gov.uk/media/663de956993111924d9d3232/prison-pop-10-may-2024.ods,ods,raw/weekly/663de956993111924d9d3232_prison-pop-10-may-2024.ods
Population bulletin: weekly 3 May 2024 ,Prison population: weekly estate figures 2024,https://assets.publishing.service.gov.uk/media/66349b584d8bb7378fb6c1d8/prison-pop-3-may-2024.ods,ods,raw/weekly/66349b584d8bb7378fb6c1d8_prison-pop-3-may-2024.ods
Population bulletin: weekly 26 April 2024 ,Prison population: weekly estate figures 2024,https://assets.publishing.service.gov.uk/media/662b6bb1fddcc9e7ab22525d/prison-pop-26-apr-2024.ods,ods,raw/weekly/662b6bb1fddcc9e7ab22525d_prison-pop-26-apr-2024.ods
Population bulletin: weekly 19 April 2024 ,Prison population: weekly estate figures 2024,https://assets.publishing.service.gov.uk/media/6622299a252f0d71cf757d64/prison-pop-19-april-2024.ods,ods,raw/weekly/6622299a252f0d71cf757d64_prison-pop-19-april-2024.ods
Population bulletin: weekly 12 April 2024 ,Prison population: weekly estate figures 2024,https://assets.publishing.service.gov.uk/media/6619101e679e9c8d921dfe49/PSWEBREPORT_12_April.ods,ods,raw/weekly/6619101e679e9c8d921dfe49_PSWEBREPORT_12_April.ods
Population bulletin: weekly 5 April 2024 ,Prison population: weekly estate figures 2024,https://assets.publishing.service.gov.uk/media/660fb185a43d91001c3af1ad/prison-pop-5-april-2024.ods,ods,raw/weekly/660fb185a43d91001c3af1ad_prison-pop-5-april-2024.ods
Population bulletin: weekly 22 March 2024 ,Prison population: weekly estate figures 2024,https://assets.publishing.service.gov.uk/media/65fd444ba6c0f7001aef9231/prison-pop-22-march-2024.ods,ods,raw/weekly/65fd444ba6c0f7001aef9231_prison-pop-22-march-2024.ods
Population bulletin: weekly 15 March 2024 ,Prison population: weekly estate figures 2024,https://assets.publishing.service.gov.uk/media/65f4121cfa1851001101178c/prison-pop-15-march-2024.ods,ods,raw/weekly/65f4121cfa1851001101178c_prison-pop-15-march-2024.ods
Population bulletin: weekly 8 March 2024 ,Prison population: weekly estate figures 2024,https://assets.publishing.service.gov.uk/media/65eadbc63649a255a7ed6312/prison-pop-8-march-2024.ods,ods,raw/weekly/65eadbc63649a255a7ed6312_prison-pop-8-march-2024.ods
Population bulletin: weekly 1 March 2024 ,Prison population: weekly estate figures 2024,https://assets.publishing.service.gov.uk/media/65e1a6593f6945001d036058/prison-pop-1-march-2024.ods,ods,raw/weekly/65e1a6593f6945001d036058_prison-pop-1-march-2024.ods
Population bulletin: weekly 23 February 2024 ,Prison population: weekly estate figures 2024,https://assets.publishing.service.gov.uk/media/65d8ba6754f1e7001116595d/Prison_population_report_23_Feb_24.ods,ods,raw/weekly/65d8ba6754f1e7001116595d_Prison_population_report_23_Feb_24.ods
Population bulletin: weekly 16 February 2024 ,Prison population: weekly estate figures 2024,https://assets.publishing.service.gov.uk/media/65cf384f0f4eb1001aa98153/prison-pop-16-feb-2024.ods,ods,raw/weekly/65cf384f0f4eb1001aa98153_prison-pop-16-feb-2024.ods
Population bulletin: weekly 9 February 2024 ,Prison population: weekly estate figures 2024,https://assets.publishing.service.gov.uk/media/65c5eee6cc433b000ca90afe/prison-pop-9-feb-2024.ods,ods,raw/weekly/65c5eee6cc433b000ca90afe_prison-pop-9-feb-2024.ods
Population bulletin: weekly 2 February 2024,Prison population: weekly estate figures 2024,https://assets.publishing.service.gov.uk/media/65bcb9ae38cb910012bcdbc8/prison-pop-2-february-2024.ods,ods,raw/weekly/65bcb9ae38cb910012bcdbc8_prison-pop-2-february-2024.ods
Population bulletin: weekly 26 January 2024,Prison population: weekly estate figures 2024,https://assets.publishing.service.gov.uk/media/65b3a607a0ae1b000d5260b0/prison-pop-26-jan-2024.ods,ods,raw/weekly/65b3a607a0ae1b000d5260b0_prison-pop-26-jan-2024.ods
Population bulletin: weekly 19 January 2024 ,Prison population: weekly estate figures 2024,https://assets.publishing.service.gov.uk/media/65aa3f2a94c997000daeba6b/prison-pop-19-jan-2024.ods,ods,raw/weekly/65aa3f2a94c997000daeba6b_prison-pop-19-jan-2024.ods
Population bulletin: weekly 12 January 2024 ,Prison population: weekly estate figures 2024,https://assets.publishing.service.gov.uk/media/65a1069fe96df5000df84511/prison-pop-12-jan-2024.ods,ods,raw/weekly/65a1069fe96df5000df84511_prison-pop-12-jan-2024.ods
Population bulletin: weekly 5 January 2024,Prison population: weekly estate figures 2024,https://assets.publishing.service.gov.uk/media/6597e687c23a1000128d0bbf/PSWEBREPORT.ods,ods,raw/weekly/6597e687c23a1000128d0bbf_PSWEBREPORT.ods
Population bulletin: weekly 29 December 2023 ,Prison population figures: 2023,https://assets.publishing.service.gov.uk/media/658e98b680a3bb000d9d05c8/prison_pop_report_29_dec.ods,ods,raw/weekly/658e98b680a3bb000d9d05c8_prison_pop_report_29_dec.ods
Population bulletin: weekly 22 December 2023 ,Prison population figures: 2023,https://assets.publishing.service.gov.uk/media/658562b0fc07f3000d8d46d4/PSWEBREPORT.ods,ods,raw/weekly/658562b0fc07f3000d8d46d4_PSWEBREPORT.ods
Population bulletin: weekly 15 December 2023 ,Prison population figures: 2023,https://assets.publishing.service.gov.uk/media/657c1eff254aaa000d050e16/prison-pop-15-dec-2023.ods,ods,raw/weekly/657c1eff254aaa000d050e16_prison-pop-15-dec-2023.ods
Population bulletin: weekly 8 December 2023,Prison population figures: 2023,https://assets.publishing.service.gov.uk/media/6572ed2e58fa300013b1410d/prison-pop-8-dec-2023.ods,ods,raw/weekly/6572ed2e58fa300013b1410d_prison-pop-8-dec-2023.ods
Population bulletin: weekly 1 December 2023,Prison population figures: 2023,https://assets.publishing.service.gov.uk/media/6569a9a2cc1ec500138ef01b/prison-pop-1-dec-2023.ods,ods,raw/weekly/6569a9a2cc1ec500138ef01b_prison-pop-1-dec-2023.ods
Population bulletin: weekly 24 November 2023,Prison population figures: 2023,https://assets.publishing.service.gov.uk/media/656061021fd90c000dac3b1a/prison-pop-24-november-2023.ods,ods,raw/weekly/656061021fd90c000dac3b1a_prison-pop-24-november-2023.ods
Population bulletin: weekly 17 November 2023,Prison population figures: 2023,https://assets.publishing.service.gov.uk/media/65573882544aea000dfb2f1b/prison-pop-17-november-2023.ods,ods,raw/weekly/65573882544aea000dfb2f1b_prison-pop-17-november-2023.ods
Population bulletin: weekly 10 November 2023,Prison population figures: 2023,https://assets.publishing.service.gov.uk/media/654dec55014cc900106773b0/prison-pop-10-november-2023.ods,ods,raw/weekly/654dec55014cc900106773b0_prison-pop-10-november-2023.ods
Population bulletin: weekly 3 November 2023,Prison population figures: 2023,https://assets.publishing.service.gov.uk/media/6544bf46d36c91000d935d0c/prison-pop-3-november-2023.ods,ods,raw/weekly/6544bf46d36c91000d935d0c_prison-pop-3-november-2023.ods
Population bulletin: weekly 27 October 2023,Prison population figures: 2023,https://assets.publishing.service.gov.uk/media/653b73f4d10f35000d9a6a6a/prison-pop-27-october-2023.ods,ods,raw/weekly/653b73f4d10f35000d9a6a6a_prison-pop-27-october-2023.ods
Population bulletin: weekly 20 October 2023,Prison population figures: 2023,https://assets.publishing.service.gov.uk/media/6532574a26b9b1000faf1c77/prison-pop-20-october-2023.ods,ods,raw/weekly/6532574a26b9b1000faf1c77_prison-pop-20-october-2023.ods
Population bulletin: weekly 13 October 2023,Prison population figures: 2023,https://assets.publishing.service.gov.uk/media/65290a31244f8e00138e752b/prison-pop-13-october-2023.ods,ods,raw/weekly/65290a31244f8e00138e752b_prison-pop-13-october-2023.ods
Population bulletin: weekly 6 October 2023,Prison population figures: 2023,https://assets.publishing.service.gov.uk/media/651fc80579fc580014639701/prison-pop-06-october-2023.ods,ods,raw/weekly/651fc80579fc580014639701_prison-pop-06-october-2023.ods
Population bulletin: weekly 29 September 2023,Prison population figures: 2023,https://assets.publishing.service.gov.uk/media/65168c5c7c2c4a001395e224/prison-pop-29-sept--2023.ods,ods,raw/weekly/65168c5c7c2c4a001395e224_prison-pop-29-sept--2023.ods
Population bulletin: weekly 22 September 2023,Prison population figures: 2023,https://assets.publishing.service.gov.uk/media/650d565dfbd7bc000de54807/prison-pop-22-september-2023.ods,ods,raw/weekly/650d565dfbd7bc000de54807_prison-pop-22-september-2023.ods
Population bulletin: weekly 15 September 2023,Prison population figures: 2023,https://assets.publishing.service.gov.uk/media/65041060702634000d89b8fe/prison-pop-15-september-2023.ods,ods,raw/weekly/65041060702634000d89b8fe_prison-pop-15-september-2023.ods
Population bulletin: weekly 8 September 2023,Prison population figures: 2023,https://assets.publishing.service.gov.uk/media/64fad4defdc5d1000dfce80d/prison-pop-08-sept-2023.ods,ods,raw/weekly/64fad4defdc5d1000dfce80d_prison-pop-08-sept-2023.ods
Population bulletin: weekly 1 September 2023,Prison population figures: 2023,https://assets.publishing.service.gov.uk/media/64f19b859ee0f2000fb7bd52/prison-pop-01-sept-2023.ods,ods,raw/weekly/64f19b859ee0f2000fb7bd52_prison-pop-01-sept-2023.ods
Population bulletin: weekly 25 August 2023,Prison population figures: 2023,https://assets.publishing.service.gov.uk/media/64e864a7db1c07001422b43f/prison-pop-25-aug-2023.ods,ods,raw/weekly/64e864a7db1c07001422b43f_prison-pop-25-aug-2023.ods
Population bulletin: weekly 18 August 2023,Prison population figures: 2023,https://assets.publishing.service.gov.uk/media/64df3c1a3fde61000d4a5487/prison-pop-18-aug-2023.ods,ods,raw/weekly/64df3c1a3fde61000d4a5487_prison-pop-18-aug-2023.ods
Population bulletin: weekly 11 August 2023,Prison population figures: 2023,https://assets.publishing.service.gov.uk/media/64d5ee75667f34000d05efea/prison-pop-11-aug-2023.ods,ods,raw/weekly/64d5ee75667f34000d05efea_prison-pop-11-aug-2023.ods
Population bulletin: weekly 4 August 2023,Prison population figures: 2023,https://assets.publishing.service.gov.uk/media/64ccb489995827000dc1e8e2/prison-population-4-august-2023.ods,ods,raw/weekly/64ccb489995827000dc1e8e2_prison-population-4-august-2023.ods
Population bulletin: weekly 28 July 2023,Prison population figures: 2023,https://assets.publishing.service.gov.uk/media/64c378257aea5b00126a8dbc/prison-population-28-july-2023.ods,ods,raw/weekly/64c378257aea5b00126a8dbc_prison-population-28-july-2023.ods
Population bulletin: weekly 21 July 2023,Prison population figures: 2023,https://assets.publishing.service.gov.uk/media/64ba43ff2059dc00125d274a/prison-population-21-july-2023.ods,ods,raw/weekly/64ba43ff2059dc00125d274a_prison-population-21-july-2023.ods
Population bulletin: weekly 14 July 2023,Prison population figures: 2023,https://assets.publishing.service.gov.uk/media/64b108fa8bc29f00132ccded/prison-pop-14-july-2023.ods,ods,raw/weekly/64b108fa8bc29f00132ccded_prison-pop-14-july-2023.ods
Population bulletin: weekly 7 July 2023,Prison population figures: 2023,https://assets.publishing.service.gov.uk/media/64a7c6c07a4c23000cbba342/prison-pop-7-july-2023.ods,ods,raw/weekly/64a7c6c07a4c23000cbba342_prison-pop-7-july-2023.ods
Population bulletin: weekly 30 June 2023,Prison population figures: 2023,https://assets.publishing.service.gov.uk/media/649e975106179b00113f75b3/prison-pop-30-june-2023.ods,ods,raw/weekly/649e975106179b00113f75b3_prison-pop-30-june-2023.ods
Population bulletin: weekly 23 June 2023,Prison population figures: 2023,https://assets.publishing.service.gov.uk/media/649555b8de86820013bc8cc3/prison-pop-23-june-2023.ods,ods,raw/weekly/649555b8de86820013bc8cc3_prison-pop-23-june-2023.ods
Population bulletin: weekly 16 June 2023,Prison population figures: 2023,https://assets.publishing.service.gov.uk/media/648c1bb1103ca6000c039fd1/prison-pop-16-june-2023.ods,ods,raw/weekly/648c1bb1103ca6000c039fd1_prison-pop-16-june-2023.ods
Population bulletin: weekly 9 June 2023,Prison population figures: 2023,https://assets.publishing.service.gov.uk/media/6482f38b5f7bb700127fa756/prison-pop-9-jun-2023.ods,ods,raw/weekly/6482f38b5f7bb700127fa756_prison-pop-9-jun-2023.ods
Population bulletin: weekly 2 June 2023,Prison population figures: 2023,https://assets.publishing.service.gov.uk/media/647a2488103ca600130398d7/prison-population-2-june-2023.ods,ods,raw/weekly/647a2488103ca600130398d7_prison-population-2-june-2023.ods
Population bulletin: weekly 26 May 2023,Prison population figures: 2023,https://assets.publishing.service.gov.uk/media/64707b894a892b0013746bea/prison-pop-26-may-2023.ods,ods,raw/weekly/64707b894a892b0013746bea_prison-pop-26-may-2023.ods
Population bulletin: weekly 19 May 2023,Prison population figures: 2023,https://assets.publishing.service.gov.uk/media/6467337016c976000c9a25fe/prison-pop-19-may-2023.ods,ods,raw/weekly/6467337016c976000c9a25fe_prison-pop-19-may-2023.ods
Population bulletin: weekly 12 May 2023,Prison population figures: 2023,https://assets.publishing.service.gov.uk/media/645df9532c06a30013c05be0/prison-pop-12-may-2023.ods,ods,raw/weekly/645df9532c06a30013c05be0_prison-pop-12-may-2023.ods
Population bulletin: weekly 5 May 2023,Prison population figures: 2023,https://assets.publishing.service.gov.uk/media/6454b676faf4aa0012e13385/prison-pop-5-may-2023.ods,ods,raw/weekly/6454b676faf4aa0012e13385_prison-pop-5-may-2023.ods
Population bulletin: weekly 28 April 2023,Prison population figures: 2023,https://assets.publishing.service.gov.uk/media/644b89372f62220013a6a24a/prison-pop-28-april-2023.ods,ods,raw/weekly/644b89372f62220013a6a24a_prison-pop-28-april-2023.ods
Population bulletin: weekly 21 April 2023,Prison population figures: 2023,https://assets.publishing.service.gov.uk/media/64423ee98b86bb000cf1b68d/prison-pop-21-april-2023.ods,ods,raw/weekly/64423ee98b86bb000cf1b68d_prison-pop-21-april-2023.ods
Population bulletin: weekly 14 April 2023,Prison population figures: 2023,https://assets.publishing.service.gov.uk/media/643914e78b86bb0013f1b210/prison-population-14-april-2023.ods,ods,raw/weekly/643914e78b86bb0013f1b210_prison-population-14-april-2023.ods
Population bulletin: weekly 31 March 2023,Prison population figures: 2023,https://assets.publishing.service.gov.uk/media/6426aa65ddf8ad0013ac0b1b/prison-population-31-march-2023.ods.ods,ods,raw/weekly/6426aa65ddf8ad0013ac0b1b_prison-population-31-march-2023.ods.ods
Population bulletin: weekly 24 March 2023,Prison population figures: 2023,https://assets.publishing.service.gov.uk/media/641d6ec132a8e00012fa9380/prison-pop-24-March-2023.ods,ods,raw/weekly/641d6ec132a8e00012fa9380_prison-pop-24-March-2023.ods
Population bulletin: weekly 17 March 2023,Prison population figures: 2023,https://assets.publishing.service.gov.uk/media/6414468fe90e0776943ea599/prison-pop-17-March-2023.ods,ods,raw/weekly/6414468fe90e0776943ea599_prison-pop-17-March-2023.ods
Population bulletin: weekly 10 March 2023 ,Prison population figures: 2023,https://assets.publishing.service.gov.uk/media/640af6e3d3bf7f02f37931e0/prison-pop-10-March-2023.ods,ods,raw/weekly/640af6e3d3bf7f02f37931e0_prison-pop-10-March-2023.ods
Population bulletin: weekly 3 March 2023 ,Prison population figures: 2023,https://assets.publishing.service.gov.uk/media/6401bedce90e0740d715a299/prison-pop-3-March-2023.ods,ods,raw/weekly/6401bedce90e0740d715a299_prison-pop-3-March-2023.ods
Population bulletin: weekly 24 February 2023 ,Prison population figures: 2023,https://assets.publishing.service.gov.uk/media/63f8c587d3bf7f25f33910c2/prison-pop-24-february-2023.ods,ods,raw/weekly/63f8c587d3bf7f25f33910c2_prison-pop-24-february-2023.ods
Population bulletin: weekly 17 February 2023,Prison population figures: 2023,https://assets.publishing.service.gov.uk/media/63ef4893d3bf7f62eaaf2e31/prison-pop-17-feb-2023.ods,ods,raw/weekly/63ef4893d3bf7f62eaaf2e31_prison-pop-17-feb-2023.ods
Population bulletin: weekly 10 February 2023 ,Prison population figures: 2023,https://assets.publishing.service.gov.uk/media/63e611eb8fa8f5051973c232/prison-pop-10-february-2023.ods,ods,raw/weekly/63e611eb8fa8f5051973c232_prison-pop-10-february-2023.ods
Population bulletin: weekly 3 February 2023 ,Prison population figures: 2023,https://assets.publishing.service.gov.uk/media/63dcd1c3e90e075d9b17db47/prison-pop-3-february-2023.ods,ods,raw/weekly/63dcd1c3e90e075d9b17db47_prison-pop-3-february-2023.ods
Population bulletin: weekly 27 January 2023,Prison population figures: 2023,https://assets.publishing.service.gov.uk/media/63d393efd3bf7f200dd9921d/prison-pop-27-jan-2023.ods,ods,raw/weekly/63d393efd3bf7f200dd9921d_prison-pop-27-jan-2023.ods
Population bulletin: weekly 20 January 2023,Prison population figures: 2023,https://assets.publishing.service.gov.uk/media/63ca5e04e90e0707151e068c/prison-population-20-jan-2023.ods,ods,raw/weekly/63ca5e04e90e0707151e068c_prison-population-20-jan-2023.ods
Population bulletin: weekly 13 January 2023,Prison population figures: 2023,https://assets.publishing.service.gov.uk/media/63c12292e90e07706f39c43d/prison-population-13-jan-2023.ods,ods,raw/weekly/63c12292e90e07706f39c43d_prison-population-13-jan-2023.ods
Population bulletin: weekly 6 January 2023,Prison population figures: 2023,https://assets.publishing.service.gov.uk/media/63b7f991e90e07302cd0e3bb/population-bulletin-060123.ods,ods,raw/weekly/63b7f991e90e07302cd0e3bb_population-bulletin-060123.ods
Population bulletin: weekly 30 December 2022,Prison population figures: 2022,https://assets.publishing.service.gov.uk/media/63b41de68fa8f5735809f648/population-bulletin-301222.ods,ods,raw/weekly/63b41de68fa8f5735809f648_population-bulletin-301222.ods
Population bulletin: weekly 23 December 2022,Prison population figures: 2022,https://assets.publishing.service.gov.uk/media/63a577dad3bf7f7081d1d05a/prison-population-23-dec-2022.ods,ods,raw/weekly/63a577dad3bf7f7081d1d05a_prison-population-23-dec-2022.ods
Population bulletin: weekly 16 December 2022,Prison population figures: 2022,https://assets.publishing.service.gov.uk/media/639c386d8fa8f50662f41124/prison-pop-16-dec-2022.ods,ods,raw/weekly/639c386d8fa8f50662f41124_prison-pop-16-dec-2022.ods
Population bulletin: weekly 9 December 2022,Prison population figures: 2022,https://assets.publishing.service.gov.uk/media/6393093de90e0769b8cf0cfd/prison-population-9-december-2022.ods,ods,raw/weekly/6393093de90e0769b8cf0cfd_prison-population-9-december-2022.ods
Population bulletin: weekly 2 December 2022,Prison population figures: 2022,https://assets.publishing.service.gov.uk/media/6389c5148fa8f569fd5c4c71/prison-population-2-december-2022.ods,ods,raw/weekly/6389c5148fa8f569fd5c4c71_prison-population-2-december-2022.ods
Population bulletin: weekly 25 November 2022,Prison population figures: 2022,https://assets.publishing.service.gov.uk/media/63808b34d3bf7f1541cf497e/prison-pop-25-nov-2022.ods,ods,raw/weekly/63808b34d3bf7f1541cf497e_prison-pop-25-nov-2022.ods
Population bulletin: weekly 18 November 2022,Prison population figures: 2022,https://assets.publishing.service.gov.uk/media/63774f838fa8f5771cd8de4e/prison-pop-18-nov-2022.ods,ods,raw/weekly/63774f838fa8f5771cd8de4e_prison-pop-18-nov-2022.ods
Population bulletin: weekly 11 November 2022,Prison population figures: 2022,https://assets.publishing.service.gov.uk/media/636e1dd0e90e07618e6ae556/prison-pop-11-nov-2022.ods,ods,raw/weekly/636e1dd0e90e07618e6ae556_prison-pop-11-nov-2022.ods
Population bulletin: weekly 4 November 2022,Prison population figures: 2022,https://assets.publishing.service.gov.uk/media/6364edc9d3bf7f388d8b92ff/prison-population-4-november-2022.ods,ods,raw/weekly/6364edc9d3bf7f388d8b92ff_prison-population-4-november-2022.ods
Population bulletin: weekly 28 October 2022,Prison population figures: 2022,https://assets.publishing.service.gov.uk/media/6364f614e90e0734660680be/prison-population-28-october-2022.ods,ods,raw/weekly/6364f614e90e0734660680be_prison-population-28-october-2022.ods
Population bulletin: weekly 21 October 2022,Prison population figures: 2022,https://assets.publishing.service.gov.uk/media/6364f60e8fa8f57a1f006c48/prison-population-21-october-2022.ods,ods,raw/weekly/6364f60e8fa8f57a1f006c48_prison-population-21-october-2022.ods
Population bulletin: weekly 14 October 2022,Prison population figures: 2022,https://assets.publishing.service.gov.uk/media/6364f6068fa8f57a25fcb4fd/prison-pop-14-oct-2022.ods,ods,raw/weekly/6364f6068fa8f57a25fcb4fd_prison-pop-14-oct-2022.ods
Population bulletin: weekly 7 October 2022,Prison population figures: 2022,https://assets.publishing.service.gov.uk/media/6364f5fb8fa8f57a2872f320/prison-population-7-october-2022.ods,ods,raw/weekly/6364f5fb8fa8f57a2872f320_prison-population-7-october-2022.ods
Population bulletin: weekly 30 September 2022,Prison population figures: 2022,https://assets.publishing.service.gov.uk/media/6336ab54d3bf7f34f5e5d829/prison-pop-30-sept-2022.ods,ods,raw/weekly/6336ab54d3bf7f34f5e5d829_prison-pop-30-sept-2022.ods
Population bulletin: weekly 23 September 2022,Prison population figures: 2022,https://assets.publishing.service.gov.uk/media/632d7611e90e0711d903e0ac/population-bulletin-230922.ods,ods,raw/weekly/632d7611e90e0711d903e0ac_population-bulletin-230922.ods
Population bulletin: weekly 16 September 2022,Prison population figures: 2022,https://assets.publishing.service.gov.uk/media/632429aad3bf7f1bf90fd7e3/prison-pop-16-sep-2022.ods,ods,raw/weekly/632429aad3bf7f1bf90fd7e3_prison-pop-16-sep-2022.ods
Population bulletin: weekly 9 September 2022,Prison population figures: 2022,https://assets.publishing.service.gov.uk/media/631ef3788fa8f50204574ead/prison-pop-9-sept-2022.ods,ods,raw/weekly/631ef3788fa8f50204574ead_prison-pop-9-sept-2022.ods
Population bulletin: weekly 2 September 2022,Prison population figures: 2022,https://assets.publishing.service.gov.uk/media/6311e9c6d3bf7f4cb0841bf0/prison-pop-2-sept-2022.ods,ods,raw/weekly/6311e9c6d3bf7f4cb0841bf0_prison-pop-2-sept-2022.ods
Population bulletin: weekly 26 August 2022,Prison population figures: 2022,https://assets.publishing.service.gov.uk/media/6308ade58fa8f55368a16180/population-bulletin-260822.ods,ods,raw/weekly/6308ade58fa8f55368a16180_population-bulletin-260822.ods
Population bulletin: weekly 19 August 2022,Prison population figures: 2022,https://assets.publishing.service.gov.uk/media/62ff4ebfe90e0703d72f2d55/prison-pop-19-august-2022.ods,ods,raw/weekly/62ff4ebfe90e0703d72f2d55_prison-pop-19-august-2022.ods
Population bulletin: weekly 12 August 2022,Prison population figures: 2022,https://assets.publishing.service.gov.uk/media/62f6180ce90e076cfbb57bfd/prison-pop-12-august-2022.ods,ods,raw/weekly/62f6180ce90e076cfbb57bfd_prison-pop-12-august-2022.ods
Population bulletin: weekly 5 August 2022,Prison population figures: 2022,https://assets.publishing.service.gov.uk/media/62ecfb39d3bf7f75b4b5ff78/population-bulletin-050822.ods,ods,raw/weekly/62ecfb39d3bf7f75b4b5ff78_population-bulletin-050822.ods
Population bulletin: weekly 29 July 2022,Prison population figures: 2022,https://assets.publishing.service.gov.uk/media/62e3b29be90e07142da017ac/population-bulletin-290722.ods,ods,raw/weekly/62e3b29be90e07142da017ac_population-bulletin-290722.ods
Population bulletin: weekly 22 July 2022,Prison population figures: 2022,https://assets.publishing.service.gov.uk/media/62da56cbd3bf7f28643ca521/prison-pop-22-july-2022.ods,ods,raw/weekly/62da56cbd3bf7f28643ca521_prison-pop-22-july-2022.ods
Population bulletin: weekly 15 July 2022,Prison population figures: 2022,https://assets.publishing.service.gov.uk/media/62d11961e90e071e7a0748e7/prison-pop-15-jul-2022.ods,ods,raw/weekly/62d11961e90e071e7a0748e7_prison-pop-15-jul-2022.ods
Population bulletin: weekly 8 July 2022,Prison population figures: 2022,https://assets.publishing.service.gov.uk/media/62c7ebf2e90e07748b5929af/prison-pop-8-jul-2022.ods,ods,raw/weekly/62c7ebf2e90e07748b5929af_prison-pop-8-jul-2022.ods
Population bulletin: weekly 1 July 2022,Prison population figures: 2022,https://assets.publishing.service.gov.uk/media/62beabb7e90e073f5bcff870/prison-population-1-july-2022.ods,ods,raw/weekly/62beabb7e90e073f5bcff870_prison-population-1-july-2022.ods
Population bulletin: weekly 24 June 2022,Prison population figures: 2022,https://assets.publishing.service.gov.uk/media/62b576248fa8f53579842427/prison-pop-24-june-2022.ods,ods,raw/weekly/62b576248fa8f53579842427_prison-pop-24-june-2022.ods
Population bulletin: weekly 17 June 2022,Prison population figures: 2022,https://assets.publishing.service.gov.uk/media/62ac3a648fa8f53572e3da8d/prison-pop-17-june-2022.ods,ods,raw/weekly/62ac3a648fa8f53572e3da8d_prison-pop-17-june-2022.ods
Population bulletin: weekly 10 June 2022,Prison population figures: 2022,https://assets.publishing.service.gov.uk/media/62a30294d3bf7f036ebf59a8/prison-pop-10-june-2022.ods,ods,raw/weekly/62a30294d3bf7f036ebf59a8_prison-pop-10-june-2022.ods
Population bulletin: weekly 27 May 2022,Prison population figures: 2022,https://assets.publishing.service.gov.uk/media/62908185d3bf7f0373c74f0f/prison-pop-27-may-2022.ods,ods,raw/weekly/62908185d3bf7f0373c74f0f_prison-pop-27-may-2022.ods
Population bulletin: weekly 20 May 2022,Prison population figures: 2022,https://assets.publishing.service.gov.uk/media/62874a15d3bf7f1f4469541d/prison-pop-20-may-2022.ods,ods,raw/weekly/62874a15d3bf7f1f4469541d_prison-pop-20-may-2022.ods
Population bulletin: weekly 13 May 2022,Prison population figures: 2022,https://assets.publishing.service.gov.uk/media/627e15318fa8f53f9ceb4c6a/prison-pop-13-may-2022.ods,ods,raw/weekly/627e15318fa8f53f9ceb4c6a_prison-pop-13-may-2022.ods
Population bulletin: weekly 6 May 2022,Prison population figures: 2022,https://assets.publishing.service.gov.uk/media/6274e71f8fa8f52072cd240c/population-buletin-060520.ods,ods,raw/weekly/6274e71f8fa8f52072cd240c_population-buletin-060520.ods
Population bulletin: weekly 29 April 2022,Prison population figures: 2022,https://assets.publishing.service.gov.uk/media/626b9b3e8fa8f57a37b7b2eb/prison-pop-29-apr-2022.ods,ods,raw/weekly/626b9b3e8fa8f57a37b7b2eb_prison-pop-29-apr-2022.ods
Population bulletin: weekly 22 April 2022,Prison population figures: 2022,https://assets.publishing.service.gov.uk/media/62625e888fa8f523bae3c6d8/prison-pop-22-apr-2022.ods,ods,raw/weekly/62625e888fa8f523bae3c6d8_prison-pop-22-apr-2022.ods
Population bulletin: weekly 8 April 2022,Prison population figures: 2022,https://assets.publishing.service.gov.uk/media/624ff92fe90e0729fd14bc43/prison-pop-8-apr-2022.ods,ods,raw/weekly/624ff92fe90e0729fd14bc43_prison-pop-8-apr-2022.ods
Population bulletin: weekly 1 April 2022,Prison population figures: 2022,https://assets.publishing.service.gov.uk/media/6246ae7de90e075f07426ec6/prison-pop-1-apr-2022.ods,ods,raw/weekly/6246ae7de90e075f07426ec6_prison-pop-1-apr-2022.ods
Population bulletin: weekly 25 March 2022,Prison population figures: 2022,https://assets.publishing.service.gov.uk/media/623d80f98fa8f52773d769f3/prison-pop-25-march-2022.ods,ods,raw/weekly/623d80f98fa8f52773d769f3_prison-pop-25-march-2022.ods
Population bulletin: weekly 18 March 2022,Prison population figures: 2022,https://assets.publishing.service.gov.uk/media/623454188fa8f540f6c231c9/prison-pop-18-march-2022.ods,ods,raw/weekly/623454188fa8f540f6c231c9_prison-pop-18-march-2022.ods
Population bulletin: weekly 11 March 2022,Prison population figures: 2022,https://assets.publishing.service.gov.uk/media/622b0efdd3bf7f5a89aece8d/prison-pop-11-mar-2022.ods,ods,raw/weekly/622b0efdd3bf7f5a89aece8d_prison-pop-11-mar-2022.ods
Population bulletin: weekly 4 March 2022,Prison population figures: 2022,https://assets.publishing.service.gov.uk/media/6221dd0de90e0710bdc09b23/prison-pop-3-mar-2022.ods,ods,raw/weekly/6221dd0de90e0710bdc09b23_prison-pop-3-mar-2022.ods
Population bulletin: weekly 25 February 2022,Prison population figures: 2022,https://assets.publishing.service.gov.uk/media/6218a1568fa8f549126751b2/prison-population-25-feb-2022.ods,ods,raw/weekly/6218a1568fa8f549126751b2_prison-population-25-feb-2022.ods
Population bulletin: weekly 18 February 2022,Prison population figures: 2022,https://assets.publishing.service.gov.uk/media/620f745be90e0710acb25439/population-bulletin-180222.ods,ods,raw/weekly/620f745be90e0710acb25439_population-bulletin-180222.ods
Population bulletin: weekly 11 February 2022,Prison population figures: 2022,https://assets.publishing.service.gov.uk/media/6206675b8fa8f510b7285b12/prison-pop-11-feb-2022.ods,ods,raw/weekly/6206675b8fa8f510b7285b12_prison-pop-11-feb-2022.ods
Population bulletin: weekly 4 February 2022,Prison population figures: 2022,https://assets.publishing.service.gov.uk/media/61fce5628fa8f538882511fe/prison-pop-4-february-2022.ods,ods,raw/weekly/61fce5628fa8f538882511fe_prison-pop-4-february-2022.ods
Population bulletin: weekly 28 January 2022,Prison population figures: 2022,https://assets.publishing.service.gov.uk/media/61f3ae53d3bf7f78eab158bc/prison-pop-28-jan-2022.ods,ods,raw/weekly/61f3ae53d3bf7f78eab158bc_prison-pop-28-jan-2022.ods
Population bulletin: weekly 21 January 2022,Prison population figures: 2022,https://assets.publishing.service.gov.uk/media/61ea7578d3bf7f054a1da205/prison-pop-21-jan-2022.ods,ods,raw/weekly/61ea7578d3bf7f054a1da205_prison-pop-21-jan-2022.ods
Population bulletin: weekly 14 January 2022,Prison population figures: 2022,https://assets.publishing.service.gov.uk/media/61e14450d3bf7f054db93802/prison-pop-14-jan-2022.ods,ods,raw/weekly/61e14450d3bf7f054db93802_prison-pop-14-jan-2022.ods
Population bulletin: weekly 7 January 2022,Prison population figures: 2022,https://assets.publishing.service.gov.uk/media/61d813058fa8f505893f1c8e/population-bulletin-070122.ods,ods,raw/weekly/61d813058fa8f505893f1c8e_population-bulletin-070122.ods
Population bulletin: weekly 31 December 2021,Prison population figures: 2021,https://assets.publishing.service.gov.uk/media/61d439428fa8f54c1ad6a5b1/population-bulletin-31122021.ods,ods,raw/weekly/61d439428fa8f54c1ad6a5b1_population-bulletin-31122021.ods
Population bulletin: weekly 24 December 2021,Prison population figures: 2021,https://assets.publishing.service.gov.uk/media/61cef8ced3bf7f1f72b5ffca/prison-pop-24-december-2021.ods,ods,raw/weekly/61cef8ced3bf7f1f72b5ffca_prison-pop-24-december-2021.ods
Population bulletin: weekly 17 December 2021,Prison population figures: 2021,https://assets.publishing.service.gov.uk/media/61bc571c8fa8f503816405ad/prison-pop-17-december-2021.ods,ods,raw/weekly/61bc571c8fa8f503816405ad_prison-pop-17-december-2021.ods
Population bulletin: weekly 10 December 2021,Prison population figures: 2021,https://assets.publishing.service.gov.uk/media/61b345dbd3bf7f055eb9b84c/prison-pop-10-december-2021.ods,ods,raw/weekly/61b345dbd3bf7f055eb9b84c_prison-pop-10-december-2021.ods
Population bulletin: weekly 3 December 2021,Prison population figures: 2021,https://assets.publishing.service.gov.uk/media/61a9da44e90e070445fd773a/prison-pop-3-december-2021.ods,ods,raw/weekly/61a9da44e90e070445fd773a_prison-pop-3-december-2021.ods
Population bulletin: weekly 26 November 2021,Prison population figures: 2021,https://assets.publishing.service.gov.uk/media/61c31ae88fa8f54c16e1a689/prison-pop-26-nov-2021-updated.ods,ods,raw/weekly/61c31ae88fa8f54c16e1a689_prison-pop-26-nov-2021-updated.ods
Population bulletin: weekly 19 November 2021,Prison population figures: 2021,https://assets.publishing.service.gov.uk/media/61c31ad18fa8f54c17327a89/prison-pop-19-nov-2021-updated.ods,ods,raw/weekly/61c31ad18fa8f54c17327a89_prison-pop-19-nov-2021-updated.ods
Population bulletin: weekly 12 November 2021,Prison population figures: 2021,https://assets.publishing.service.gov.uk/media/618e2af7e90e070440c8b99c/prison-pop-12-nov-2021.ods,ods,raw/weekly/618e2af7e90e070440c8b99c_prison-pop-12-nov-2021.ods
Population bulletin: weekly 5 November 2021,Prison population figures: 2021,https://assets.publishing.service.gov.uk/media/6184ee448fa8f52980d93290/prison-pop-5-nov-2021.ods,ods,raw/weekly/6184ee448fa8f52980d93290_prison-pop-5-nov-2021.ods
Population bulletin: weekly 29 October 2021,Prison population figures: 2021,https://assets.publishing.service.gov.uk/media/617bb145d3bf7f5604d83daf/prison-pop-29-oct-2021.ods,ods,raw/weekly/617bb145d3bf7f5604d83daf_prison-pop-29-oct-2021.ods
Population bulletin: weekly 22 October 2021,Prison population figures: 2021,https://assets.publishing.service.gov.uk/media/61726d70e90e07197512824e/prison-pop-22-oct-2021.ods,ods,raw/weekly/61726d70e90e07197512824e_prison-pop-22-oct-2021.ods
Population bulletin: weekly 15 October 2021,Prison population figures: 2021,https://assets.publishing.service.gov.uk/media/61693046d3bf7f56059040a3/prison-pop-15-oct-2021.ods,ods,raw/weekly/61693046d3bf7f56059040a3_prison-pop-15-oct-2021.ods
Population bulletin: weekly 8 October 2021,Prison population figures: 2021,https://assets.publishing.service.gov.uk/media/61600b88e90e07197e166338/prison-pop-8-oct-2021.ods,ods,raw/weekly/61600b88e90e07197e166338_prison-pop-8-oct-2021.ods
Population bulletin: weekly 1 October 2021,Prison population figures: 2021,https://assets.publishing.service.gov.uk/media/6156c162d3bf7f55fd843a7e/prison-pop-1-oct-2021.ods,ods,raw/weekly/6156c162d3bf7f55fd843a7e_prison-pop-1-oct-2021.ods
Population bulletin: weekly 24 September 2021,Prison population figures: 2021,https://assets.publishing.service.gov.uk/media/614d9574e90e077a3078f91c/prison-pop-24-sept-2021.ods,ods,raw/weekly/614d9574e90e077a3078f91c_prison-pop-24-sept-2021.ods
Population bulletin: weekly 17 September 2021,Prison population figures: 2021,https://assets.publishing.service.gov.uk/media/6144476dd3bf7f05b9705181/prison-pop-17-sept-2021.ods,ods,raw/weekly/6144476dd3bf7f05b9705181_prison-pop-17-sept-2021.ods
Population bulletin: weekly 10 September 2021,Prison population figures: 2021,https://assets.publishing.service.gov.uk/media/613b0d2ad3bf7f05ab786446/prison-pop-10-sept-2021.ods,ods,raw/weekly/613b0d2ad3bf7f05ab786446_prison-pop-10-sept-2021.ods
Population bulletin: weekly 3 September 2021,Prison population figures: 2021,https://assets.publishing.service.gov.uk/media/6131d29ee90e07043d565c2c/prison-pop-3-sept-2021.ods,ods,raw/weekly/6131d29ee90e07043d565c2c_prison-pop-3-sept-2021.ods
Population bulletin: weekly 27 August 2021,Prison population figures: 2021,https://assets.publishing.service.gov.uk/media/6128a1658fa8f53dcd3ae90a/PSWEBREPORT.ods,ods,raw/weekly/6128a1658fa8f53dcd3ae90a_PSWEBREPORT.ods
Population bulletin: weekly 20 August 2021,Prison population figures: 2021,https://assets.publishing.service.gov.uk/media/611f63018fa8f53dc994e5e0/prison-pop-20-august-2021.ods,ods,raw/weekly/611f63018fa8f53dc994e5e0_prison-pop-20-august-2021.ods
Population bulletin: weekly: 13 August 2021,Prison population figures: 2021,https://assets.publishing.service.gov.uk/media/6116264de90e070542081be0/prison-pop-13-august-2021.ods,ods,raw/weekly/6116264de90e070542081be0_prison-pop-13-august-2021.ods
Population bulletin: weekly 6 August 2021,Prison population figures: 2021,https://assets.publishing.service.gov.uk/media/610d14ca8fa8f506c3539fec/pop-bulletin-060821.ods,ods,raw/weekly/610d14ca8fa8f506c3539fec_pop-bulletin-060821.ods
Population bulletin: weekly 30 July 2021,Prison population figures: 2021,https://assets.publishing.service.gov.uk/media/6103ed15d3bf7f0452a7a9d5/population-bulletin-300721.ods,ods,raw/weekly/6103ed15d3bf7f0452a7a9d5_population-bulletin-300721.ods
Population bulletin: weekly 23 July 2021,Prison population figures: 2021,https://assets.publishing.service.gov.uk/media/60fa8e23e90e0703ad633495/prison-pop-23-july-2021.ods,ods,raw/weekly/60fa8e23e90e0703ad633495_prison-pop-23-july-2021.ods
Population bulletin: weekly 16 July 2021,Prison population figures: 2021,https://assets.publishing.service.gov.uk/media/60f155fae90e0764d1be2787/prison-pop-16-july-2021.ods,ods,raw/weekly/60f155fae90e0764d1be2787_prison-pop-16-july-2021.ods
Population bulletin: weekly 9 July 2021,Prison population figures: 2021,https://assets.publishing.service.gov.uk/media/60e8020ae90e0764c5938270/prison-pop-9-july-2021.ods,ods,raw/weekly/60e8020ae90e0764c5938270_prison-pop-9-july-2021.ods
Population bulletin: weekly 2 July 2021,Prison population figures: 2021,https://assets.publishing.service.gov.uk/media/60ded6608fa8f50abc106c51/prison-pop-2-july-2021.ods,ods,raw/weekly/60ded6608fa8f50abc106c51_prison-pop-2-july-2021.ods
Population bulletin: weekly 25 June 2021,Prison population figures: 2021,https://assets.publishing.service.gov.uk/media/60d5b066e90e077171968054/prison-pop-25-jun-2021.ods,ods,raw/weekly/60d5b066e90e077171968054_prison-pop-25-jun-2021.ods
Population bulletin: weekly 18 June 2021,Prison population figures: 2021,https://assets.publishing.service.gov.uk/media/60cc9e27d3bf7f4bca6e73de/prison-pop-18-jun-2021.ods,ods,raw/weekly/60cc9e27d3bf7f4bca6e73de_prison-pop-18-jun-2021.ods
Population bulletin: weekly 11 June 2021,Prison population figures: 2021,https://assets.publishing.service.gov.uk/media/60c322b2e90e074397d8c8b2/population-bulletin-110621.ods,ods,raw/weekly/60c322b2e90e074397d8c8b2_population-bulletin-110621.ods
Population bulletin: weekly 4 June 2021,Prison population figures: 2021,https://assets.publishing.service.gov.uk/media/60b9e325e90e0743a02caf67/prison-pop-4-jun-2021.ods,ods,raw/weekly/60b9e325e90e0743a02caf67_prison-pop-4-jun-2021.ods
Population bulletin: weekly 28 May 2021,Prison population figures: 2021,https://assets.publishing.service.gov.uk/media/60b0bde6d3bf7f435b75e260/prison-pop-28-may-2021.ods,ods,raw/weekly/60b0bde6d3bf7f435b75e260_prison-pop-28-may-2021.ods
 Population bulletin: weekly 21 May 2021,Prison population figures: 2021,https://assets.publishing.service.gov.uk/media/60a778fd8fa8f520bec372e6/pop-bull-210521.ods,ods,raw/weekly/60a778fd8fa8f520bec372e6_pop-bull-210521.ods
Population bulletin: weekly 14 May 2021,Prison population figures: 2021,https://assets.publishing.service.gov.uk/media/609e298d8fa8f56a33a3588a/prison-pop-14-may-2021.ods,ods,raw/weekly/609e298d8fa8f56a33a3588a_prison-pop-14-may-2021.ods
Population bulletin: weekly 7 May 2021,Prison population figures: 2021,https://assets.publishing.service.gov.uk/media/6094efdc8fa8f548b0a95f05/prison-pop-7-may-2021.ods,ods,raw/weekly/6094efdc8fa8f548b0a95f05_prison-pop-7-may-2021.ods
Population bulletin: weekly 30 April 2021,Prison population figures: 2021,https://assets.publishing.service.gov.uk/media/608bb7698fa8f51b9988cc39/prison-pop-30-apr-2021.ods,ods,raw/weekly/608bb7698fa8f51b9988cc39_prison-pop-30-apr-2021.ods
Population bulletin: weekly 23 April 2021,Prison population figures: 2021,https://assets.publishing.service.gov.uk/media/60827785e90e076aaaa26e34/prison-pop-23-april-2021.ods,ods,raw/weekly/60827785e90e076aaaa26e34_prison-pop-23-april-2021.ods
Population bulletin: weekly 16 April 2021,Prison population figures: 2021,https://assets.publishing.service.gov.uk/media/607942498fa8f573558cd53a/prison-pop-16-apr-2021.ods,ods,raw/weekly/607942498fa8f573558cd53a_prison-pop-16-apr-2021.ods
Population bulletin: weekly 9 April 2021,Prison population figures: 2021,https://assets.publishing.service.gov.uk/media/60743e45e90e076f57af84c5/prison-pop-9-apr-2021.ods,ods,raw/weekly/60743e45e90e076f57af84c5_prison-pop-9-apr-2021.ods
Population bulletin: weekly 26 March 2021,Prison population figures: 2021,https://assets.publishing.service.gov.uk/media/605d9f31d3bf7f20e4a009c9/prison-pop-26-mar-2021.ods,ods,raw/weekly/605d9f31d3bf7f20e4a009c9_prison-pop-26-mar-2021.ods
Population bulletin: weekly 19 March 2021,Prison population figures: 2021,https://assets.publishing.service.gov.uk/media/60546974d3bf7f2f0e7d0497/prison-pop-19-march-2021.ods,ods,raw/weekly/60546974d3bf7f2f0e7d0497_prison-pop-19-march-2021.ods
Population bulletin: weekly 12 March 2021,Prison population figures: 2021,https://assets.publishing.service.gov.uk/media/604b2f608fa8f505bdfcfc74/prison-pop-12-mar-2021.ods,ods,raw/weekly/604b2f608fa8f505bdfcfc74_prison-pop-12-mar-2021.ods
Population bulletin: weekly 5 March 2021,Prison population figures: 2021,https://assets.publishing.service.gov.uk/media/6041f7c6e90e077dd8d2d35e/prison-pop-5-march-2021.ods,ods,raw/weekly/6041f7c6e90e077dd8d2d35e_prison-pop-5-march-2021.ods
Population bulletin: weekly 26 February 2021,Prison population figures: 2021,https://assets.publishing.service.gov.uk/media/6038bd5cd3bf7f039b78f0a1/prison-pop-26-feb-2021.ods,ods,raw/weekly/6038bd5cd3bf7f039b78f0a1_prison-pop-26-feb-2021.ods
Population bulletin: weekly 19 February 2021,Prison population figures: 2021,https://assets.publishing.service.gov.uk/media/602f7dc9d3bf7f7221aad851/prison-pop-19-feb-2021.ods,ods,raw/weekly/602f7dc9d3bf7f7221aad851_prison-pop-19-feb-2021.ods
Population bulletin: weekly 12 February 2021,Prison population figures: 2021,https://assets.publishing.service.gov.uk/media/6026447e8fa8f50384219383/prison-pop-12-feb-2021.ods,ods,raw/weekly/6026447e8fa8f50384219383_prison-pop-12-feb-2021.ods
Population bulletin: weekly 5 February 2021,Prison population figures: 2021,https://assets.publishing.service.gov.uk/media/601d168a8fa8f5147014321e/prison-pop-5-feb-2021.ods,ods,raw/weekly/601d168a8fa8f5147014321e_prison-pop-5-feb-2021.ods
Population bulletin: weekly 29 January 2021,Prison population figures: 2021,https://assets.publishing.service.gov.uk/media/6013d2eee90e07626489c988/prison-pop-29-jan-2021.ods,ods,raw/weekly/6013d2eee90e07626489c988_prison-pop-29-jan-2021.ods
Population bulletin: weekly 22 January 2021,Prison population figures: 2021,https://assets.publishing.service.gov.uk/media/600a96bc8fa8f52971b7b4ec/prison-pop-22-jan-2021.ods,ods,raw/weekly/600a96bc8fa8f52971b7b4ec_prison-pop-22-jan-2021.ods
Population bulletin: weekly 15 January 2021,Prison population figures: 2021,https://assets.publishing.service.gov.uk/media/600160cce90e0763ab4bc321/prison-pop-15-jan-2021.ods,ods,raw/weekly/600160cce90e0763ab4bc321_prison-pop-15-jan-2021.ods
Population bulletin: weekly 8 January 2021,Prison population figures: 2021,https://assets.publishing.service.gov.uk/media/5ff81d158fa8f56404a5b3b0/prison-population-8-jan-2021.ODS,ods,raw/weekly/5ff81d158fa8f56404a5b3b0_prison-population-8-jan-2021.ODS
Population bulletin: weekly 18 December 2020,Prison population figures: 2020,https://assets.publishing.service.gov.uk/media/5fdc717ce90e07452a1c44d4/population-bulletin-181220.ods,ods,raw/weekly/5fdc717ce90e07452a1c44d4_population-bulletin-181220.ods
Population bulletin: weekly 11 December 2020,Prison population figures: 2020,https://assets.publishing.service.gov.uk/media/5fd340858fa8f54d564af05a/prison-pop-11-dec-2020.ods,ods,raw/weekly/5fd340858fa8f54d564af05a_prison-pop-11-dec-2020.ods
Population bulletin: weekly 4 December 2020,Prison population figures: 2020,https://assets.publishing.service.gov.uk/media/5fc9f758d3bf7f5d08464cae/prison-pop-4-dec-2020.ods,ods,raw/weekly/5fc9f758d3bf7f5d08464cae_prison-pop-4-dec-2020.ods
Population bulletin: weekly 27 November 2020,Prison population figures: 2020,https://assets.publishing.service.gov.uk/media/5fc0c157d3bf7f7f575b42f8/prison-pop-27-nov-2020.ods,ods,raw/weekly/5fc0c157d3bf7f7f575b42f8_prison-pop-27-nov-2020.ods
Population bulletin: weekly 20 November 2020,Prison population figures: 2020,https://assets.publishing.service.gov.uk/media/5fb782a2d3bf7f63dba19004/prison-pop-20-nov-2020.ods,ods,raw/weekly/5fb782a2d3bf7f63dba19004_prison-pop-20-nov-2020.ods
Population bulletin: weekly 13 November 2020,Prison population figures: 2020,https://assets.publishing.service.gov.uk/media/5fae51acd3bf7f037ffc8785/prison-pop-13-nov-2020.ods,ods,raw/weekly/5fae51acd3bf7f037ffc8785_prison-pop-13-nov-2020.ods
Population bulletin: weekly 6 November 2020,Prison population figures: 2020,https://assets.publishing.service.gov.uk/media/5fa50d68d3bf7f03a841cf4d/prison-pop-6-november-2020.ods,ods,raw/weekly/5fa50d68d3bf7f03a841cf4d_prison-pop-6-november-2020.ods
Population bulletin: weekly 30 October 2020,Prison population figures: 2020,https://assets.publishing.service.gov.uk/media/5f9be5228fa8f57f408068e4/population-bulletin-301020.ods,ods,raw/weekly/5f9be5228fa8f57f408068e4_population-bulletin-301020.ods
Population bulletin: weekly 23 October 2020,Prison population figures: 2020,https://assets.publishing.service.gov.uk/media/5f9287ce8fa8f543f5b80e28/prison-pop-23-oct-2020.ods,ods,raw/weekly/5f9287ce8fa8f543f5b80e28_prison-pop-23-oct-2020.ods
Population bulletin: weekly 16 October 2020,Prison population figures: 2020,https://assets.publishing.service.gov.uk/media/5f8959ed8fa8f504218ba2b2/prison-pop-16-oct-2020.ods,ods,raw/weekly/5f8959ed8fa8f504218ba2b2_prison-pop-16-oct-2020.ods
Population bulletin: weekly 9 October 2020,Prison population figures: 2020,https://assets.publishing.service.gov.uk/media/5f8018f0d3bf7f01973929ea/prison-pop-9-oct-2020.ods,ods,raw/weekly/5f8018f0d3bf7f01973929ea_prison-pop-9-oct-2020.ods
Population bulletin: weekly 2 October 2020,Prison population figures: 2020,https://assets.publishing.service.gov.uk/media/5f76e2478fa8f55e2d1f2265/pop-bull-021020.ods,ods,raw/weekly/5f76e2478fa8f55e2d1f2265_pop-bull-021020.ods
Population bulletin: weekly 25 September 2020,Prison population figures: 2020,https://assets.publishing.service.gov.uk/media/5f6da6288fa8f541ea695ab5/prison-pop-25-sept-2020.ods,ods,raw/weekly/5f6da6288fa8f541ea695ab5_prison-pop-25-sept-2020.ods
Population bulletin: weekly 18 September 2020,Prison population figures: 2020,https://assets.publishing.service.gov.uk/media/5f646973d3bf7f72337b6e85/prison-pop-18-sept-2020.ods,ods,raw/weekly/5f646973d3bf7f72337b6e85_prison-pop-18-sept-2020.ods
Population bulletin: weekly 11 September 2020,Prison population figures: 2020,https://assets.publishing.service.gov.uk/media/5f5b2c6fd3bf7f723e21c05a/prison-pop-11-sept-2020.ods,ods,raw/weekly/5f5b2c6fd3bf7f723e21c05a_prison-pop-11-sept-2020.ods
Population bulletin: weekly 4 September 2020,Prison population figures: 2020,https://assets.publishing.service.gov.uk/media/5f51f1388fa8f535bc031882/prison-pop-4-sept-2020.ods,ods,raw/weekly/5f51f1388fa8f535bc031882_prison-pop-4-sept-2020.ods
Population bulletin: weekly 28 August 2020,Prison population figures: 2020,https://assets.publishing.service.gov.uk/media/5f48cd7ae90e071c78ff7992/prison-pop-28-aug-2020.ods,ods,raw/weekly/5f48cd7ae90e071c78ff7992_prison-pop-28-aug-2020.ods
Population bulletin: weekly 21 August 2020,Prison population figures: 2020,https://assets.publishing.service.gov.uk/media/5f3f84fed3bf7f39255984d6/prison-pop-21-aug-2020.ods,ods,raw/weekly/5f3f84fed3bf7f39255984d6_prison-pop-21-aug-2020.ods
Population bulletin: weekly 14 August 2020,Prison population figures: 2020,https://assets.publishing.service.gov.uk/media/5f364a50d3bf7f1b0fa7a10e/prison-pop-14-aug-2020.ods,ods,raw/weekly/5f364a50d3bf7f1b0fa7a10e_prison-pop-14-aug-2020.ods
Population bulletin: weekly 7 August 2020,Prison population figures: 2020,https://assets.publishing.service.gov.uk/media/5f2d0e5ee90e0732e2d7c9d1/Population-_bulletin-07082020.ods,ods,raw/weekly/5f2d0e5ee90e0732e2d7c9d1_Population-_bulletin-07082020.ods
Population bulletin: weekly 31 July 2020,Prison population figures: 2020,https://assets.publishing.service.gov.uk/media/5f23eafb8fa8f57ac14f6922/population-bulletin-310720.ods,ods,raw/weekly/5f23eafb8fa8f57ac14f6922_population-bulletin-310720.ods
Population bulletin: weekly 24 July 2020,Prison population figures: 2020,https://assets.publishing.service.gov.uk/media/5f1a9300e90e074565a7adc0/population-bulletin-240720.ods,ods,raw/weekly/5f1a9300e90e074565a7adc0_population-bulletin-240720.ods
Population bulletin: weekly 17 July 2020,Prison population figures: 2020,https://assets.publishing.service.gov.uk/media/5f1161b1d3bf7f5baca6e4b8/prison-pop-17-jul-2020.ods,ods,raw/weekly/5f1161b1d3bf7f5baca6e4b8_prison-pop-17-jul-2020.ods
Population bulletin: weekly 10 July 2020,Prison population figures: 2020,https://assets.publishing.service.gov.uk/media/5f082460d3bf7f2bf33fa2bd/prison-pop-10-jul-2020.ods,ods,raw/weekly/5f082460d3bf7f2bf33fa2bd_prison-pop-10-jul-2020.ods
Population bulletin: weekly 3 July 2020,Prison population figures: 2020,https://assets.publishing.service.gov.uk/media/5efee8fad3bf7f769d269602/prison-pop-03-jul-2020.ods,ods,raw/weekly/5efee8fad3bf7f769d269602_prison-pop-03-jul-2020.ods
Population bulletin: weekly 26 June 2020,Prison population figures: 2020,https://assets.publishing.service.gov.uk/media/5ef5ac7486650c1295cb5ec7/prison-pop-26-jun-2020.ods,ods,raw/weekly/5ef5ac7486650c1295cb5ec7_prison-pop-26-jun-2020.ods
Population bulletin: weekly 19 June 2020,Prison population figures: 2020,https://assets.publishing.service.gov.uk/media/5eec74a086650c2d2b4b9fce/prison-pop-19-jun-2020.ods,ods,raw/weekly/5eec74a086650c2d2b4b9fce_prison-pop-19-jun-2020.ods
Population bulletin: weekly 12 June 2020,Prison population figures: 2020,https://assets.publishing.service.gov.uk/media/5ee33cd7d3bf7f1ebbaab89a/prison-pop-12-june-2020.ods,ods,raw/weekly/5ee33cd7d3bf7f1ebbaab89a_prison-pop-12-june-2020.ods
Population bulletin: weekly 5 June 2020,Prison population figures: 2020,https://assets.publishing.service.gov.uk/media/5ed9fd92e90e071b7a39a652/prison-pop-5-jun-2020.ods,ods,raw/weekly/5ed9fd92e90e071b7a39a652_prison-pop-5-jun-2020.ods
Population bulletin: weekly 29 May 2020,Prison population figures: 2020,https://assets.publishing.service.gov.uk/media/5ed0c40ce90e0754d3f5eeb3/prison-pop-29-may-2020.ods,ods,raw/weekly/5ed0c40ce90e0754d3f5eeb3_prison-pop-29-may-2020.ods
Population bulletin: weekly 22 May 2020,Prison population figures: 2020,https://assets.publishing.service.gov.uk/media/5ec788c086650c76ab17fbee/prison-pop-22-may-2020.ods,ods,raw/weekly/5ec788c086650c76ab17fbee_prison-pop-22-may-2020.ods
Population bulletin: weekly 15 May 2020,Prison population figures: 2020,https://assets.publishing.service.gov.uk/media/5ebe4f7e86650c279a4c1d36/prison-pop-15-may-2020.ods,ods,raw/weekly/5ebe4f7e86650c279a4c1d36_prison-pop-15-may-2020.ods
Population bulletin: weekly 1 May 2020,Prison population figures: 2020,https://assets.publishing.service.gov.uk/media/5eabeb22e90e0723b766f2c8/prison-population-1-may-2020.ods,ods,raw/weekly/5eabeb22e90e0723b766f2c8_prison-population-1-may-2020.ods
Population bulletin: weekly 24 April 2020,Prison population figures: 2020,https://assets.publishing.service.gov.uk/media/5ea2a349e90e0704930d8a78/prison-pop-24-apr-2020.ods,ods,raw/weekly/5ea2a349e90e0704930d8a78_prison-pop-24-apr-2020.ods
Population bulletin: weekly 17 April 2020,Prison population figures: 2020,https://assets.publishing.service.gov.uk/media/5e997f68e90e070494e34c0e/prison-pop-17-apr-2020.ods,ods,raw/weekly/5e997f68e90e070494e34c0e_prison-pop-17-apr-2020.ods
Population bulletin: weekly 3 April 2020,Prison population figures: 2020,https://assets.publishing.service.gov.uk/media/5e86f2a5d3bf7f134447dfeb/prison-pop-3-apr-2020.ods,ods,raw/weekly/5e86f2a5d3bf7f134447dfeb_prison-pop-3-apr-2020.ods
Population bulletin: weekly 27 March 2020,Prison population figures: 2020,https://assets.publishing.service.gov.uk/media/5e7dbae2e90e0706fc3ffa10/prison-pop-27-mar-2020.ods,ods,raw/weekly/5e7dbae2e90e0706fc3ffa10_prison-pop-27-mar-2020.ods
Population bulletin: weekly 20 March 2020,Prison population figures: 2020,https://assets.publishing.service.gov.uk/media/5e74807586650c2974485745/prison-pop-20-march-2020.ods,ods,raw/weekly/5e74807586650c2974485745_prison-pop-20-march-2020.ods
Population bulletin: weekly 13 March 2020,Prison population figures: 2020,https://assets.publishing.service.gov.uk/media/5e6b44e5e90e070aca43cc10/prison-pop-13-mar-2020.ods,ods,raw/weekly/5e6b44e5e90e070aca43cc10_prison-pop-13-mar-2020.ods
Population bulletin: weekly 6 March 2020,Prison population figures: 2020,https://assets.publishing.service.gov.uk/media/5e620d6886650c513af6097a/prison-pop-6-mar-2020.ods,ods,raw/weekly/5e620d6886650c513af6097a_prison-pop-6-mar-2020.ods
Population bulletin: weekly 28 February 2020,Prison population figures: 2020,https://assets.publishing.service.gov.uk/media/5e58cc9ae90e07110d39be1a/prison-pop-28-feb-2020.ods,ods,raw/weekly/5e58cc9ae90e07110d39be1a_prison-pop-28-feb-2020.ods
Population bulletin: weekly 21 February 2020,Prison population figures: 2020,https://assets.publishing.service.gov.uk/media/5e4f9f9dd3bf7f394161f856/prison-pop-21-feb-2020.ods,ods,raw/weekly/5e4f9f9dd3bf7f394161f856_prison-pop-21-feb-2020.ods
Population bulletin: weekly 14 February 2020,Prison population figures: 2020,https://assets.publishing.service.gov.uk/media/5e4664dfed915d4ffbb68d55/prison-pop-14-feb-2020.ods,ods,raw/weekly/5e4664dfed915d4ffbb68d55_prison-pop-14-feb-2020.ods
Population bulletin: weekly 7 February 2020,Prison population figures: 2020,https://assets.publishing.service.gov.uk/media/5e3d3980e5274a08e1d092a0/prison-pop-7-feb-2020.ods,ods,raw/weekly/5e3d3980e5274a08e1d092a0_prison-pop-7-feb-2020.ods
Population bulletin: weekly 31 January 2020,Prison population figures: 2020,https://assets.publishing.service.gov.uk/media/5e33e7d1e5274a08f0fec3bd/prison-pop-31-jan-2020.ods,ods,raw/weekly/5e33e7d1e5274a08f0fec3bd_prison-pop-31-jan-2020.ods
Population bulletin: weekly 24 January 2020,Prison population figures: 2020,https://assets.publishing.service.gov.uk/media/5e2ab0feed915d1f28fe88b9/prison-pop-24-jan-2020.ods,ods,raw/weekly/5e2ab0feed915d1f28fe88b9_prison-pop-24-jan-2020.ods
Population bulletin: weekly 17 January 2020,Prison population figures: 2020,https://assets.publishing.service.gov.uk/media/5e217a8f40f0b62c4b0f09d5/prison-population-17-january-2020.ods,ods,raw/weekly/5e217a8f40f0b62c4b0f09d5_prison-population-17-january-2020.ods
Population bulletin: weekly 10 January 2020,Prison population figures: 2020,https://assets.publishing.service.gov.uk/media/5e183acbed915d3b0a02673d/prison-pop-10-jan-2020.ods,ods,raw/weekly/5e183acbed915d3b0a02673d_prison-pop-10-jan-2020.ods
Population bulletin: weekly 03 January 2020,Prison population figures: 2020,https://assets.publishing.service.gov.uk/media/5e0f048fed915d6a952c0156/pop-bull-030120.ods,ods,raw/weekly/5e0f048fed915d6a952c0156_pop-bull-030120.ods
Population bulletin: weekly 27 December 2019,Prison population figures: 2019,https://assets.publishing.service.gov.uk/media/5e05cc4fe5274a3483e59977/prison_pop_27_December.ods,ods,raw/weekly/5e05cc4fe5274a3483e59977_prison_pop_27_December.ods
Population bulletin: weeky 20 December 2019,Prison population figures: 2019,https://assets.publishing.service.gov.uk/media/5dfc93cce5274a34128a4a02/prison-pop-20-dec-2019.ods,ods,raw/weekly/5dfc93cce5274a34128a4a02_prison-pop-20-dec-2019.ods
Population bulletin: weeky 13 December 2019,Prison population figures: 2019,https://assets.publishing.service.gov.uk/media/5df35c4740f0b60950ba82f9/prison-pop-13-dec-2019.ods,ods,raw/weekly/5df35c4740f0b60950ba82f9_prison-pop-13-dec-2019.ods
Population bulletin: weekly 6 December 2019,Prison population figures: 2019,https://assets.publishing.service.gov.uk/media/5dea1c8ded915d09dde01ea6/prison-pop-061219.ods,ods,raw/weekly/5dea1c8ded915d09dde01ea6_prison-pop-061219.ods
Population bulletin: weekly 29 November 2019,Prison population figures: 2019,https://assets.publishing.service.gov.uk/media/5de0e091ed915d0167331d07/prison-pop-29-nov-2019.ods,ods,raw/weekly/5de0e091ed915d0167331d07_prison-pop-29-nov-2019.ods
Population bulletin: weekly 22 November 2019,Prison population figures: 2019,https://assets.publishing.service.gov.uk/media/5dd7a51540f0b650da54c4fa/prison-pop-22-november-2019.ods,ods,raw/weekly/5dd7a51540f0b650da54c4fa_prison-pop-22-november-2019.ods
Population bulletin: weekly 15 November 2019,Prison population figures: 2019,https://assets.publishing.service.gov.uk/media/5dce6e1040f0b608cad4dae4/prison-pop-15-nov-2019.ods,ods,raw/weekly/5dce6e1040f0b608cad4dae4_prison-pop-15-nov-2019.ods
Population bulletin: weekly 8 November 2019,Prison population figures: 2019,https://assets.publishing.service.gov.uk/media/5dc53146ed915d3955db7881/prison-pop-08-nov-2019.ods,ods,raw/weekly/5dc53146ed915d3955db7881_prison-pop-08-nov-2019.ods
Population bulletin: weekly 1 November 2019,Prison population figures: 2019,https://assets.publishing.service.gov.uk/media/5dbbf2c4e5274a4aa3db0782/prison-pop-1-nov-2019.ods,ods,raw/weekly/5dbbf2c4e5274a4aa3db0782_prison-pop-1-nov-2019.ods
Population bulletin: weekly 25 October 2019,Prison population figures: 2019,https://assets.publishing.service.gov.uk/media/5db2adb740f0b609d12d3c8b/prison-pop-25-oct-2019.ods,ods,raw/weekly/5db2adb740f0b609d12d3c8b_prison-pop-25-oct-2019.ods
Population bulletin: weekly 18 October 2019,Prison population figures: 2019,https://assets.publishing.service.gov.uk/media/5da96de9e5274a5caf317213/prison-pop-18-oct-2019.ods,ods,raw/weekly/5da96de9e5274a5caf317213_prison-pop-18-oct-2019.ods
Population bulletin: weekly 11 October 2019,Prison population figures: 2019,https://assets.publishing.service.gov.uk/media/5da0323540f0b607f3e679d8/prison-pop-11-october-2019.ods,ods,raw/weekly/5da0323540f0b607f3e679d8_prison-pop-11-october-2019.ods
Population bulletin: weekly 4 October 2019,Prison population figures: 2019,https://assets.publishing.service.gov.uk/media/5d96f6b7e5274a5a243406c4/prison-pop-4-oct-2019.ods,ods,raw/weekly/5d96f6b7e5274a5a243406c4_prison-pop-4-oct-2019.ods
Population bulletin: weekly 27 September 2019,Prison population figures: 2019,https://assets.publishing.service.gov.uk/media/5d8dc06ee5274a2fb5fff098/prison-pop-27-sept-2019.ods,ods,raw/weekly/5d8dc06ee5274a2fb5fff098_prison-pop-27-sept-2019.ods
Population bulletin: weekly 20 September 2019,Prison population figures: 2019,https://assets.publishing.service.gov.uk/media/5d84822ced915d51e8634d07/prison-pop-20-sept-2019.ods,ods,raw/weekly/5d84822ced915d51e8634d07_prison-pop-20-sept-2019.ods
Population bulletin: weekly 13 September 2019,Prison population figures: 2019,https://assets.publishing.service.gov.uk/media/5d7b4789e5274a20381543ff/prison-pop-13-sept-2019.ods,ods,raw/weekly/5d7b4789e5274a20381543ff_prison-pop-13-sept-2019.ods
Population bulletin: weekly 6 September 2019,Prison population figures: 2019,https://assets.publishing.service.gov.uk/media/5d720d68ed915d08ffa9d779/prison-pop-6-sept-2019.ods,ods,raw/weekly/5d720d68ed915d08ffa9d779_prison-pop-6-sept-2019.ods
Population bulletin: weekly 30 August 2019,Prison population figures: 2019,https://assets.publishing.service.gov.uk/media/5d68d490e5274a1711fbe65e/prison-pop-30-aug-2019.ods,ods,raw/weekly/5d68d490e5274a1711fbe65e_prison-pop-30-aug-2019.ods
Population bulletin: weekly 23 August 2019,Prison population figures: 2019,https://assets.publishing.service.gov.uk/media/5d5f965bed915d53b2a72834/prison-pop-23-aug-2019.ods,ods,raw/weekly/5d5f965bed915d53b2a72834_prison-pop-23-aug-2019.ods
Population bulletin: weekly 16 August 2019,Prison population figures: 2019,https://assets.publishing.service.gov.uk/media/5d565f83e5274a07640aefa9/prison-pop-16-aug-2019.ods,ods,raw/weekly/5d565f83e5274a07640aefa9_prison-pop-16-aug-2019.ods
Population bulletin: weekly 9 August 2019,Prison population figures: 2019,https://assets.publishing.service.gov.uk/media/5d4d2c9fed915d71900c52d3/prison-pop-9-aug-2019.ods,ods,raw/weekly/5d4d2c9fed915d71900c52d3_prison-pop-9-aug-2019.ods
Population bulletin: weekly 2 August 2019,Prison population figures: 2019,https://assets.publishing.service.gov.uk/media/5d440080ed915d705df4cd5e/prison-population-bulletin-02082019.ods,ods,raw/weekly/5d440080ed915d705df4cd5e_prison-population-bulletin-02082019.ods
Population bulletin: weekly 26 July 2019,Prison population figures: 2019,https://assets.publishing.service.gov.uk/media/5d3ac42940f0b604e4272a32/population-bulletin-26072019.ods,ods,raw/weekly/5d3ac42940f0b604e4272a32_population-bulletin-26072019.ods
Population bulletin: weekly 19 July 2019,Prison population figures: 2019,https://assets.publishing.service.gov.uk/media/5d3184f1e5274a14f41d28ce/prison-population-19072019.ods,ods,raw/weekly/5d3184f1e5274a14f41d28ce_prison-population-19072019.ods
Population bulletin: weekly 12 July 2019,Prison population figures: 2019,https://assets.publishing.service.gov.uk/media/5d285ea9ed915d69013fbc24/ps-web-report-120719.ods,ods,raw/weekly/5d285ea9ed915d69013fbc24_ps-web-report-120719.ods
Population bulletin: weekly 5 July 2019,Prison population figures: 2019,https://assets.publishing.service.gov.uk/media/5d1f056ae5274a08cf8aaec2/prison-pop-5-july-2019.ods,ods,raw/weekly/5d1f056ae5274a08cf8aaec2_prison-pop-5-july-2019.ods
Population bulletin: weekly 28 June 2019,Prison population figures: 2019,https://assets.publishing.service.gov.uk/media/5d15cbe5e5274a0662da52cd/prison-pop-28-june-2019.ods,ods,raw/weekly/5d15cbe5e5274a0662da52cd_prison-pop-28-june-2019.ods
Population bulletin: weekly 21 June 2019,Prison population figures: 2019,https://assets.publishing.service.gov.uk/media/5d0c8cb540f0b6200184b64a/prison-pop-21-jun-2019.ods,ods,raw/weekly/5d0c8cb540f0b6200184b64a_prison-pop-21-jun-2019.ods
Population bulletin: weekly 14 June 2019,Prison population figures: 2019,https://assets.publishing.service.gov.uk/media/5d0352e0e5274a0b7ba05a06/prison-pop-14-june-2019.ods,ods,raw/weekly/5d0352e0e5274a0b7ba05a06_prison-pop-14-june-2019.ods
Population bulletin: weekly 7 June 2019,Prison population figures: 2019,https://assets.publishing.service.gov.uk/media/5cfa18b2ed915d737191e73e/prison-pop-7-june-2019.ods,ods,raw/weekly/5cfa18b2ed915d737191e73e_prison-pop-7-june-2019.ods
Population bulletin: weekly 31 May 2019,Prison population figures: 2019,https://assets.publishing.service.gov.uk/media/5cf0e2caed915d7e774b1491/prison-pop-31-may-2019.ods,ods,raw/weekly/5cf0e2caed915d7e774b1491_prison-pop-31-may-2019.ods
Population bulletin: weekly 24 May 2019,Prison population figures: 2019,https://assets.publishing.service.gov.uk/media/5ce7af08e5274a487d6700e2/prison-pop-24-may-2019.ods,ods,raw/weekly/5ce7af08e5274a487d6700e2_prison-pop-24-may-2019.ods
Population bulletin: weekly 17 May 2019,Prison population figures: 2019,https://assets.publishing.service.gov.uk/media/5cde767a40f0b652ba4721ec/prison-pop-17-may-2019.ods,ods,raw/weekly/5cde767a40f0b652ba4721ec_prison-pop-17-may-2019.ods
Population bulletin: weekly 10 May 2019,Prison population figures: 2019,https://assets.publishing.service.gov.uk/media/5cd52b67e5274a3fce8274d7/prison-pop-10-may-2019.ods,ods,raw/weekly/5cd52b67e5274a3fce8274d7_prison-pop-10-may-2019.ods
Population bulletin: weekly 3 May 2019,Prison population figures: 2019,https://assets.publishing.service.gov.uk/media/5ccc02b5ed915d50c3d25308/prison-pop-3-may-2019.ods,ods,raw/weekly/5ccc02b5ed915d50c3d25308_prison-pop-3-may-2019.ods
Population bulletin: weekly 26 April 2019,Prison population figures: 2019,https://assets.publishing.service.gov.uk/media/5cc2bc62e5274a466e0a6c8f/prison-pop-26-april-2019.ods,ods,raw/weekly/5cc2bc62e5274a466e0a6c8f_prison-pop-26-april-2019.ods
Population bulletin: weekly 12 April 2019,Prison population figures: 2019,https://assets.publishing.service.gov.uk/media/5cb04b0ee5274a59cc195a0c/prison-pop-12-apr-2019.ods,ods,raw/weekly/5cb04b0ee5274a59cc195a0c_prison-pop-12-apr-2019.ods
Population bulletin: weekly 5 April 2019,Prison population figures: 2019,https://assets.publishing.service.gov.uk/media/5ca70e4640f0b60a35090e89/prison-pop-5-apr-2019.ods,ods,raw/weekly/5ca70e4640f0b60a35090e89_prison-pop-5-apr-2019.ods
Population bulletin: weekly 29 March 2019,Prison population figures: 2019,https://assets.publishing.service.gov.uk/media/5c9ddde440f0b633fe11d31a/prison-pop-29-march-2019.ods,ods,raw/weekly/5c9ddde440f0b633fe11d31a_prison-pop-29-march-2019.ods
Population bulletin: weekly 22 March 2019,Prison population figures: 2019,https://assets.publishing.service.gov.uk/media/5c94a1d0ed915d07adf5c239/prison-pop-22-march-2019.ods,ods,raw/weekly/5c94a1d0ed915d07adf5c239_prison-pop-22-march-2019.ods
Population bulletin: weekly 8 March 2019,Prison population figures: 2019,https://assets.publishing.service.gov.uk/media/5c8258f8ed915d07cefd9336/ps-web-report-8-mar-2019.ods,ods,raw/weekly/5c8258f8ed915d07cefd9336_ps-web-report-8-mar-2019.ods
Population bulletin: weekly 1 March 2019,Prison population figures: 2019,https://assets.publishing.service.gov.uk/media/5c78f818ed915d29eb6a0051/prison-pop-1-march-2019.ods,ods,raw/weekly/5c78f818ed915d29eb6a0051_prison-pop-1-march-2019.ods
Population bulletin: weekly 22 February 2019,Prison population figures: 2019,https://assets.publishing.service.gov.uk/media/5c6fb8eee5274a0ec04b448d/prison-population-22-feb-2019.ods,ods,raw/weekly/5c6fb8eee5274a0ec04b448d_prison-population-22-feb-2019.ods
Population bulletin: weekly 15 February 2019,Prison population figures: 2019,https://assets.publishing.service.gov.uk/media/5c667cdd40f0b61a24d12ef8/prison-population-15-feb-2019.ods,ods,raw/weekly/5c667cdd40f0b61a24d12ef8_prison-population-15-feb-2019.ods
Population bulletin: weekly 8 February 2019,Prison population figures: 2019,https://assets.publishing.service.gov.uk/media/5c5d54ca40f0b676c362b4fd/prison-pop-8-feb-2019.ods,ods,raw/weekly/5c5d54ca40f0b676c362b4fd_prison-pop-8-feb-2019.ods
Population bulletin: weekly 1 February 2019,Prison population figures: 2019,https://assets.publishing.service.gov.uk/media/5c541321e5274a492645fde6/prison-pop-1-feb-2019.ods,ods,raw/weekly/5c541321e5274a492645fde6_prison-pop-1-feb-2019.ods
Population bulletin: weekly 25 January 2019,Prison population figures: 2019,https://assets.publishing.service.gov.uk/media/5c4adb7640f0b616fe901ea4/prison-pop-25-jan-2019.ods,ods,raw/weekly/5c4adb7640f0b616fe901ea4_prison-pop-25-jan-2019.ods
Population bulletin: weekly 18 January 2019,Prison population figures: 2019,https://assets.publishing.service.gov.uk/media/5c41980740f0b61720ae82a9/prison-pop-18-jan-2019.ods,ods,raw/weekly/5c41980740f0b61720ae82a9_prison-pop-18-jan-2019.ods
Population bulletin: weekly 11 January 2019,Prison population figures: 2019,https://assets.publishing.service.gov.uk/media/5c385fdee5274a70cd61fc09/prison-pop-11-january-2019.ods,ods,raw/weekly/5c385fdee5274a70cd61fc09_prison-pop-11-january-2019.ods
Population bulletin: weekly 4 January 2019,Prison population figures: 2019,https://assets.publishing.service.gov.uk/media/5c2f29e0e5274a65960a3294/prison-pop-4-january-2019.ods,ods,raw/weekly/5c2f29e0e5274a65960a3294_prison-pop-4-january-2019.ods
Population bulletin: weekly 15 March 2019,Prison population figures: 2019,https://assets.publishing.service.gov.uk/media/5c8b6380ed915d5c0e2d6247/prison-pop-15-march-2019.ods,ods,raw/weekly/5c8b6380ed915d5c0e2d6247_prison-pop-15-march-2019.ods
Population bulletin: weekly 28 December 2018,Prison population figures: 2018,https://assets.publishing.service.gov.uk/media/5c25e91ee5274a65c47cdd7a/prison-pop-28-dec-2018.ods,ods,raw/weekly/5c25e91ee5274a65c47cdd7a_prison-pop-28-dec-2018.ods
Population bulletin: weekly 21 December 2018,Prison population figures: 2018,https://assets.publishing.service.gov.uk/media/5c1ca8a6e5274a6599225d66/prison-pop-21-dec-2018.ods,ods,raw/weekly/5c1ca8a6e5274a6599225d66_prison-pop-21-dec-2018.ods
Population bulletin: weekly 14 December 2018,Prison population figures: 2018,https://assets.publishing.service.gov.uk/media/5c136ef2e5274a0bcac5f8f3/prison-pop-14-dec-2018.ods,ods,raw/weekly/5c136ef2e5274a0bcac5f8f3_prison-pop-14-dec-2018.ods
Populaton bulletin: weekly December 7 2018,Prison population figures: 2018,https://assets.publishing.service.gov.uk/media/5c0a374c40f0b67087c003e0/prison-pop-7-dec-2018.ods,ods,raw/weekly/5c0a374c40f0b67087c003e0_prison-pop-7-dec-2018.ods
Population bulletin: weekly 30 November 2018,Prison population figures: 2018,https://assets.publishing.service.gov.uk/media/5c00ff3eed915d11a41d246c/prison-population-30-nov-2018.ods,ods,raw/weekly/5c00ff3eed915d11a41d246c_prison-population-30-nov-2018.ods
Population bulletin: weekly 23 November 2018,Prison population figures: 2018,https://assets.publishing.service.gov.uk/media/5bf7bfade5274a3b30beee67/prison-pop-23-nov-2018.ods,ods,raw/weekly/5bf7bfade5274a3b30beee67_prison-pop-23-nov-2018.ods
Population bulletin: weekly 16 November 2018,Prison population figures: 2018,https://assets.publishing.service.gov.uk/media/5bee871940f0b667a46ce0f6/prison-pop-16-nov-2018.ods,ods,raw/weekly/5bee871940f0b667a46ce0f6_prison-pop-16-nov-2018.ods
Population bulletin: weekly 9 November 2018,Prison population figures: 2018,https://assets.publishing.service.gov.uk/media/5be565de40f0b6679b8f9be2/prison-pop-9-nov-2018.ods,ods,raw/weekly/5be565de40f0b6679b8f9be2_prison-pop-9-nov-2018.ods
Population bulletin: weekly 2 November 2018,Prison population figures: 2018,https://assets.publishing.service.gov.uk/media/5bdc15e040f0b604cbff2368/prison-pop-2-nov-2018.ods,ods,raw/weekly/5bdc15e040f0b604cbff2368_prison-pop-2-nov-2018.ods
Population bulletin: weekly 26 October 2018,Prison population figures: 2018,https://assets.publishing.service.gov.uk/media/5bd2cc06e5274a6e3cff0cd6/prison-pop-26-october-2018.ods,ods,raw/weekly/5bd2cc06e5274a6e3cff0cd6_prison-pop-26-october-2018.ods
Population bulletin: weekly 19 October 2018,Prison population figures: 2018,https://assets.publishing.service.gov.uk/media/5bc9a3dde5274a092d1c5350/prison-pop-19-october-2018.ods,ods,raw/weekly/5bc9a3dde5274a092d1c5350_prison-pop-19-october-2018.ods
Population bulletin: weekly 12 October 2018,Prison population figures: 2018,https://assets.publishing.service.gov.uk/media/5bc9a3c840f0b649108dc5b0/prison-pop-12-october-2018.ods,ods,raw/weekly/5bc9a3c840f0b649108dc5b0_prison-pop-12-october-2018.ods
Population bulletin: weekly 5 October 2018,Prison population figures: 2018,https://assets.publishing.service.gov.uk/media/5bb760a140f0b664d02f4566/prison-pop-05-oct-2018.ods,ods,raw/weekly/5bb760a140f0b664d02f4566_prison-pop-05-oct-2018.ods
Population bulletin: weekly 28 September 2018,Prison population figures: 2018,https://assets.publishing.service.gov.uk/media/5bade2b940f0b62dd732c4a9/prison-pop-28-sept-2018.ods,ods,raw/weekly/5bade2b940f0b62dd732c4a9_prison-pop-28-sept-2018.ods
Population bulletin: weekly 21 September 2018,Prison population figures: 2018,https://assets.publishing.service.gov.uk/media/5ba4a57be5274a54d5c39c02/prison-pop-21-september-2018.ods,ods,raw/weekly/5ba4a57be5274a54d5c39c02_prison-pop-21-september-2018.ods
Population bulletin: weekly 14 September 2018,Prison population figures: 2018,https://assets.publishing.service.gov.uk/media/5b9b8c7b40f0b6788dda2bcc/prison-pop-14-sept-2018.ods,ods,raw/weekly/5b9b8c7b40f0b6788dda2bcc_prison-pop-14-sept-2018.ods
Population bulletin: weekly 7 September 2018,Prison population figures: 2018,https://assets.publishing.service.gov.uk/media/5b922ec8e5274a426fa1cf88/Prison-pop-stats-7-september.ods,ods,raw/weekly/5b922ec8e5274a426fa1cf88_Prison-pop-stats-7-september.ods
Population bulletin: weekly 31 August 2018,Prison population figures: 2018,https://assets.publishing.service.gov.uk/media/5b88f647ed915d5ab7e47499/prison-pop-31-august-2018.ods,ods,raw/weekly/5b88f647ed915d5ab7e47499_prison-pop-31-august-2018.ods
Population bulletin: weekly 24 August 2018,Prison population figures: 2018,https://assets.publishing.service.gov.uk/media/5b7fc2bb40f0b64350cbf87f/prison-population-24-aug-2018.ods,ods,raw/weekly/5b7fc2bb40f0b64350cbf87f_prison-population-24-aug-2018.ods
Population bulletin: weekly 17 August 2018,Prison population figures: 2018,https://assets.publishing.service.gov.uk/media/5b768d49e5274a44da560e6c/prison-pop-17-aug-2018.ods,ods,raw/weekly/5b768d49e5274a44da560e6c_prison-pop-17-aug-2018.ods
Population bulletin: weekly 10 August 2018,Prison population figures: 2018,https://assets.publishing.service.gov.uk/media/5b6d4a71e5274a2997b49ffb/prison-pop-10-aug-2018.ods,ods,raw/weekly/5b6d4a71e5274a2997b49ffb_prison-pop-10-aug-2018.ods
Population bulletin: weekly 3 August 2018,Prison population figures: 2018,https://assets.publishing.service.gov.uk/media/5b640b2640f0b6359c47c8d2/prison-pop-3-august-2018.ods,ods,raw/weekly/5b640b2640f0b6359c47c8d2_prison-pop-3-august-2018.ods
Population bulletin: weekly 27 July,Prison population figures: 2018,https://assets.publishing.service.gov.uk/media/5b5adb36e5274a3fec9798d3/prison_pop_27_july_2018.ods,ods,raw/weekly/5b5adb36e5274a3fec9798d3_prison_pop_27_july_2018.ods
Population bulletin: weekly 20 July,Prison population figures: 2018,https://assets.publishing.service.gov.uk/media/5b51935240f0b61857aa39f2/prison_pop_20_july_2018.ods,ods,raw/weekly/5b51935240f0b61857aa39f2_prison_pop_20_july_2018.ods
Population bulletin: weekly 13 July 2018,Prison population figures: 2018,https://assets.publishing.service.gov.uk/media/5b4865d240f0b6634e54635f/prison_pop_13_july_2018.ods,ods,raw/weekly/5b4865d240f0b6634e54635f_prison_pop_13_july_2018.ods
Population bulletin: weekly 6 July 2018,Prison population figures: 2018,https://assets.publishing.service.gov.uk/media/5b3f3244ed915d39f4d041ab/prison_pop_6_July_2018_.ods,ods,raw/weekly/5b3f3244ed915d39f4d041ab_prison_pop_6_July_2018_.ods
Population bulletin: weekly 29 June 2018,Prison population figures: 2018,https://assets.publishing.service.gov.uk/media/5b35e747e5274a0c104d933a/prison-pop-29-june-2018.ods,ods,raw/weekly/5b35e747e5274a0c104d933a_prison-pop-29-june-2018.ods
Population bulletin: weekly 22 June 2018,Prison population figures: 2018,https://assets.publishing.service.gov.uk/media/5b2cb3ece5274a55dc9b0228/prison-pop-22-june-2018.ods,ods,raw/weekly/5b2cb3ece5274a55dc9b0228_prison-pop-22-june-2018.ods
Population bulletin: weekly 15 June 2018,Prison population figures: 2018,https://assets.publishing.service.gov.uk/media/5b237650ed915d2cc38016a0/prison-pop-15-june-2018.ods,ods,raw/weekly/5b237650ed915d2cc38016a0_prison-pop-15-june-2018.ods
Population bulletin: weekly 8 June 2018,Prison population figures: 2018,https://assets.publishing.service.gov.uk/media/5b1a3320ed915d2cb4e19153/prison-pop-8-june-2018.ods,ods,raw/weekly/5b1a3320ed915d2cb4e19153_prison-pop-8-june-2018.ods
Population bulletin: weekly 1 June 2018,Prison population figures: 2018,https://assets.publishing.service.gov.uk/media/5b10fa87e5274a18fa9d38cd/prison-pop-1-june-2018.ods,ods,raw/weekly/5b10fa87e5274a18fa9d38cd_prison-pop-1-june-2018.ods
Population bulletin: weekly 25 May 2018,Prison population figures: 2018,https://assets.publishing.service.gov.uk/media/5b07dae940f0b61eab912047/prison-pop-25-may-2018.ods,ods,raw/weekly/5b07dae940f0b61eab912047_prison-pop-25-may-2018.ods
Population bulletin: weekly 18 May 2018,Prison population figures: 2018,https://assets.publishing.service.gov.uk/media/5afe85fbe5274a5fe76c4ec8/prison-pop-18-may-2018.ods,ods,raw/weekly/5afe85fbe5274a5fe76c4ec8_prison-pop-18-may-2018.ods
Population bulletin: weekly 11 May 2018,Prison population figures: 2018,https://assets.publishing.service.gov.uk/media/5af5527840f0b622e060e1e1/prison-pop-11-may-2018.ods,ods,raw/weekly/5af5527840f0b622e060e1e1_prison-pop-11-may-2018.ods
Population bulletin: weekly 4 May 2018,Prison population figures: 2018,https://assets.publishing.service.gov.uk/media/5aec17cded915d42f42b624e/prison-pop-4-may-20118.ods,ods,raw/weekly/5aec17cded915d42f42b624e_prison-pop-4-may-20118.ods
Population bulletin: weekly 27 April 2018,Prison population figures: 2018,https://assets.publishing.service.gov.uk/media/5ae2d96eed915d42f42b5e6f/prison-pop-27-apr-2018.ods,ods,raw/weekly/5ae2d96eed915d42f42b5e6f_prison-pop-27-apr-2018.ods
Population bulletin: weekly 20 April 2018,Prison population figures: 2018,https://assets.publishing.service.gov.uk/media/5ad9b37fed915d32a3a70f94/prison-pop-20-april-2018.ods,ods,raw/weekly/5ad9b37fed915d32a3a70f94_prison-pop-20-april-2018.ods
Population bulletin: weekly 13 April 2018,Prison population figures: 2018,https://assets.publishing.service.gov.uk/media/5ad0cafee5274a76c13dfa45/prison-pop-13-april-2018-.ods,ods,raw/weekly/5ad0cafee5274a76c13dfa45_prison-pop-13-april-2018-.ods
Population bulletin: weekly 6 April 2018,Prison population figures: 2018,https://assets.publishing.service.gov.uk/media/5ac730a7e5274a5adc960d35/prison-pop-6-april-2018.xls,xls,raw/weekly/5ac730a7e5274a5adc960d35_prison-pop-6-april-2018.xls
Population bulletin: weekly 23 March 2018,Prison population figures: 2018,https://assets.publishing.service.gov.uk/media/5ac4e107ed915d0b7ffac924/prison-pop-23-mar-2018.xls,xls,raw/weekly/5ac4e107ed915d0b7ffac924_prison-pop-23-mar-2018.xls
Population bulletin: weekly 16 March 2018,Prison population figures: 2018,https://assets.publishing.service.gov.uk/media/5aab8617ed915d4f595c5b96/prison-pop-16-march-2018.xls,xls,raw/weekly/5aab8617ed915d4f595c5b96_prison-pop-16-march-2018.xls
Population bulletin: weekly 9 March 2018,Prison population figures: 2018,https://assets.publishing.service.gov.uk/media/5aa24fffe5274a3e3603a4e3/prison-pop-9-march-2018.xls,xls,raw/weekly/5aa24fffe5274a3e3603a4e3_prison-pop-9-march-2018.xls
Population bulletin: weekly 2 March 2018,Prison population figures: 2018,https://assets.publishing.service.gov.uk/media/5a9913aeed915d57d4d0f2b7/prison-pop-2-mar-2018.xls,xls,raw/weekly/5a9913aeed915d57d4d0f2b7_prison-pop-2-mar-2018.xls
Population bulletin: weekly 23 February 2018,Prison population figures: 2018,https://assets.publishing.service.gov.uk/media/5a8fd38f40f0b641bf0d4ac2/prison-pop-23-feb-2018.xls,xls,raw/weekly/5a8fd38f40f0b641bf0d4ac2_prison-pop-23-feb-2018.xls
Population bulletin: weekly 16 February 2018,Prison population figures: 2018,https://assets.publishing.service.gov.uk/media/5a869c26ed915d74e623892e/prison-pop-16-feb-2018.xls,xls,raw/weekly/5a869c26ed915d74e623892e_prison-pop-16-feb-2018.xls
Population bulletin: weekly 9 February 2018,Prison population figures: 2018,https://assets.publishing.service.gov.uk/media/5a7d6104e5274a02dcdf425a/prison-population-9-feb-2018.xls,xls,raw/weekly/5a7d6104e5274a02dcdf425a_prison-population-9-feb-2018.xls
Population bulletin: weekly 2 February 2018,Prison population figures: 2018,https://assets.publishing.service.gov.uk/media/5a7442b240f0b646ce8d9afd/prison-pop-02-feb-2018.xls,xls,raw/weekly/5a7442b240f0b646ce8d9afd_prison-pop-02-feb-2018.xls
Population bulletin: weekly 26 January 2018,Prison population figures: 2018,https://assets.publishing.service.gov.uk/media/5a81be8eed915d74e6233e0f/prison-pop-26-jan-2018.xls,xls,raw/weekly/5a81be8eed915d74e6233e0f_prison-pop-26-jan-2018.xls
Population bulletin: weekly 19 January 2018,Prison population figures: 2018,https://assets.publishing.service.gov.uk/media/5a82a56240f0b62305b939a6/prison-pop-19-jan-2018.xls,xls,raw/weekly/5a82a56240f0b62305b939a6_prison-pop-19-jan-2018.xls
Population bulletin: weekly 12 January 2018,Prison population figures: 2018,https://assets.publishing.service.gov.uk/media/5a81e0dbed915d74e62349a9/prison-pop-12-jan-2018.xls,xls,raw/weekly/5a81e0dbed915d74e62349a9_prison-pop-12-jan-2018.xls
Population bulletin: weekly 5 January 2018,Prison population figures: 2018,https://assets.publishing.service.gov.uk/media/5a824057e5274a2e87dc1f1c/prison-pop-5-jan-2018.xls,xls,raw/weekly/5a824057e5274a2e87dc1f1c_prison-pop-5-jan-2018.xls
Population bulletin: weekly 29 December 2017,Prison population figures: 2017,https://assets.publishing.service.gov.uk/media/5a74d508e5274a3cb28678a8/prison-pop-29-dec-2017.xls,xls,raw/weekly/5a74d508e5274a3cb28678a8_prison-pop-29-dec-2017.xls
Population bulletin: weekly 22 December 2017,Prison population figures: 2017,https://assets.publishing.service.gov.uk/media/5a81f00740f0b62305b919c4/prison-pop-22-dec-2017.xls,xls,raw/weekly/5a81f00740f0b62305b919c4_prison-pop-22-dec-2017.xls
Population bulletin: weekly 15 December 2017,Prison population figures: 2017,https://assets.publishing.service.gov.uk/media/5a823b77e5274a2e87dc1d6f/prison-pop-15-dec-2017.xls,xls,raw/weekly/5a823b77e5274a2e87dc1d6f_prison-pop-15-dec-2017.xls
Population bulletin: weekly 8 December 2017,Prison population figures: 2017,https://assets.publishing.service.gov.uk/media/5a82f37840f0b6230269d8c8/prison-pop-8-dec-2017.xls,xls,raw/weekly/5a82f37840f0b6230269d8c8_prison-pop-8-dec-2017.xls
Population bulletin: weekly 1 December 2017,Prison population figures: 2017,https://assets.publishing.service.gov.uk/media/5a820a7ee5274a2e8ab57302/prison-pop-1-dec-2017.xls,xls,raw/weekly/5a820a7ee5274a2e8ab57302_prison-pop-1-dec-2017.xls
Population bulletin: weekly 24 November 2017,Prison population figures: 2017,https://assets.publishing.service.gov.uk/media/5a75b1b5e5274a545822d7fc/prison-population-24-nov-2017.xls,xls,raw/weekly/5a75b1b5e5274a545822d7fc_prison-population-24-nov-2017.xls
Population bulletin: weekly 17 November 2017,Prison population figures: 2017,https://assets.publishing.service.gov.uk/media/5a81d195e5274a2e8ab55ff2/prison-pop-17-nov-2017.xls,xls,raw/weekly/5a81d195e5274a2e8ab55ff2_prison-pop-17-nov-2017.xls
Population bulletin: weekly 10 November 2017,Prison population figures: 2017,https://assets.publishing.service.gov.uk/media/5a82037040f0b6230269a5f6/prison-pop-10-nov-2017.xls,xls,raw/weekly/5a82037040f0b6230269a5f6_prison-pop-10-nov-2017.xls
Population bulletin: weekly 3 November 2017,Prison population figures: 2017,https://assets.publishing.service.gov.uk/media/5a82eb53e5274a2e8ab5a045/prison-pop-3-november-2017.xls,xls,raw/weekly/5a82eb53e5274a2e8ab5a045_prison-pop-3-november-2017.xls
Population bulletin: weekly 27 October 2017,Prison population figures: 2017,https://assets.publishing.service.gov.uk/media/5a82f2c940f0b62305b952d9/prison-pop-27-october-2017.xls,xls,raw/weekly/5a82f2c940f0b62305b952d9_prison-pop-27-october-2017.xls
Population bulletin: weekly 20 October 2017,Prison population figures: 2017,https://assets.publishing.service.gov.uk/media/5a81cd0b40f0b62305b90e12/prison-pop-20-october-2017.xls,xls,raw/weekly/5a81cd0b40f0b62305b90e12_prison-pop-20-october-2017.xls
Population bulletin: weekly 13 October 2017,Prison population figures: 2017,https://assets.publishing.service.gov.uk/media/5a81e7faed915d74e6234bf7/prison-pop-13-october-2017.xls,xls,raw/weekly/5a81e7faed915d74e6234bf7_prison-pop-13-october-2017.xls
Population bulletin: weekly 6 October 2017,Prison population figures: 2017,https://assets.publishing.service.gov.uk/media/5a821b51e5274a2e8ab57871/prison-pop-6-oct-2017.xls,xls,raw/weekly/5a821b51e5274a2e8ab57871_prison-pop-6-oct-2017.xls
Population bulletin: weekly 29 September 2017,Prison population figures: 2017,https://assets.publishing.service.gov.uk/media/5a75085d40f0b6360e472cd7/prison-pop-29-sept-2017.xls,xls,raw/weekly/5a75085d40f0b6360e472cd7_prison-pop-29-sept-2017.xls
Population bulletin: weekly 22 September 2017,Prison population figures: 2017,https://assets.publishing.service.gov.uk/media/5a82128b40f0b62305b92550/prison-pop-22-september-2017.xls,xls,raw/weekly/5a82128b40f0b62305b92550_prison-pop-22-september-2017.xls
Population bulletin: weekly 15 September 2017,Prison population figures: 2017,https://assets.publishing.service.gov.uk/media/5a82c6cae5274a2e87dc2ed0/prison-pop-15-sept-2017.xls,xls,raw/weekly/5a82c6cae5274a2e87dc2ed0_prison-pop-15-sept-2017.xls
Population bulletin: weekly 8 September 2017,Prison population figures: 2017,https://assets.publishing.service.gov.uk/media/5a820b50ed915d74e62357be/prison-population-8-sept-2017.xls,xls,raw/weekly/5a820b50ed915d74e62357be_prison-population-8-sept-2017.xls
Population bulletin: weekly 1 September 2017,Prison population figures: 2017,https://assets.publishing.service.gov.uk/media/5a8229dc40f0b62305b92d18/PSWEBREPORT.xls,xls,raw/weekly/5a8229dc40f0b62305b92d18_PSWEBREPORT.xls
Population bulletin: weekly 25 August 2017,Prison population figures: 2017,https://assets.publishing.service.gov.uk/media/5a8209bb40f0b62305b92249/prison-pop-25-august-2017.xls,xls,raw/weekly/5a8209bb40f0b62305b92249_prison-pop-25-august-2017.xls
Population bulletin: weekly 18 August 2017,Prison population figures: 2017,https://assets.publishing.service.gov.uk/media/5a82ccdded915d74e3403a30/prison-pop-18-august-2017.xls,xls,raw/weekly/5a82ccdded915d74e3403a30_prison-pop-18-august-2017.xls
Population bulletin: weekly 11 August 2017,Prison population figures: 2017,https://assets.publishing.service.gov.uk/media/5a81c391ed915d74e6233fd1/prison-pop-11-august-2017.xls,xls,raw/weekly/5a81c391ed915d74e6233fd1_prison-pop-11-august-2017.xls
Population bulletin: weekly 4 August 2017,Prison population figures: 2017,https://assets.publishing.service.gov.uk/media/5a82a9fce5274a2e8ab58b45/prison-pop-4-august-2017.xls,xls,raw/weekly/5a82a9fce5274a2e8ab58b45_prison-pop-4-august-2017.xls
Population bulletin: weekly 28 July 2017,Prison population figures: 2017,https://assets.publishing.service.gov.uk/media/5a82a18ce5274a2e8ab5887e/prison-population-bulletin-28-july-2017.ods,ods,raw/weekly/5a82a18ce5274a2e8ab5887e_prison-population-bulletin-28-july-2017.ods
Population bulletin: weekly 21 July 2017,Prison population figures: 2017,https://assets.publishing.service.gov.uk/media/5a82b005e5274a2e87dc2786/prison-population-bulletin-21-july-2017.ods,ods,raw/weekly/5a82b005e5274a2e87dc2786_prison-population-bulletin-21-july-2017.ods
Population bulletin: weekly 14 July 2017,Prison population figures: 2017,https://assets.publishing.service.gov.uk/media/5a820efded915d74e6235901/prison-pop-14-july-2017.ods,ods,raw/weekly/5a820efded915d74e6235901_prison-pop-14-july-2017.ods
Population bulletin: weekly 7 July 2017,Prison population figures: 2017,https://assets.publishing.service.gov.uk/media/5a821cdee5274a2e8ab578ec/prison-pop-7-jul-2017.xls,xls,raw/weekly/5a821cdee5274a2e8ab578ec_prison-pop-7-jul-2017.xls
Population bulletin: weekly 30 June 2017,Prison population figures: 2017,https://assets.publishing.service.gov.uk/media/5a8213ceed915d74e34019a2/prison-pop-30-jun-2017.xls,xls,raw/weekly/5a8213ceed915d74e34019a2_prison-pop-30-jun-2017.xls
Population bulletin: weekly 23 June 2017,Prison population figures: 2017,https://assets.publishing.service.gov.uk/media/5a74b491ed915d502d6ca4f8/prison-pop-23-jun-2017xls.xls,xls,raw/weekly/5a74b491ed915d502d6ca4f8_prison-pop-23-jun-2017xls.xls
Population bulletin: weekly 16 June 2017,Prison population figures: 2017,https://assets.publishing.service.gov.uk/media/5a8233c340f0b6230269b623/prison-population-16-june-2017.ods,ods,raw/weekly/5a8233c340f0b6230269b623_prison-population-16-june-2017.ods
Population bulletin: weekly 9 June 2017,Prison population figures: 2017,https://assets.publishing.service.gov.uk/media/5a82cb7840f0b62305b9461b/prison-population-9-jun-2017.xls,xls,raw/weekly/5a82cb7840f0b62305b9461b_prison-population-9-jun-2017.xls
Population bulletin: weekly 2 June 2017,Prison population figures: 2017,https://assets.publishing.service.gov.uk/media/5a81e74ee5274a2e87dc018b/prison-population-02-june-2017.xls,xls,raw/weekly/5a81e74ee5274a2e87dc018b_prison-population-02-june-2017.xls
Population bulletin: weekly 26 May 2017,Prison population figures: 2017,https://assets.publishing.service.gov.uk/media/5a81f6a340f0b62305b91bf2/prison-population-26-may-2017.xls,xls,raw/weekly/5a81f6a340f0b62305b91bf2_prison-population-26-may-2017.xls
Population bulletin: weekly 19 May 2017,Prison population figures: 2017,https://assets.publishing.service.gov.uk/media/5a82460de5274a2e8ab586a7/prison-population-19-may-2017.xls,xls,raw/weekly/5a82460de5274a2e8ab586a7_prison-population-19-may-2017.xls
Population bulletin: weekly 12 May 2017,Prison population figures: 2017,https://assets.publishing.service.gov.uk/media/5a81e96ee5274a2e87dc0248/prison-population-12-may-2017.xls,xls,raw/weekly/5a81e96ee5274a2e87dc0248_prison-population-12-may-2017.xls
Population bulletin: weekly 5 May 2017,Prison population figures: 2017,https://assets.publishing.service.gov.uk/media/5a81f9df40f0b6230269a2cb/prison-pop-5-may-2017.xls,xls,raw/weekly/5a81f9df40f0b6230269a2cb_prison-pop-5-may-2017.xls
Population bulletin: weekly 28 April 2017,Prison population figures: 2017,https://assets.publishing.service.gov.uk/media/5a82a5cfe5274a2e87dc2432/prison-population-28-april-2017.xls,xls,raw/weekly/5a82a5cfe5274a2e87dc2432_prison-population-28-april-2017.xls
Population bulletin: weekly 21 April 2017,Prison population figures: 2017,https://assets.publishing.service.gov.uk/media/5a75076240f0b6397f35d1c8/prison-pop-21-april-2017.xls,xls,raw/weekly/5a75076240f0b6397f35d1c8_prison-pop-21-april-2017.xls
Population bulletin: weekly 7 April 2017,Prison population figures: 2017,https://assets.publishing.service.gov.uk/media/5a82d0e0ed915d74e6237c6e/prison-population-7-april-2017.xls,xls,raw/weekly/5a82d0e0ed915d74e6237c6e_prison-population-7-april-2017.xls
Population bulletin: weekly 31 March 2017,Prison population figures: 2017,https://assets.publishing.service.gov.uk/media/5a81e5aee5274a2e8ab566a0/prison-population-31-march-2017.xls,xls,raw/weekly/5a81e5aee5274a2e8ab566a0_prison-population-31-march-2017.xls
Population bulletin: weekly 24 March 2017,Prison population figures: 2017,https://assets.publishing.service.gov.uk/media/5a81f5c4ed915d74e6235090/prison-population-24-march-2017.xls,xls,raw/weekly/5a81f5c4ed915d74e6235090_prison-population-24-march-2017.xls
Population bulletin: weekly 17 March 2017,Prison population figures: 2017,https://assets.publishing.service.gov.uk/media/5a81c1bfed915d74e6233f31/prison-population-17-march-2017.xls,xls,raw/weekly/5a81c1bfed915d74e6233f31_prison-population-17-march-2017.xls
Population bulletin: weekly 10 March 2017,Prison population figures: 2017,https://assets.publishing.service.gov.uk/media/5a7f9e22ed915d74e622b8c1/prison-population-10-march-2017.xls,xls,raw/weekly/5a7f9e22ed915d74e622b8c1_prison-population-10-march-2017.xls
Population bulletin: weekly 3 March 2017,Prison population figures: 2017,https://assets.publishing.service.gov.uk/media/5a80e6c1ed915d74e33fd0d3/prison-population-3-march-2017.xls,xls,raw/weekly/5a80e6c1ed915d74e33fd0d3_prison-population-3-march-2017.xls
Population bulletin: weekly 24 February 2017,Prison population figures: 2017,https://assets.publishing.service.gov.uk/media/5a8051a2e5274a2e8ab4f76e/prison-pop-24-february-2017.xls,xls,raw/weekly/5a8051a2e5274a2e8ab4f76e_prison-pop-24-february-2017.xls
Population bulletin: weekly 17 February 2017,Prison population figures: 2017,https://assets.publishing.service.gov.uk/media/5a74f006ed915d502d6cc353/prison-population-17-february-2017.xls,xls,raw/weekly/5a74f006ed915d502d6cc353_prison-population-17-february-2017.xls
Population bulletin: weekly 10 February 2017,Prison population figures: 2017,https://assets.publishing.service.gov.uk/media/5a80a733ed915d74e33fba63/prison-population-10-february-2017.xls,xls,raw/weekly/5a80a733ed915d74e33fba63_prison-population-10-february-2017.xls
Population bulletin: weekly 3 February 2017,Prison population figures: 2017,https://assets.publishing.service.gov.uk/media/5a7f9724e5274a2e8ab4d1a6/prison-population-3-february-2017.xls,xls,raw/weekly/5a7f9724e5274a2e8ab4d1a6_prison-population-3-february-2017.xls
Population bulletin: weekly 27 January 2017,Prison population figures: 2017,https://assets.publishing.service.gov.uk/media/5a808eb9e5274a2e8ab50d32/prison-pop-27-1-2017.xls,xls,raw/weekly/5a808eb9e5274a2e8ab50d32_prison-pop-27-1-2017.xls
Population bulletin: weekly 20 January 2017,Prison population figures: 2017,https://assets.publishing.service.gov.uk/media/5a757cdded915d731495a599/prison-population-20-january-2017.xls,xls,raw/weekly/5a757cdded915d731495a599_prison-population-20-january-2017.xls
Population bulletin: weekly 13 January 2017,Prison population figures: 2017,https://assets.publishing.service.gov.uk/media/5a74c7e8e5274a3f93b48c1b/prison-population-13-january-2017.xls,xls,raw/weekly/5a74c7e8e5274a3f93b48c1b_prison-population-13-january-2017.xls
Population bulletin: weekly 6 January 2017,Prison population figures: 2017,https://assets.publishing.service.gov.uk/media/5a805de8ed915d74e622e0a5/prison-population-6-jnauary-2017.xls,xls,raw/weekly/5a805de8ed915d74e622e0a5_prison-population-6-jnauary-2017.xls
Population bulletin: weekly 30 December 2016,Prison population figures: 2016,https://assets.publishing.service.gov.uk/media/5a819226ed915d74e6232fba/prison-population-figures-30-december-2016.xls,xls,raw/weekly/5a819226ed915d74e6232fba_prison-population-figures-30-december-2016.xls
Population bulletin: weekly 16 December 2016,Prison population figures: 2016,https://assets.publishing.service.gov.uk/media/5a8189ae40f0b62302697d93/prison-population-16-dec-2016.xls,xls,raw/weekly/5a8189ae40f0b62302697d93_prison-population-16-dec-2016.xls
Population bulletin: weekly 9 December 2016,Prison population figures: 2016,https://assets.publishing.service.gov.uk/media/5a74ffe1e5274a3cb2868ddb/prison-population-9-december-2016.xls,xls,raw/weekly/5a74ffe1e5274a3cb2868ddb_prison-population-9-december-2016.xls
Population bulletin: weekly 2 December 2016,Prison population figures: 2016,https://assets.publishing.service.gov.uk/media/5a80cc86ed915d74e33fc794/prison-population-2-december-2016..xls,xls,raw/weekly/5a80cc86ed915d74e33fc794_prison-population-2-december-2016..xls
Population bulletin: weekly 25 November 2016,Prison population figures: 2016,https://assets.publishing.service.gov.uk/media/5a80650040f0b62305b8ae57/prison-population-25-nov-2016.xls,xls,raw/weekly/5a80650040f0b62305b8ae57_prison-population-25-nov-2016.xls
Population bulletin: weekly 18 November 2016,Prison population figures: 2016,https://assets.publishing.service.gov.uk/media/5a75c74ae5274a4368299e42/prison-population-18-nov-2016.xls,xls,raw/weekly/5a75c74ae5274a4368299e42_prison-population-18-nov-2016.xls
Population bulletin: weekly 11 November 2016,Prison population figures: 2016,https://assets.publishing.service.gov.uk/media/5a7f99e5ed915d74e33f76e3/prison-population-11-nov-2016.xls,xls,raw/weekly/5a7f99e5ed915d74e33f76e3_prison-population-11-nov-2016.xls
Population bulletin: 4 November 2016,Prison population figures: 2016,https://assets.publishing.service.gov.uk/media/5a7f3074ed915d74e33f4e1a/prison-population-4-november-2016.xls,xls,raw/weekly/5a7f3074ed915d74e33f4e1a_prison-population-4-november-2016.xls
Population bulletin: weekly 28 October 2016,Prison population figures: 2016,https://assets.publishing.service.gov.uk/media/5a808da3e5274a2e8ab50cdc/prison-population-28-october-2016.xls,xls,raw/weekly/5a808da3e5274a2e8ab50cdc_prison-population-28-october-2016.xls
Population bulletin: weekly 21 October 2016,Prison population figures: 2016,https://assets.publishing.service.gov.uk/media/5a8045d240f0b62305b8a301/prison-population-21-october-2016.xls,xls,raw/weekly/5a8045d240f0b62305b8a301_prison-population-21-october-2016.xls
Population bulletin: weekly 14 October 2016,Prison population figures: 2016,https://assets.publishing.service.gov.uk/media/5a74be0640f0b619c865a107/prison-population-14-oct-2016.xls,xls,raw/weekly/5a74be0640f0b619c865a107_prison-population-14-oct-2016.xls
Population bulletin: weekly 7 October 2016,Prison population figures: 2016,https://assets.publishing.service.gov.uk/media/5a80433ae5274a2e8ab4f22b/prison-population-07-october-2016.xls,xls,raw/weekly/5a80433ae5274a2e8ab4f22b_prison-population-07-october-2016.xls
Population bulletin: weekly 30 September 2016,Prison population figures: 2016,https://assets.publishing.service.gov.uk/media/5a7f87f240f0b62305b87b5d/prison-population-30-sept-2016.xls,xls,raw/weekly/5a7f87f240f0b62305b87b5d_prison-population-30-sept-2016.xls
Population bulletin: weekly 23 September 2016,Prison population figures: 2016,https://assets.publishing.service.gov.uk/media/5a759e19ed915d506ee80319/weekly-bulletin-23-september.xls,xls,raw/weekly/5a759e19ed915d506ee80319_weekly-bulletin-23-september.xls
Population bulletin: weekly 16 September 2016,Prison population figures: 2016,https://assets.publishing.service.gov.uk/media/5a81616440f0b62305b8ea45/prison-pop-16-sept-2016.xls,xls,raw/weekly/5a81616440f0b62305b8ea45_prison-pop-16-sept-2016.xls
Population bulletin: weekly 9 September 2016,Prison population figures: 2016,https://assets.publishing.service.gov.uk/media/5a81b01d40f0b62305b904d1/prison-population-9-september-2016.xls,xls,raw/weekly/5a81b01d40f0b62305b904d1_prison-population-9-september-2016.xls
Population bulletin: weekly 2 September 2016,Prison population figures: 2016,https://assets.publishing.service.gov.uk/media/5a75011be5274a59fa716a6e/prison-population-010916.xls,xls,raw/weekly/5a75011be5274a59fa716a6e_prison-population-010916.xls
Population bulletin: weekly 26 August 2016,Prison population figures: 2016,https://assets.publishing.service.gov.uk/media/5a7f422940f0b62305b860c7/prison-population-26-august-2016.xls,xls,raw/weekly/5a7f422940f0b62305b860c7_prison-population-26-august-2016.xls
Population bulletin: weekly 19 August 2016,Prison population figures: 2016,https://assets.publishing.service.gov.uk/media/5a801d6b40f0b62305b89439/prison-pop-19-august-2016.xls,xls,raw/weekly/5a801d6b40f0b62305b89439_prison-pop-19-august-2016.xls
Population bulletin: weekly 12 August 2016 ,Prison population figures: 2016,https://assets.publishing.service.gov.uk/media/5a75af2aed915d506ee80b4d/prison-report-12-august-2016.xls,xls,raw/weekly/5a75af2aed915d506ee80b4d_prison-report-12-august-2016.xls
Population bulletin: weekly 5 August 2016,Prison population figures: 2016,https://assets.publishing.service.gov.uk/media/5a80f3b0e5274a2e87dbcbe0/prison-population-5-august-2016.xls,xls,raw/weekly/5a80f3b0e5274a2e87dbcbe0_prison-population-5-august-2016.xls
Population bulletin: weekly 29 July 2016,Prison population figures: 2016,https://assets.publishing.service.gov.uk/media/5a8058f7ed915d74e622deed/prison-population-29-july-2016.xls,xls,raw/weekly/5a8058f7ed915d74e622deed_prison-population-29-july-2016.xls
Population bulletin: weekly 22 July 2016,Prison population figures: 2016,https://assets.publishing.service.gov.uk/media/5a7fff3240f0b62302690e42/prison-report-22-july-16.xls,xls,raw/weekly/5a7fff3240f0b62302690e42_prison-report-22-july-16.xls
Population bulletin: weekly 15 July 2016,Prison population figures: 2016,https://assets.publishing.service.gov.uk/media/5a80597d40f0b62302692fa4/prison-population-15-july-2016.xls,xls,raw/weekly/5a80597d40f0b62302692fa4_prison-population-15-july-2016.xls
Population bulletin: weekly 8 July 2016,Prison population figures: 2016,https://assets.publishing.service.gov.uk/media/5a80a109ed915d74e622f8f3/prison-population-8-july-2016.xls,xls,raw/weekly/5a80a109ed915d74e622f8f3_prison-population-8-july-2016.xls
Population bulletin: weekly 1 July 2016,Prison population figures: 2016,https://assets.publishing.service.gov.uk/media/5a7f76a0ed915d74e33f696a/prison-population-1-july-2016.xls,xls,raw/weekly/5a7f76a0ed915d74e33f696a_prison-population-1-july-2016.xls
Population bulletin: Weekly 24 June 2016,Prison population figures: 2016,https://assets.publishing.service.gov.uk/media/5a8082c7e5274a2e87dba3a0/prison-population-24-june-2016.xls,xls,raw/weekly/5a8082c7e5274a2e87dba3a0_prison-population-24-june-2016.xls
Population bulletin: weekly 17 June 2016,Prison population figures: 2016,https://assets.publishing.service.gov.uk/media/5a7f9086e5274a2e87db69d5/prison-population-17-june-2016.xls,xls,raw/weekly/5a7f9086e5274a2e87db69d5_prison-population-17-june-2016.xls
Population bulletin: weekly 10 June 2016 ,Prison population figures: 2016,https://assets.publishing.service.gov.uk/media/5a7f4ddfed915d74e6229a4d/prison-population-10-june-2016.xls,xls,raw/weekly/5a7f4ddfed915d74e6229a4d_prison-population-10-june-2016.xls
Population bulletin: weekly 3 June 2016 ,Prison population figures: 2016,https://assets.publishing.service.gov.uk/media/5a80024240f0b62302690f6a/prison-population-03-june-2016.xls,xls,raw/weekly/5a80024240f0b62302690f6a_prison-population-03-june-2016.xls
Population bulletin: weekly 27 May 2016 ,Prison population figures: 2016,https://assets.publishing.service.gov.uk/media/5a81736b40f0b62305b8f058/prison-population-27-may.xls,xls,raw/weekly/5a81736b40f0b62305b8f058_prison-population-27-may.xls
Population bulletin: weekly 20 May 2016,Prison population figures: 2016,https://assets.publishing.service.gov.uk/media/5a80c0e640f0b623026954fa/prison-population-20-may-2016.xls,xls,raw/weekly/5a80c0e640f0b623026954fa_prison-population-20-may-2016.xls
Population bulletin: weekly 13 May 2016,Prison population figures: 2016,https://assets.publishing.service.gov.uk/media/5a805f39ed915d74e622e11c/prison-population-13-may-2016.xls,xls,raw/weekly/5a805f39ed915d74e622e11c_prison-population-13-may-2016.xls
Population bulletin: weekly 6 May 2016,Prison population figures: 2016,https://assets.publishing.service.gov.uk/media/5a80374eed915d74e622d27c/prison-population-6-may-2016.xls,xls,raw/weekly/5a80374eed915d74e622d27c_prison-population-6-may-2016.xls
Population bulletin: weekly 29 April 2016,Prison population figures: 2016,https://assets.publishing.service.gov.uk/media/5a81508ae5274a2e8ab534eb/prison-population-29-april-2016.xls,xls,raw/weekly/5a81508ae5274a2e8ab534eb_prison-population-29-april-2016.xls
Population bulletin: weekly 22 April 2016,Prison population figures: 2016,https://assets.publishing.service.gov.uk/media/5a74d0fced915d502d6cb3be/prison-popoulation-22-april-2016.xls,xls,raw/weekly/5a74d0fced915d502d6cb3be_prison-popoulation-22-april-2016.xls
Population bulletin: weekly 15 April 2016,Prison population figures: 2016,https://assets.publishing.service.gov.uk/media/5a75b0c1ed915d6faf2b4f2b/prison-population-15-april-2016.xls,xls,raw/weekly/5a75b0c1ed915d6faf2b4f2b_prison-population-15-april-2016.xls
Population bulletin: weekly 8 April 2016,Prison population figures: 2016,https://assets.publishing.service.gov.uk/media/5a80bc88ed915d74e33fc1df/prison-population-08-april-2016.xls,xls,raw/weekly/5a80bc88ed915d74e33fc1df_prison-population-08-april-2016.xls
Population bulletin: weekly 1 April 2016,Prison population figures: 2016,https://assets.publishing.service.gov.uk/media/5a804e7eed915d74e33f9ab3/prison-population-01-april-2016.xls,xls,raw/weekly/5a804e7eed915d74e33f9ab3_prison-population-01-april-2016.xls
Population bulletin: weekly 18 March 2016,Prison population figures: 2016,https://assets.publishing.service.gov.uk/media/5a74bd88e5274a3f93b486d6/prison-population-18-march-2016.xls,xls,raw/weekly/5a74bd88e5274a3f93b486d6_prison-population-18-march-2016.xls
Population bulletin: weekly 11 March 2016,Prison population figures: 2016,https://assets.publishing.service.gov.uk/media/5a804d7e40f0b62302692b40/prison-population-11-march-2016.xls,xls,raw/weekly/5a804d7e40f0b62302692b40_prison-population-11-march-2016.xls
Population bulletin: weekly 4 March 2016,Prison population figures: 2016,https://assets.publishing.service.gov.uk/media/5a7f89c7e5274a2e87db6738/prison-population-4-march-2016.xls,xls,raw/weekly/5a7f89c7e5274a2e87db6738_prison-population-4-march-2016.xls
Population bulletin: weekly 26 February 2016,Prison population figures: 2016,https://assets.publishing.service.gov.uk/media/5a7f5b75e5274a2e87db55d8/prison-population-26-february-2016.xls,xls,raw/weekly/5a7f5b75e5274a2e87db55d8_prison-population-26-february-2016.xls
Population bulletin: weekly 19 February 2016,Prison population figures: 2016,https://assets.publishing.service.gov.uk/media/5a75bc40ed915d6faf2b54a2/prison-population-19-february-2016.xls,xls,raw/weekly/5a75bc40ed915d6faf2b54a2_prison-population-19-february-2016.xls
Population bulletin: weekly 12 February 2016,Prison population figures: 2016,https://assets.publishing.service.gov.uk/media/5a819b79e5274a2e8ab54e5f/prison-population-12-february-2016.xls,xls,raw/weekly/5a819b79e5274a2e8ab54e5f_prison-population-12-february-2016.xls
Population bulletin: weekly 5 February 2016,Prison population figures: 2016,https://assets.publishing.service.gov.uk/media/5a804ac0e5274a2e87db8f8c/prison-population-5-february-2016.xls,xls,raw/weekly/5a804ac0e5274a2e87db8f8c_prison-population-5-february-2016.xls
Population bulletin: weekly 29 January 2016,Prison population figures: 2016,https://assets.publishing.service.gov.uk/media/5a80ec7a40f0b62302696455/prison-population-29-january-2016.xls,xls,raw/weekly/5a80ec7a40f0b62302696455_prison-population-29-january-2016.xls
Population bulletin: weekly 22 January 2016,Prison population figures: 2016,https://assets.publishing.service.gov.uk/media/5a80638bed915d74e622e2bb/prison-population-figures-22-january-2016.xls,xls,raw/weekly/5a80638bed915d74e622e2bb_prison-population-figures-22-january-2016.xls
Population bulletin: weekly 15 January 2016,Prison population figures: 2016,https://assets.publishing.service.gov.uk/media/5a7f7893e5274a2e8ab4c616/prison-population-figures-15-january-2016.xls,xls,raw/weekly/5a7f7893e5274a2e8ab4c616_prison-population-figures-15-january-2016.xls
Population bulletin: weekly 8 January 2015,Prison population figures: 2016,https://assets.publishing.service.gov.uk/media/5a7507e340f0b6360e472c98/prison-population-figures-8-january-2016.xls,xls,raw/weekly/5a7507e340f0b6360e472c98_prison-population-figures-8-january-2016.xls
Population bulletin: weekly 18 December 2015 ,Prison population figures: 2015,https://assets.publishing.service.gov.uk/media/5a8065ace5274a2e8ab4fe8f/prison-population-18-december-2015.xls,xls,raw/weekly/5a8065ace5274a2e8ab4fe8f_prison-population-18-december-2015.xls
Population bulletin: weekly 11 December 2015,Prison population figures: 2015,https://assets.publishing.service.gov.uk/media/5a801f6b40f0b62305b89508/prison-population-11-december-2015.xls,xls,raw/weekly/5a801f6b40f0b62305b89508_prison-population-11-december-2015.xls
Population bulletin: weekly 4 December 2015,Prison population figures: 2015,https://assets.publishing.service.gov.uk/media/5a7515beed915d731495915f/prison-population-4-december-2015.xls,xls,raw/weekly/5a7515beed915d731495915f_prison-population-4-december-2015.xls
Population bulletin: weekly 27 November 2015,Prison population figures: 2015,https://assets.publishing.service.gov.uk/media/5a805bc840f0b62305b8aaef/priosn-population-figures-27-november2015.xls,xls,raw/weekly/5a805bc840f0b62305b8aaef_priosn-population-figures-27-november2015.xls
Population bulletin: weekly 20 November 2015,Prison population figures: 2015,https://assets.publishing.service.gov.uk/media/5a7f286640f0b6230268dc9b/prison-population-figures-20-nov-2015.xls,xls,raw/weekly/5a7f286640f0b6230268dc9b_prison-population-figures-20-nov-2015.xls
Population bulletin: weekly 13 November 2015,Prison population figures: 2015,https://assets.publishing.service.gov.uk/media/5a80b91940f0b62305b8cc93/prison-population-13-november-2015.xls,xls,raw/weekly/5a80b91940f0b62305b8cc93_prison-population-13-november-2015.xls
Population bulletin: weekly 6 November 2015,Prison population figures: 2015,https://assets.publishing.service.gov.uk/media/5a7f2d0d40f0b62305b858ba/prison-population-figures-6-nov-2015.xls,xls,raw/weekly/5a7f2d0d40f0b62305b858ba_prison-population-figures-6-nov-2015.xls
Population bulletin: weekly 30 October 2015,Prison population figures: 2015,https://assets.publishing.service.gov.uk/media/5a809d0ced915d74e622f776/prison-population-figures-29-oct-2015.xls,xls,raw/weekly/5a809d0ced915d74e622f776_prison-population-figures-29-oct-2015.xls
Population bulletin: weekly 23 October 2015,Prison population figures: 2015,https://assets.publishing.service.gov.uk/media/5a81802ded915d74e33fe8cc/prison-population-figures-23-oct-2015.xls,xls,raw/weekly/5a81802ded915d74e33fe8cc_prison-population-figures-23-oct-2015.xls
Population bulletin: weekly 16 October 2015,Prison population figures: 2015,https://assets.publishing.service.gov.uk/media/5a8166fded915d74e623211f/prison-population-figures-16-oct-2015.xls,xls,raw/weekly/5a8166fded915d74e623211f_prison-population-figures-16-oct-2015.xls
Population bulletin: weekly 9 October 2015,Prison population figures: 2015,https://assets.publishing.service.gov.uk/media/5a80969440f0b62302694619/prison-population-figures-9-october-2015.xls,xls,raw/weekly/5a80969440f0b62302694619_prison-population-figures-9-october-2015.xls
Population bulletin: weekly 2 October 2015,Prison population figures: 2015,https://assets.publishing.service.gov.uk/media/5a818c75ed915d74e6232dd0/prison-population-figures-2-october-2015.xls,xls,raw/weekly/5a818c75ed915d74e6232dd0_prison-population-figures-2-october-2015.xls
Population bulletin: weekly 25 September 2015,Prison population figures: 2015,https://assets.publishing.service.gov.uk/media/5a8198b340f0b62305b8fce8/prison-population-25-sept-2015.xls,xls,raw/weekly/5a8198b340f0b62305b8fce8_prison-population-25-sept-2015.xls
Population bulletin: weekly 18 September 2015,Prison population figures: 2015,https://assets.publishing.service.gov.uk/media/5a7f83ed40f0b62305b879d3/prison-population-18-sept-2015.xls,xls,raw/weekly/5a7f83ed40f0b62305b879d3_prison-population-18-sept-2015.xls
Population bulletin: weekly 11 September 2015,Prison population figures: 2015,https://assets.publishing.service.gov.uk/media/5a80b468ed915d74e33fbef9/prison-population-figures-11-sept-2015.xls,xls,raw/weekly/5a80b468ed915d74e33fbef9_prison-population-figures-11-sept-2015.xls
Population bulletin: weekly 4 September 2015,Prison population figures: 2015,https://assets.publishing.service.gov.uk/media/5a805ae9e5274a2e87db9576/prison-population-04-Sept-2015.xls,xls,raw/weekly/5a805ae9e5274a2e87db9576_prison-population-04-Sept-2015.xls
Population bulletin: weekly 28 August 2015,Prison population figures: 2015,https://assets.publishing.service.gov.uk/media/5a80b82540f0b62305b8cc3f/prison-population-28-aug-2015.xls,xls,raw/weekly/5a80b82540f0b62305b8cc3f_prison-population-28-aug-2015.xls
Population bulletin: weekly 21 August 2015,Prison population figures: 2015,https://assets.publishing.service.gov.uk/media/5a80ad89e5274a2e87dbb32d/prison-population-figures-21-aug-2015.xls,xls,raw/weekly/5a80ad89e5274a2e87dbb32d_prison-population-figures-21-aug-2015.xls
Population bulletin: weekly 14 August 2015,Prison population figures: 2015,https://assets.publishing.service.gov.uk/media/5a7f6c21e5274a2e8ab4c164/prison-population-figures-14-august-2015.xls,xls,raw/weekly/5a7f6c21e5274a2e8ab4c164_prison-population-figures-14-august-2015.xls
Population bulletin: weekly 7 August 2015,Prison population figures: 2015,https://assets.publishing.service.gov.uk/media/5a800306e5274a2e8ab4da7c/prison-population-figures-7-august-2015.xls,xls,raw/weekly/5a800306e5274a2e8ab4da7c_prison-population-figures-7-august-2015.xls
Population bulletin: weekly 31 July 2015,Prison population figures: 2015,https://assets.publishing.service.gov.uk/media/5a747a6aed915d0e8e398844/prison-population-31-july-2015.xls,xls,raw/weekly/5a747a6aed915d0e8e398844_prison-population-31-july-2015.xls
Population bulletin: weekly 24 July 2015,Prison population figures: 2015,https://assets.publishing.service.gov.uk/media/5a80042fe5274a2e8ab4daf2/population-bulletin-24-07-2015.xls,xls,raw/weekly/5a80042fe5274a2e8ab4daf2_population-bulletin-24-07-2015.xls
Population bulletin: weekly 17 July 2015,Prison population figures: 2015,https://assets.publishing.service.gov.uk/media/5a80c41040f0b6230269561c/population-bulletin-17-07-2015.xls,xls,raw/weekly/5a80c41040f0b6230269561c_population-bulletin-17-07-2015.xls
Population bulletin: weekly 10 July 2015,Prison population figures: 2015,https://assets.publishing.service.gov.uk/media/5a807e74e5274a2e87dba20c/population-bulletin-10-07-2015.xls,xls,raw/weekly/5a807e74e5274a2e87dba20c_population-bulletin-10-07-2015.xls
Population bulletin: weekly 3 July 2015,Prison population figures: 2015,https://assets.publishing.service.gov.uk/media/5a8097c6ed915d74e33fb4ed/prison-population-figures-03-july-2015.xls,xls,raw/weekly/5a8097c6ed915d74e33fb4ed_prison-population-figures-03-july-2015.xls
Population bulletin: weekly 26 June 2015,Prison population figures: 2015,https://assets.publishing.service.gov.uk/media/5a7f6b7ce5274a2e8ab4c128/prison-population-figures-26-june-2015.xls,xls,raw/weekly/5a7f6b7ce5274a2e8ab4c128_prison-population-figures-26-june-2015.xls
Population bulletin: weekly 19 June 2015,Prison population figures: 2015,https://assets.publishing.service.gov.uk/media/5a75710e40f0b6397f35e742/prison-population-figures-19-jne-2015.xls,xls,raw/weekly/5a75710e40f0b6397f35e742_prison-population-figures-19-jne-2015.xls
 Population bulletin: weekly 12 June 2015,Prison population figures: 2015,https://assets.publishing.service.gov.uk/media/5a81726ced915d74e33fe426/prison-population-figures-12-june-2015.xls,xls,raw/weekly/5a81726ced915d74e33fe426_prison-population-figures-12-june-2015.xls
Population bulletin: weekly 5 June 2015,Prison population figures: 2015,https://assets.publishing.service.gov.uk/media/5a80717de5274a2e87db9d75/prison-population-figures-5-june-2015.xls,xls,raw/weekly/5a80717de5274a2e87db9d75_prison-population-figures-5-june-2015.xls
Population bulletin: weekly 29 May 2015,Prison population figures: 2015,https://assets.publishing.service.gov.uk/media/5a81625ae5274a2e8ab53b3c/prison-population-figures-29-may-2015.xls,xls,raw/weekly/5a81625ae5274a2e8ab53b3c_prison-population-figures-29-may-2015.xls
Population bulletin: weekly 22 May 2015,Prison population figures: 2015,https://assets.publishing.service.gov.uk/media/5a7f5e18ed915d74e622a088/prison-population-figures-22-may-2015.xls,xls,raw/weekly/5a7f5e18ed915d74e622a088_prison-population-figures-22-may-2015.xls
Population bulletin: weekly 15 May 2015,Prison population figures: 2015,https://assets.publishing.service.gov.uk/media/5a80e2e5e5274a2e8ab52b91/prison-population-figures-15-may-2015.xls,xls,raw/weekly/5a80e2e5e5274a2e8ab52b91_prison-population-figures-15-may-2015.xls
Population bulletin: weekly 8 May 2015,Prison population figures: 2015,https://assets.publishing.service.gov.uk/media/5a804fb7e5274a2e8ab4f6bb/prison-population-figures-8-may-2015.xls,xls,raw/weekly/5a804fb7e5274a2e8ab4f6bb_prison-population-figures-8-may-2015.xls
Population bulletin: weekly 1 May 2015,Prison population figures: 2015,https://assets.publishing.service.gov.uk/media/5a7ffa1240f0b62302690c48/prison-population-figures-1-may-2015.xls,xls,raw/weekly/5a7ffa1240f0b62302690c48_prison-population-figures-1-may-2015.xls
Population bulletin: weekly 24 April 2015,Prison population figures: 2015,https://assets.publishing.service.gov.uk/media/5a80f055e5274a2e87dbcab2/prison-population-figures-24-apr-2015.xls,xls,raw/weekly/5a80f055e5274a2e87dbcab2_prison-population-figures-24-apr-2015.xls
Population bulletin: weekly 17 April 2015,Prison population figures: 2015,https://assets.publishing.service.gov.uk/media/5a80115aed915d74e33f841d/prison-population-fgiures-17-apr-2015.xls,xls,raw/weekly/5a80115aed915d74e33f841d_prison-population-fgiures-17-apr-2015.xls
Population bulletin: weekly 10 April 2015,Prison population figures: 2015,https://assets.publishing.service.gov.uk/media/5a802872e5274a2e8ab4e85e/prison-population-figures-10-apr-2015.xls,xls,raw/weekly/5a802872e5274a2e8ab4e85e_prison-population-figures-10-apr-2015.xls
Population bulletin: weekly 27 March 2015,Prison population figures: 2015,https://assets.publishing.service.gov.uk/media/5a7f3b9040f0b6230268e405/prison-population-figures-27-mar-2015.xls,xls,raw/weekly/5a7f3b9040f0b6230268e405_prison-population-figures-27-mar-2015.xls
Population bulletin: weekly 20 March 2015,Prison population figures: 2015,https://assets.publishing.service.gov.uk/media/5a803691ed915d74e33f91e6/prison-population-20-march-2015.xls,xls,raw/weekly/5a803691ed915d74e33f91e6_prison-population-20-march-2015.xls
Population bulletin: weekly 13 March 2015,Prison population figures: 2015,https://assets.publishing.service.gov.uk/media/5a7fa14640f0b62305b88510/prison-population-figures-13-march-2015.xls,xls,raw/weekly/5a7fa14640f0b62305b88510_prison-population-figures-13-march-2015.xls
Population bulletin: weekly 6 March 2015,Prison population figures: 2015,https://assets.publishing.service.gov.uk/media/5a80173640f0b62305b891cf/prison-population-figures-6-march-2015.xls,xls,raw/weekly/5a80173640f0b62305b891cf_prison-population-figures-6-march-2015.xls
Population bulletin: weekly 27 February 2015,Prison population figures: 2015,https://assets.publishing.service.gov.uk/media/5a80ad8a40f0b62302694e2b/prison-population-figures-27-feb-2015.xls,xls,raw/weekly/5a80ad8a40f0b62302694e2b_prison-population-figures-27-feb-2015.xls
Population bulletin: weekly 20 February 2015,Prison population figures: 2015,https://assets.publishing.service.gov.uk/media/5a7f7562ed915d74e33f68f5/prison-popualtion-figures-20-february-2015.xls,xls,raw/weekly/5a7f7562ed915d74e33f68f5_prison-popualtion-figures-20-february-2015.xls
Population bulletin: weekly 13 February 2015,Prison population figures: 2015,https://assets.publishing.service.gov.uk/media/5a818639e5274a2e87dbe17b/prison-population-figures-13022015.xls,xls,raw/weekly/5a818639e5274a2e87dbe17b_prison-population-figures-13022015.xls
Population bulletin: weekly 6 February 2015,Prison population figures: 2015,https://assets.publishing.service.gov.uk/media/5a74b6c440f0b619c8659d43/prison-population-figures-06-feb-2015.xls,xls,raw/weekly/5a74b6c440f0b619c8659d43_prison-population-figures-06-feb-2015.xls
Population bulletin: weekly 30 January 2015,Prison population figures: 2015,https://assets.publishing.service.gov.uk/media/5a7ecb60ed915d74e33f2751/prison-population-figures-30-jan-2015.xls,xls,raw/weekly/5a7ecb60ed915d74e33f2751_prison-population-figures-30-jan-2015.xls
Population bulletin: weekly 23 January 2015,Prison population figures: 2015,https://assets.publishing.service.gov.uk/media/5a74c17640f0b61df47783c0/prison-population-figures-23-jan-2015.xls,xls,raw/weekly/5a74c17640f0b61df47783c0_prison-population-figures-23-jan-2015.xls
Population bulletin: weekly 16 January 2015,Prison population figures: 2015,https://assets.publishing.service.gov.uk/media/5a7f0706e5274a2e8ab49b52/prison-population-16-jan-2015.xls,xls,raw/weekly/5a7f0706e5274a2e8ab49b52_prison-population-16-jan-2015.xls
Population bulletin: weekly 9 January 2015,Prison population figures: 2015,https://assets.publishing.service.gov.uk/media/5a7eec0a40f0b6230268c61d/prison-population-figures-9-jan-2015.xls,xls,raw/weekly/5a7eec0a40f0b6230268c61d_prison-population-figures-9-jan-2015.xls
Population bulletin: weekly 2 January 2015,Prison population figures: 2015,https://assets.publishing.service.gov.uk/media/5a7e4d9c40f0b6230268a7cd/population-bulletin-02-01-2015.xls,xls,raw/weekly/5a7e4d9c40f0b6230268a7cd_population-bulletin-02-01-2015.xls
Population bulletin: weekly 19 December 2014,Prison population figures: 2014,https://assets.publishing.service.gov.uk/media/5a7d94a0ed915d3fb959499e/prison-population-figures-19-dec-2014.xls,xls,raw/weekly/5a7d94a0ed915d3fb959499e_prison-population-figures-19-dec-2014.xls
Population bulletin: weekly 12 December 2014,Prison population figures: 2014,https://assets.publishing.service.gov.uk/media/5a756af1e5274a3edd9a4c20/prison-population-12-dec-2014.xls,xls,raw/weekly/5a756af1e5274a3edd9a4c20_prison-population-12-dec-2014.xls
Population bulletin: weekly 5 December 2014,Prison population figures: 2014,https://assets.publishing.service.gov.uk/media/5a7e319bed915d74e33f0a92/prison-population-figures-5-december-2104.xls,xls,raw/weekly/5a7e319bed915d74e33f0a92_prison-population-figures-5-december-2104.xls
Population bulletin: weekly 28 November 2014,Prison population figures: 2014,https://assets.publishing.service.gov.uk/media/5a7479a240f0b646ce8d9b95/prison-population-figures-28-november-2104.xls,xls,raw/weekly/5a7479a240f0b646ce8d9b95_prison-population-figures-28-november-2104.xls
Population bulletin: weekly 21 November 2014,Prison population figures: 2014,https://assets.publishing.service.gov.uk/media/5a7e287740f0b623026898aa/prison-population-figures-21-nov-2014.xls,xls,raw/weekly/5a7e287740f0b623026898aa_prison-population-figures-21-nov-2014.xls
Population bulletin: weekly 14 November 2014,Prison population figures: 2014,https://assets.publishing.service.gov.uk/media/5a7dd91d40f0b65d88634c77/prison-population-figures-14-nov-2014.xls,xls,raw/weekly/5a7dd91d40f0b65d88634c77_prison-population-figures-14-nov-2014.xls
Population bulletin: weekly 7 November 2014,Prison population figures: 2014,https://assets.publishing.service.gov.uk/media/5a7e0081ed915d74e33ef68c/prison-population-figures-7-nov-2014.xls,xls,raw/weekly/5a7e0081ed915d74e33ef68c_prison-population-figures-7-nov-2014.xls
Population bulletin: weekly 31 October 2014,Prison population figures: 2014,https://assets.publishing.service.gov.uk/media/5a7d8ff2e5274a676d532cc1/prison-population-figures-31-oct-2014.xls,xls,raw/weekly/5a7d8ff2e5274a676d532cc1_prison-population-figures-31-oct-2014.xls
Population bulletin: weekly 24 October 2014,Prison population figures: 2014,https://assets.publishing.service.gov.uk/media/5a7eee5fed915d74e62275fd/prison-population-figures-24-oct-2014.xls,xls,raw/weekly/5a7eee5fed915d74e62275fd_prison-population-figures-24-oct-2014.xls
Population bulletin: weekly 17 October 2014,Prison population figures: 2014,https://assets.publishing.service.gov.uk/media/5a7deb9eed915d74e6222edb/prison-population-figures-17-10-2014.xls,xls,raw/weekly/5a7deb9eed915d74e6222edb_prison-population-figures-17-10-2014.xls
Population bulletin: weekly 10 October 2014,Prison population figures: 2014,https://assets.publishing.service.gov.uk/media/5a74fe6440f0b6399b2afd13/prison-population-figures-10-oct-2014.xls,xls,raw/weekly/5a74fe6440f0b6399b2afd13_prison-population-figures-10-oct-2014.xls
Population bulletin: weekly 3 October 2014,Prison population figures: 2014,https://assets.publishing.service.gov.uk/media/5a7d80d4ed915d269ba8b10f/prison-population-figures-3-oct-2014.xls,xls,raw/weekly/5a7d80d4ed915d269ba8b10f_prison-population-figures-3-oct-2014.xls
Population bulletin: weekly 26 September 2014,Prison population figures: 2014,https://assets.publishing.service.gov.uk/media/5a7def0eed915d74e622303b/prison-population-figures-26-sept-2014.xls,xls,raw/weekly/5a7def0eed915d74e622303b_prison-population-figures-26-sept-2014.xls
Population bulletin: weekly 19 September 2014,Prison population figures: 2014,https://assets.publishing.service.gov.uk/media/5a758cc840f0b6360e474f82/prison-population-figures-19-september-2014.xls,xls,raw/weekly/5a758cc840f0b6360e474f82_prison-population-figures-19-september-2014.xls
Population bulletin: weekly 12 September 2014,Prison population figures: 2014,https://assets.publishing.service.gov.uk/media/5a7dc31040f0b65d88634412/prison-population-figures-12-sept-2014.xls,xls,raw/weekly/5a7dc31040f0b65d88634412_prison-population-figures-12-sept-2014.xls
Population bulletin: weekly 5 September 2014,Prison population figures: 2014,https://assets.publishing.service.gov.uk/media/5a7d7c84e5274a676d5325ad/prison-population-figures-05-sept-2014.xls,xls,raw/weekly/5a7d7c84e5274a676d5325ad_prison-population-figures-05-sept-2014.xls
Population bulletin: weekly 29 August 2014,Prison population figures: 2014,https://assets.publishing.service.gov.uk/media/5a7562f340f0b6397f35e06f/population-bulletin-29-august-2014.xls,xls,raw/weekly/5a7562f340f0b6397f35e06f_population-bulletin-29-august-2014.xls
Population bulletin: weekly 22 August 2014,Prison population figures: 2014,https://assets.publishing.service.gov.uk/media/5a7decdfe5274a2e87dae68f/prison-population-figures-22-Aug-2014.xls,xls,raw/weekly/5a7decdfe5274a2e87dae68f_prison-population-figures-22-Aug-2014.xls
Population bulletin: weekly 15 August 2014,Prison population figures: 2014,https://assets.publishing.service.gov.uk/media/5a7df18840f0b62302688233/prison-population-figures-15-aug-2014.xls,xls,raw/weekly/5a7df18840f0b62302688233_prison-population-figures-15-aug-2014.xls
Population bulletin: weekly 8 August 2014,Prison population figures: 2014,https://assets.publishing.service.gov.uk/media/5a7eabf040f0b6230268aca7/prison-population-figures-8-aug-2014.xls,xls,raw/weekly/5a7eabf040f0b6230268aca7_prison-population-figures-8-aug-2014.xls
Population bulletin: weekly 1 August 2014,Prison population figures: 2014,https://assets.publishing.service.gov.uk/media/5a7d59b1ed915d28e9f39c2b/prison-population-figures-1-aug-2014.xls,xls,raw/weekly/5a7d59b1ed915d28e9f39c2b_prison-population-figures-1-aug-2014.xls
Population bulletin: weekly 25 July 2014,Prison population figures: 2014,https://assets.publishing.service.gov.uk/media/5a7d92aeed915d497af703d9/prison-population-25-july-2014.xls,xls,raw/weekly/5a7d92aeed915d497af703d9_prison-population-25-july-2014.xls
Population bulletin: weekly 18 July 2014,Prison population figures: 2014,https://assets.publishing.service.gov.uk/media/5a7e1e6740f0b623026894b6/prison-population-18-july-2014.xls,xls,raw/weekly/5a7e1e6740f0b623026894b6_prison-population-18-july-2014.xls
Population bulletin: weekly 11 July 2014,Prison population figures: 2014,https://assets.publishing.service.gov.uk/media/5a759101ed915d6faf2b3fbe/population-bulletin-11-July-2014.xls,xls,raw/weekly/5a759101ed915d6faf2b3fbe_population-bulletin-11-July-2014.xls
Population bulletin: weekly 4 July 2014,Prison population figures: 2014,https://assets.publishing.service.gov.uk/media/5a7ec50340f0b62305b83107/prison-population-figures-4-jul-2014.xls,xls,raw/weekly/5a7ec50340f0b62305b83107_prison-population-figures-4-jul-2014.xls
Population bulletin: weekly 27 June 2014,Prison population figures: 2014,https://assets.publishing.service.gov.uk/media/5a7e12d4ed915d74e6223ee7/prison-population-figures-27-june-2014.xls,xls,raw/weekly/5a7e12d4ed915d74e6223ee7_prison-population-figures-27-june-2014.xls
Population bulletin: weekly 20 June 2014,Prison population figures: 2014,https://assets.publishing.service.gov.uk/media/5a7dd12e40f0b65d8b4e3ae9/prison-population-figures-20-june-2014.xls,xls,raw/weekly/5a7dd12e40f0b65d8b4e3ae9_prison-population-figures-20-june-2014.xls
Population bulletin: weekly 13 June 2014,Prison population figures: 2014,https://assets.publishing.service.gov.uk/media/5a7da47c40f0b65d8b4e2a06/prison-population-figures-13-june-2014.xls,xls,raw/weekly/5a7da47c40f0b65d8b4e2a06_prison-population-figures-13-june-2014.xls
Population bulletin: weekly 6 June 2014,Prison population figures: 2014,https://assets.publishing.service.gov.uk/media/5a7e127aed915d74e6223ec5/prison-population-figures-06-jun-2014.xls,xls,raw/weekly/5a7e127aed915d74e6223ec5_prison-population-figures-06-jun-2014.xls
Population bulletin: weekly 30 May 2014,Prison population figures: 2014,https://assets.publishing.service.gov.uk/media/5a7dbe2a40f0b65d88634238/prison-population-figures-30-may-2014.xls,xls,raw/weekly/5a7dbe2a40f0b65d88634238_prison-population-figures-30-may-2014.xls
Population bulletin: weekly 23 May 2014,Prison population figures: 2014,https://assets.publishing.service.gov.uk/media/5a7efda240f0b62305b8472e/prison-population-figures-23-may-2014.xls,xls,raw/weekly/5a7efda240f0b62305b8472e_prison-population-figures-23-may-2014.xls
Population bulletin: weekly 16 May 2014,Prison population figures: 2014,https://assets.publishing.service.gov.uk/media/5a7ebe8240f0b6230268b439/prison-population-figures-16-may-2014.xls,xls,raw/weekly/5a7ebe8240f0b6230268b439_prison-population-figures-16-may-2014.xls
Population bulletin: weekly 9 May 2014,Prison population figures: 2014,https://assets.publishing.service.gov.uk/media/5a7e2b40ed915d74e62248d4/prison-population-figures-09-may-2014.xls,xls,raw/weekly/5a7e2b40ed915d74e62248d4_prison-population-figures-09-may-2014.xls
Population bulletin: weekly 2 May 2014,Prison population figures: 2014,https://assets.publishing.service.gov.uk/media/5a7ea64b40f0b62305b824a2/prison-population-figures-02-may-2014.xls,xls,raw/weekly/5a7ea64b40f0b62305b824a2_prison-population-figures-02-may-2014.xls
Population bulletin: weekly 25 April 2014,Prison population figures: 2014,https://assets.publishing.service.gov.uk/media/5a7ea5c240f0b6230268aa3f/population-bulletin-25-april-2014.xls,xls,raw/weekly/5a7ea5c240f0b6230268aa3f_population-bulletin-25-april-2014.xls
Population bulletin: weekly 11 April 2014,Prison population figures: 2014,https://assets.publishing.service.gov.uk/media/5a7deddbe5274a2e87dae6f5/population-bulletin-11-april-2014.xls,xls,raw/weekly/5a7deddbe5274a2e87dae6f5_population-bulletin-11-april-2014.xls
Population bulletin: weekly 4 April 2014,Prison population figures: 2014,https://assets.publishing.service.gov.uk/media/5a758895ed915d6faf2b3ba6/population-bulletin-4-april-2014.xls,xls,raw/weekly/5a758895ed915d6faf2b3ba6_population-bulletin-4-april-2014.xls
Population  bulletin: weekly 28 March 2014,Prison population figures: 2014,https://assets.publishing.service.gov.uk/media/5a7cc9bded915d6b29fa8abe/prison-population-28-march-2014.xls,xls,raw/weekly/5a7cc9bded915d6b29fa8abe_prison-population-28-march-2014.xls
Population bulletin: weekly 21 March 2014,Prison population figures: 2014,https://assets.publishing.service.gov.uk/media/5a7c631ee5274a7ee25671fb/prison-population-figures-21-mar-2014.xls,xls,raw/weekly/5a7c631ee5274a7ee25671fb_prison-population-figures-21-mar-2014.xls
Population bulletin: weekly 14 March 2014,Prison population figures: 2014,https://assets.publishing.service.gov.uk/media/5a7cdaa4e5274a2ae6eeb2d6/prison-population-figures-140314.xls,xls,raw/weekly/5a7cdaa4e5274a2ae6eeb2d6_prison-population-figures-140314.xls
Population bulletin: weekly 7 March 2014,Prison population figures: 2014,https://assets.publishing.service.gov.uk/media/5a7cb3a6e5274a38e575639d/prison-population-figures-7-mar-2014.xls,xls,raw/weekly/5a7cb3a6e5274a38e575639d_prison-population-figures-7-mar-2014.xls
Population bulletin: weekly 28 February 2014,Prison population figures: 2014,https://assets.publishing.service.gov.uk/media/5a7c564c40f0b62dffde170a/prison-population-figures-28-feb-2014.xls,xls,raw/weekly/5a7c564c40f0b62dffde170a_prison-population-figures-28-feb-2014.xls
Population bulletin: weekly 21 February 2014,Prison population figures: 2014,https://assets.publishing.service.gov.uk/media/5a74bf06e5274a3cb2866d91/prison-population-21-feb-2014.xls,xls,raw/weekly/5a74bf06e5274a3cb2866d91_prison-population-21-feb-2014.xls
Population bulletin: weekly 14 February 2014,Prison population figures: 2014,https://assets.publishing.service.gov.uk/media/5a7c72d8ed915d6969f44f10/prison-population-figures-14022014.xls,xls,raw/weekly/5a7c72d8ed915d6969f44f10_prison-population-figures-14022014.xls
Population bulletin: weekly 7 February 2014,Prison population figures: 2014,https://assets.publishing.service.gov.uk/media/5a750992e5274a59fa716e81/prison-population-figures-07022014.xls,xls,raw/weekly/5a750992e5274a59fa716e81_prison-population-figures-07022014.xls
Population bulletin: weekly 31 January 2014,Prison population figures: 2014,https://assets.publishing.service.gov.uk/media/5a7c56beed915d3d0e87bb83/prison-population-figures-31-jan-2013.xls,xls,raw/weekly/5a7c56beed915d3d0e87bb83_prison-population-figures-31-jan-2013.xls
Population bulletin: weekly 24 January 2014,Prison population figures: 2014,https://assets.publishing.service.gov.uk/media/5a7bfa26ed915d01ba1ca5c8/population-bulletin-24-jan-2014.xls,xls,raw/weekly/5a7bfa26ed915d01ba1ca5c8_population-bulletin-24-jan-2014.xls
Population bulletin: weekly 17 January 2014,Prison population figures: 2014,https://assets.publishing.service.gov.uk/media/5a7c4a03ed915d338141dd02/prison-population-17012014.xls,xls,raw/weekly/5a7c4a03ed915d338141dd02_prison-population-17012014.xls
Population bulletin: weekly 10 January 2014,Prison population figures: 2014,https://assets.publishing.service.gov.uk/media/5a7cb981ed915d63cc65c782/population-bulletin-10-jan-2014.xls,xls,raw/weekly/5a7cb981ed915d63cc65c782_population-bulletin-10-jan-2014.xls
Population bulletin: weekly 3 January 2014,Prison population figures: 2014,https://assets.publishing.service.gov.uk/media/5a7c790aed915d48c240ff85/population-bulletin-3-Jan-2014.xls,xls,raw/weekly/5a7c790aed915d48c240ff85_population-bulletin-3-Jan-2014.xls
Population Bulletin - Weekly 08 March 2013,Prison population figures: 2013,https://assets.publishing.service.gov.uk/media/5a7c2541e5274a1f5cc7612f/prison-population-080313.xls,xls,raw/weekly/5a7c2541e5274a1f5cc7612f_prison-population-080313.xls
Population Bulletin - Weekly 01 March 2013,Prison population figures: 2013,https://assets.publishing.service.gov.uk/media/5a7c3828ed915d76e2ebbe2c/prison-population-010313.xls,xls,raw/weekly/5a7c3828ed915d76e2ebbe2c_prison-population-010313.xls
Population Bulletin - Weekly 22 February 2013,Prison population figures: 2013,https://assets.publishing.service.gov.uk/media/5a7c826340f0b626628ac901/prison-population-220213.xls,xls,raw/weekly/5a7c826340f0b626628ac901_prison-population-220213.xls
Population Bulletin - Weekly 15 February 2013,Prison population figures: 2013,https://assets.publishing.service.gov.uk/media/5a7ca43aed915d6969f46509/prison-population-150213.xls,xls,raw/weekly/5a7ca43aed915d6969f46509_prison-population-150213.xls
Population Bulletin - Weekly 08 February 2013,Prison population figures: 2013,https://assets.publishing.service.gov.uk/media/5a7c7f12e5274a559005a44e/prison-population-080213.xls,xls,raw/weekly/5a7c7f12e5274a559005a44e_prison-population-080213.xls
Population Bulletin - Weekly 01 February 2013,Prison population figures: 2013,https://assets.publishing.service.gov.uk/media/5a7c9425e5274a7b7e321625/prison-population-010213.xls,xls,raw/weekly/5a7c9425e5274a7b7e321625_prison-population-010213.xls
Population Bulletin - Weekly 25 January 2013,Prison population figures: 2013,https://assets.publishing.service.gov.uk/media/5a7c447fed915d7d70d1db3d/prison-population-250113.xls,xls,raw/weekly/5a7c447fed915d7d70d1db3d_prison-population-250113.xls
Population Bulletin - Weekly 18 January 2013,Prison population figures: 2013,https://assets.publishing.service.gov.uk/media/5a74db5840f0b65c0e84508e/prison-population-180113.xls,xls,raw/weekly/5a74db5840f0b65c0e84508e_prison-population-180113.xls
Population Bulletin - Weekly 11 January 2013,Prison population figures: 2013,https://assets.publishing.service.gov.uk/media/5a7c025940f0b645ba3c6238/prison-population-110113.xls,xls,raw/weekly/5a7c025940f0b645ba3c6238_prison-population-110113.xls
Population Bulletin - Weekly 04 January 2013,Prison population figures: 2013,https://assets.publishing.service.gov.uk/media/5a74bdaced915d4d83b5e945/prison-population-040113.xls,xls,raw/weekly/5a74bdaced915d4d83b5e945_prison-population-040113.xls
Population Bulletin - Weekly 22 March 2013,Prison population figures: 2013,https://assets.publishing.service.gov.uk/media/5a7b1ee940f0b66eab99f217/prison-population-220313.xls,xls,raw/weekly/5a7b1ee940f0b66eab99f217_prison-population-220313.xls
Population Bulletin - Weekly 5 April 2013,Prison population figures: 2013,https://assets.publishing.service.gov.uk/media/5a7b08ef40f0b66a2fc04a99/prison-population-050413.xls,xls,raw/weekly/5a7b08ef40f0b66a2fc04a99_prison-population-050413.xls
Population Bulletin - Weekly 12 April 2013,Prison population figures: 2013,https://assets.publishing.service.gov.uk/media/5a7acf7aed915d71db8b2a1c/prison-population-120413.xls,xls,raw/weekly/5a7acf7aed915d71db8b2a1c_prison-population-120413.xls
Population Bulletin - Weekly 19 April 2013,Prison population figures: 2013,https://assets.publishing.service.gov.uk/media/5a7a4b9f40f0b66eab99b29f/prison-population-190413.xls,xls,raw/weekly/5a7a4b9f40f0b66eab99b29f_prison-population-190413.xls
Population Bulletin - Weekly 26 April 2013,Prison population figures: 2013,https://assets.publishing.service.gov.uk/media/5a7b4aed40f0b646469352d7/prison-population-260413.xls,xls,raw/weekly/5a7b4aed40f0b646469352d7_prison-population-260413.xls
Population Bulletin - Weekly 3 May 2013,Prison population figures: 2013,https://assets.publishing.service.gov.uk/media/5a757c7aed915d731495a56b/prison-population-030513.xls,xls,raw/weekly/5a757c7aed915d731495a56b_prison-population-030513.xls
Population Bulletin - Weekly 10 May 2013,Prison population figures: 2013,https://assets.publishing.service.gov.uk/media/5a7aee5ee5274a319e77bbb8/prison-population-10-may-2013.xls,xls,raw/weekly/5a7aee5ee5274a319e77bbb8_prison-population-10-may-2013.xls
Population Bulletin - Weekly 17 May 2013,Prison population figures: 2013,https://assets.publishing.service.gov.uk/media/5a75a9c7ed915d6faf2b4bb9/prison-population-17-may-2013.xls,xls,raw/weekly/5a75a9c7ed915d6faf2b4bb9_prison-population-17-may-2013.xls
Population Bulletin - Weekly 24 May 2013,Prison population figures: 2013,https://assets.publishing.service.gov.uk/media/5a7c7b6aed915d48c241008f/prison-population-24-may-2013.xls,xls,raw/weekly/5a7c7b6aed915d48c241008f_prison-population-24-may-2013.xls
Population Bulletin - Weekly 31 May 2013,Prison population figures: 2013,https://assets.publishing.service.gov.uk/media/5a74efbced915d502d6cc32b/prison-population-31-may-2013.xls,xls,raw/weekly/5a74efbced915d502d6cc32b_prison-population-31-may-2013.xls
Population Bulletin - Weekly 7 June 2013,Prison population figures: 2013,https://assets.publishing.service.gov.uk/media/5a7ca5f2ed915d6969f465da/prison-population-07-june-2013.xls,xls,raw/weekly/5a7ca5f2ed915d6969f465da_prison-population-07-june-2013.xls
Population Bulletin - Weekly 14 June 2013,Prison population figures: 2013,https://assets.publishing.service.gov.uk/media/5a7c2461ed915d1b3a307acb/prison-population-14-june-2013.xls,xls,raw/weekly/5a7c2461ed915d1b3a307acb_prison-population-14-june-2013.xls
Population Bulletin - Weekly 21 June 2013,Prison population figures: 2013,https://assets.publishing.service.gov.uk/media/5a7bac55ed915d1311060c37/prison-population-21-june-2013.xls,xls,raw/weekly/5a7bac55ed915d1311060c37_prison-population-21-june-2013.xls
Population Bulletin - Weekly 28 June 2013,Prison population figures: 2013,https://assets.publishing.service.gov.uk/media/5a7c944aed915d12ab4bbb83/prison-population-28-june-2013.xls,xls,raw/weekly/5a7c944aed915d12ab4bbb83_prison-population-28-june-2013.xls
Population Bulletin - Weekly 5 July 2013,Prison population figures: 2013,https://assets.publishing.service.gov.uk/media/5a7b9aaa40f0b645ba3c5640/prison-population-4-july-2013.xls,xls,raw/weekly/5a7b9aaa40f0b645ba3c5640_prison-population-4-july-2013.xls
Population Bulletin - Weekly 12 July 2013,Prison population figures: 2013,https://assets.publishing.service.gov.uk/media/5a7ced7bed915d211b1ca41c/prison-population-figures-12-july-2013.xls,xls,raw/weekly/5a7ced7bed915d211b1ca41c_prison-population-figures-12-july-2013.xls
Population Bulletin - Weekly 19 July 2013,Prison population figures: 2013,https://assets.publishing.service.gov.uk/media/5a7ba93440f0b638d61be1db/prison-population-figures-19-july-2013.xls,xls,raw/weekly/5a7ba93440f0b638d61be1db_prison-population-figures-19-july-2013.xls
Population Bulletin - Weekly 26 July 2013,Prison population figures: 2013,https://assets.publishing.service.gov.uk/media/5a7cb39be5274a2f304ef907/prison-population-260713.xls,xls,raw/weekly/5a7cb39be5274a2f304ef907_prison-population-260713.xls
Population Bulletin - Weekly 2 August 2013,Prison population figures: 2013,https://assets.publishing.service.gov.uk/media/5a74df9840f0b65c0e8452d1/prison-population-02-august-2013.xls,xls,raw/weekly/5a74df9840f0b65c0e8452d1_prison-population-02-august-2013.xls
Population Bulletin - Weekly 9 August 2013,Prison population figures: 2013,https://assets.publishing.service.gov.uk/media/5a7c50cded915d338141dfea/prison-population-figures-09-aug-2013.xls,xls,raw/weekly/5a7c50cded915d338141dfea_prison-population-figures-09-aug-2013.xls
Population Bulletin - Weekly 16 August 2013,Prison population figures: 2013,https://assets.publishing.service.gov.uk/media/5a7ce262e5274a2c9a484b3f/prison-population-figures-16082013.xls,xls,raw/weekly/5a7ce262e5274a2c9a484b3f_prison-population-figures-16082013.xls
Population Bulletin - Weekly 23 August 2013,Prison population figures: 2013,https://assets.publishing.service.gov.uk/media/5a7c8366ed915d6969f45677/prison-population-230813.xls,xls,raw/weekly/5a7c8366ed915d6969f45677_prison-population-230813.xls
Population Bulletin - Weekly 30 August 2013,Prison population figures: 2013,https://assets.publishing.service.gov.uk/media/5a74d19eed915d3c7d528323/prison-population-30-08-2013.xls,xls,raw/weekly/5a74d19eed915d3c7d528323_prison-population-30-08-2013.xls
Population Bulletin -Weekly 6 September 2013,Prison population figures: 2013,https://assets.publishing.service.gov.uk/media/5a7c286ae5274a25a9140d40/population-figures-060913.xls,xls,raw/weekly/5a7c286ae5274a25a9140d40_population-figures-060913.xls
Population Bulletin - Weekly 13 September 2013,Prison population figures: 2013,https://assets.publishing.service.gov.uk/media/5a7c9f97ed915d12ab4bc095/population-figures-13092013.xls,xls,raw/weekly/5a7c9f97ed915d12ab4bc095_population-figures-13092013.xls
Population Bulletin - Weekly 20 September 2013,Prison population figures: 2013,https://assets.publishing.service.gov.uk/media/5a7ba9bbe5274a7318b901ca/prison-population-200913.xls,xls,raw/weekly/5a7ba9bbe5274a7318b901ca_prison-population-200913.xls
Population Bulletin - Weekly 27 September 2013,Prison population figures: 2013,https://assets.publishing.service.gov.uk/media/5a7c13fd40f0b645ba3c68ee/prison-population-270913.xls,xls,raw/weekly/5a7c13fd40f0b645ba3c68ee_prison-population-270913.xls
Population Bulletin - Weekly 4 October 2013,Prison population figures: 2013,https://assets.publishing.service.gov.uk/media/5a7c412340f0b6321db37f3f/prison-population-4-october-2013.xls,xls,raw/weekly/5a7c412340f0b6321db37f3f_prison-population-4-october-2013.xls
Population Bulletin - Weekly 11 October 2013,Prison population figures: 2013,https://assets.publishing.service.gov.uk/media/5a7c3061e5274a1f5cc76605/prison-population-11102013.xls,xls,raw/weekly/5a7c3061e5274a1f5cc76605_prison-population-11102013.xls
Population Bulletin - Weekly 18 October 2013,Prison population figures: 2013,https://assets.publishing.service.gov.uk/media/5a7c48baed915d7d70d1dd21/prison-population-18-10-2013.xls,xls,raw/weekly/5a7c48baed915d7d70d1dd21_prison-population-18-10-2013.xls
Population Bulletin - Weekly 25 October 2013,Prison population figures: 2013,https://assets.publishing.service.gov.uk/media/5a7ca7e1e5274a38e5755ef8/population-figures-25-10-2013.xls,xls,raw/weekly/5a7ca7e1e5274a38e5755ef8_population-figures-25-10-2013.xls
Population Bulletin - Weekly 1 November 2013,Prison population figures: 2013,https://assets.publishing.service.gov.uk/media/5a7cbec240f0b65b3de0ae93/prison-population-011113.xls,xls,raw/weekly/5a7cbec240f0b65b3de0ae93_prison-population-011113.xls
Population Bulletin - Weekly 8 November 2013,Prison population figures: 2013,https://assets.publishing.service.gov.uk/media/5a7c1a4c40f0b645ba3c6b5a/prison-population-08112013.xls,xls,raw/weekly/5a7c1a4c40f0b645ba3c6b5a_prison-population-08112013.xls
Population Bulletin - Weekly 15 November 2013,Prison population figures: 2013,https://assets.publishing.service.gov.uk/media/5a7c446640f0b6321db380a2/prison-population-15-Nov-2013.xls,xls,raw/weekly/5a7c446640f0b6321db380a2_prison-population-15-Nov-2013.xls
Population Bulletin - Weekly 22 November 2013,Prison population figures: 2013,https://assets.publishing.service.gov.uk/media/5a74d49d40f0b65c0e844d12/prison-population-figures-22-nov-2013.xls,xls,raw/weekly/5a74d49d40f0b65c0e844d12_prison-population-figures-22-nov-2013.xls
Population Bulletin - Weekly 29 November 2013,Prison population figures: 2013,https://assets.publishing.service.gov.uk/media/5a7c66fbe5274a7ee25673a7/prison-population-29-nov-13.xls,xls,raw/weekly/5a7c66fbe5274a7ee25673a7_prison-population-29-nov-13.xls
Population Bulletin - Weekly 06 December 2013,Prison population figures: 2013,https://assets.publishing.service.gov.uk/media/5a7c78a7e5274a5255bcee0a/prison-population-061213.xls,xls,raw/weekly/5a7c78a7e5274a5255bcee0a_prison-population-061213.xls
Population Bulletin - Weekly 13 December 2013,Prison population figures: 2013,https://assets.publishing.service.gov.uk/media/5a7c45c6e5274a1b00422a65/prison-population-131213.xls,xls,raw/weekly/5a7c45c6e5274a1b00422a65_prison-population-131213.xls
Population Bulletin - Weekly 20 December 2013,Prison population figures: 2013,https://assets.publishing.service.gov.uk/media/5a7b915540f0b62826a046a3/prison-population-figures-20-12-2013.xls,xls,raw/weekly/5a7b915540f0b62826a046a3_prison-population-figures-20-12-2013.xls
Population Bulletin - Weekly 27 December 2013,Prison population figures: 2013,https://assets.publishing.service.gov.uk/media/5a7c3251e5274a25a914119c/prison-population-figures-27-12-2013.xls,xls,raw/weekly/5a7c3251e5274a25a914119c_prison-population-figures-27-12-2013.xls
Population Bulletin - Weekly 28 December 2012,Prison population figures: 2012,https://assets.publishing.service.gov.uk/media/5a7c77d8ed915d6969f45155/prison-population-281212.xls,xls,raw/weekly/5a7c77d8ed915d6969f45155_prison-population-281212.xls
Population Bulletin - Weekly 21 December 2012,Prison population figures: 2012,https://assets.publishing.service.gov.uk/media/5a7ca1cae5274a38e5755c58/prison-population-211212.xls,xls,raw/weekly/5a7ca1cae5274a38e5755c58_prison-population-211212.xls
Population Bulletin - Weekly 14 December 2012,Prison population figures: 2012,https://assets.publishing.service.gov.uk/media/5a74ee70ed915d502d6cc273/prison-population-141212.xls,xls,raw/weekly/5a74ee70ed915d502d6cc273_prison-population-141212.xls
Population Bulletin - Weekly 07 December 2012,Prison population figures: 2012,https://assets.publishing.service.gov.uk/media/5a7b7f07ed915d131105f9e1/prison-population-071212.xls,xls,raw/weekly/5a7b7f07ed915d131105f9e1_prison-population-071212.xls
Population Bulletin - Weekly 30 November 2012,Prison population figures: 2012,https://assets.publishing.service.gov.uk/media/5a7cd07c40f0b6629523bf9d/prison-population-301112.xls,xls,raw/weekly/5a7cd07c40f0b6629523bf9d_prison-population-301112.xls
Population Bulletin - Weekly 23 November 2012,Prison population figures: 2012,https://assets.publishing.service.gov.uk/media/5a756b83e5274a3edd9a4c6d/prison-population-231112.xls,xls,raw/weekly/5a756b83e5274a3edd9a4c6d_prison-population-231112.xls
Population Bulletin - Weekly 16 November 2012,Prison population figures: 2012,https://assets.publishing.service.gov.uk/media/5a7c5bf940f0b6601cef574d/prison-population-161112.xls,xls,raw/weekly/5a7c5bf940f0b6601cef574d_prison-population-161112.xls
Population Bulletin - Weekly 09 November 2012,Prison population figures: 2012,https://assets.publishing.service.gov.uk/media/5a7c681fe5274a5590059a74/prison-population-091112.xls,xls,raw/weekly/5a7c681fe5274a5590059a74_prison-population-091112.xls
Population Bulletin - Weekly 02 November 2012,Prison population figures: 2012,https://assets.publishing.service.gov.uk/media/5a7c233b40f0b645ba3c6eb3/prison-population-021112.xls,xls,raw/weekly/5a7c233b40f0b645ba3c6eb3_prison-population-021112.xls
Population Bulletin - Weekly 26 October 2012,Prison population figures: 2012,https://assets.publishing.service.gov.uk/media/5a7c338ae5274a1f5cc76780/prison-population-26-10-12.xls,xls,raw/weekly/5a7c338ae5274a1f5cc76780_prison-population-26-10-12.xls
Population Bulletin - Weekly 19 October 2012,Prison population figures: 2012,https://assets.publishing.service.gov.uk/media/5a7c892440f0b626628acbf5/prison-population-191012.xls,xls,raw/weekly/5a7c892440f0b626628acbf5_prison-population-191012.xls
Population Bulletin - Weekly 12 October 2012,Prison population figures: 2012,https://assets.publishing.service.gov.uk/media/5a7c3318e5274a1f5cc76746/prison-population-121012.xls,xls,raw/weekly/5a7c3318e5274a1f5cc76746_prison-population-121012.xls
Population Bulletin - Weekly 05 October 2012,Prison population figures: 2012,https://assets.publishing.service.gov.uk/media/5a7c9c1540f0b6629523aa11/prison-population-051012.xls,xls,raw/weekly/5a7c9c1540f0b6629523aa11_prison-population-051012.xls
Population Bulletin - Weekly 28 September 2012,Prison population figures: 2012,https://assets.publishing.service.gov.uk/media/5a7ba17040f0b62826a04cfc/prison-population-280912.xls,xls,raw/weekly/5a7ba17040f0b62826a04cfc_prison-population-280912.xls
Population Bulletin - Weekly 21 September 2012,Prison population figures: 2012,https://assets.publishing.service.gov.uk/media/5a7c925e40f0b62aff6c29c0/prison-population-210912.xls,xls,raw/weekly/5a7c925e40f0b62aff6c29c0_prison-population-210912.xls
Population Bulletin - Weekly 14 September 2012,Prison population figures: 2012,https://assets.publishing.service.gov.uk/media/5a7b91e9ed915d13110601be/prison-population-140912.xls,xls,raw/weekly/5a7b91e9ed915d13110601be_prison-population-140912.xls
Population Bulletin - Weekly 07 September 2012,Prison population figures: 2012,https://assets.publishing.service.gov.uk/media/5a7c0be540f0b645ba3c65df/prison-population-070912.xls,xls,raw/weekly/5a7c0be540f0b645ba3c65df_prison-population-070912.xls
Population Bulletin - Weekly 31 August 2012,Prison population figures: 2012,https://assets.publishing.service.gov.uk/media/5a7c220a40f0b645ba3c6e3e/prison-population-310812.xls,xls,raw/weekly/5a7c220a40f0b645ba3c6e3e_prison-population-310812.xls
Population Bulletin - Weekly 24 August 2012,Prison population figures: 2012,https://assets.publishing.service.gov.uk/media/5a7b9880ed915d1311060459/prison-population-240812.xls,xls,raw/weekly/5a7b9880ed915d1311060459_prison-population-240812.xls
Population Bulletin - Weekly 17 August 2012,Prison population figures: 2012,https://assets.publishing.service.gov.uk/media/5a7c0098ed915d4147622282/prison-population-170812.xls,xls,raw/weekly/5a7c0098ed915d4147622282_prison-population-170812.xls
Population Bulletin - Weekly 10 August 2012,Prison population figures: 2012,https://assets.publishing.service.gov.uk/media/5a7cd83ce5274a2c9a484759/prison-population-100812.xls,xls,raw/weekly/5a7cd83ce5274a2c9a484759_prison-population-100812.xls
Population Bulletin - Weekly 03 August 2012,Prison population figures: 2012,https://assets.publishing.service.gov.uk/media/5a7c7390e5274a5590059f4e/prison-population-030812.xls,xls,raw/weekly/5a7c7390e5274a5590059f4e_prison-population-030812.xls
Population Bulletin - Weekly 27 July 2012,Prison population figures: 2012,https://assets.publishing.service.gov.uk/media/5a7c1e1c40f0b61a825d6905/prison-population-270712.xls,xls,raw/weekly/5a7c1e1c40f0b61a825d6905_prison-population-270712.xls
Population Bulletin - Weekly 20 July 2012,Prison population figures: 2012,https://assets.publishing.service.gov.uk/media/5a7593d5e5274a545822c986/prison-population-200712.xls,xls,raw/weekly/5a7593d5e5274a545822c986_prison-population-200712.xls
Population Bulletin - Weekly 13 July 2012,Prison population figures: 2012,https://assets.publishing.service.gov.uk/media/5a7cd196e5274a2c9a4844cc/prison-population-13-07-12.xls,xls,raw/weekly/5a7cd196e5274a2c9a4844cc_prison-population-13-07-12.xls
Population Bulletin - Weekly 06 July 2012,Prison population figures: 2012,https://assets.publishing.service.gov.uk/media/5a7cbc61e5274a2f304efc3f/prison-population-060712.xls,xls,raw/weekly/5a7cbc61e5274a2f304efc3f_prison-population-060712.xls
Population Bulletin - Weekly 29 June 2012,Prison population figures: 2012,https://assets.publishing.service.gov.uk/media/5a7c75cc40f0b62aff6c1d22/prison-population-290612.xls,xls,raw/weekly/5a7c75cc40f0b62aff6c1d22_prison-population-290612.xls
Population Bulletin - Weekly 22 June 2012,Prison population figures: 2012,https://assets.publishing.service.gov.uk/media/5a7c6b4fed915d6969f44bab/prison-population-220612.xls,xls,raw/weekly/5a7c6b4fed915d6969f44bab_prison-population-220612.xls
Population Bulletin - Weekly 15 June 2012,Prison population figures: 2012,https://assets.publishing.service.gov.uk/media/5a75c105ed915d506ee813a3/prison-population-150612.xls,xls,raw/weekly/5a75c105ed915d506ee813a3_prison-population-150612.xls
Population Bulletin - Weekly 08 June 2012,Prison population figures: 2012,https://assets.publishing.service.gov.uk/media/5a7b9d05ed915d4147621854/prison-population-080612.xls,xls,raw/weekly/5a7b9d05ed915d4147621854_prison-population-080612.xls
Population Bulletin - Weekly 01 June 2012,Prison population figures: 2012,https://assets.publishing.service.gov.uk/media/5a75a47ced915d506ee80617/prison-population-010612.xls,xls,raw/weekly/5a75a47ced915d506ee80617_prison-population-010612.xls
Population Bulletin - Weekly 25 May 2012,Prison population figures: 2012,https://assets.publishing.service.gov.uk/media/5a7c6ac3e5274a5255bce7fb/prison-population-25-may-2012.xls,xls,raw/weekly/5a7c6ac3e5274a5255bce7fb_prison-population-25-may-2012.xls
Population Bulletin - Weekly 18 May 2012,Prison population figures: 2012,https://assets.publishing.service.gov.uk/media/5a7cc4c7e5274a2f304eff46/prison-population-180512.xls,xls,raw/weekly/5a7cc4c7e5274a2f304eff46_prison-population-180512.xls
Population Bulletin - Weekly 11 May 2012,Prison population figures: 2012,https://assets.publishing.service.gov.uk/media/5a7ba89de5274a7318b9015d/prison-population-110512.xls,xls,raw/weekly/5a7ba89de5274a7318b9015d_prison-population-110512.xls
Population Bulletin - Weekly 04 May 2012,Prison population figures: 2012,https://assets.publishing.service.gov.uk/media/5a7cbaade5274a38e5756647/prison-population-040512.xls,xls,raw/weekly/5a7cbaade5274a38e5756647_prison-population-040512.xls
Population Bulletin - Weekly 27 April 2012,Prison population figures: 2012,https://assets.publishing.service.gov.uk/media/5a74947ce5274a44083b7d0a/prison-population-270412.xls,xls,raw/weekly/5a74947ce5274a44083b7d0a_prison-population-270412.xls
Population Bulletin - Weekly 20 April 2012,Prison population figures: 2012,https://assets.publishing.service.gov.uk/media/5a7c4617e5274a1b00422a87/prison-population-200412.xls,xls,raw/weekly/5a7c4617e5274a1b00422a87_prison-population-200412.xls
Population Bulletin - Weekly 13 April 2012,Prison population figures: 2012,https://assets.publishing.service.gov.uk/media/5a7cca06e5274a2c9a484209/prison-population-130412.xls,xls,raw/weekly/5a7cca06e5274a2c9a484209_prison-population-130412.xls
Population Bulletin - Weekly 30 March 2012,Prison population figures: 2012,https://assets.publishing.service.gov.uk/media/5a74b84840f0b619c8659e04/prison-population-300312.xls,xls,raw/weekly/5a74b84840f0b619c8659e04_prison-population-300312.xls
Population Bulletin - Weekly 23 March 2012,Prison population figures: 2012,https://assets.publishing.service.gov.uk/media/5a7c33c640f0b67d0b11f8af/prison-population-230312.xls,xls,raw/weekly/5a7c33c640f0b67d0b11f8af_prison-population-230312.xls
Population Bulletin - Weekly 16 March 2012,Prison population figures: 2012,https://assets.publishing.service.gov.uk/media/5a7cdb3540f0b65b3de0b93f/prison-population-16-march-2012.xls,xls,raw/weekly/5a7cdb3540f0b65b3de0b93f_prison-population-16-march-2012.xls
Population bulletin - Weekly 9 March 2012,Prison population figures: 2012,https://assets.publishing.service.gov.uk/media/5a7cba1840f0b65b3de0acb6/prison-population-090312.xls,xls,raw/weekly/5a7cba1840f0b65b3de0acb6_prison-population-090312.xls
Population bulletin - Weekly 2 March 2012,Prison population figures: 2012,https://assets.publishing.service.gov.uk/media/5a7c6f3a40f0b62aff6c1a4f/prison-population-02-03-12.xls,xls,raw/weekly/5a7c6f3a40f0b62aff6c1a4f_prison-population-02-03-12.xls
Population bulletin - Weekly 24 February 2012,Prison population figures: 2012,https://assets.publishing.service.gov.uk/media/5a7c238e40f0b645ba3c6ed7/prison-population-24-02-12.xls,xls,raw/weekly/5a7c238e40f0b645ba3c6ed7_prison-population-24-02-12.xls
Population Bulletin - Weekly 17 February 2012,Prison population figures: 2012,https://assets.publishing.service.gov.uk/media/5a7c526540f0b6321db38681/prison-population-17-02-12.xls,xls,raw/weekly/5a7c526540f0b6321db38681_prison-population-17-02-12.xls
Population Bulletin - Weekly 10 February 2012,Prison population figures: 2012,https://assets.publishing.service.gov.uk/media/5a7b7f90e5274a7202e1790a/prison-population-10-02-12.xls,xls,raw/weekly/5a7b7f90e5274a7202e1790a_prison-population-10-02-12.xls
Population Bulletin - Weekly 3 February 2012,Prison population figures: 2012,https://assets.publishing.service.gov.uk/media/5a7baa6d40f0b638d61be25c/prison-population-3-02-12.xls,xls,raw/weekly/5a7baa6d40f0b638d61be25c_prison-population-3-02-12.xls
Population Bulletin - Weekly 27 January 2012,Prison population figures: 2012,https://assets.publishing.service.gov.uk/media/5a7c940040f0b626628ad0b2/prison-population-27-01-12.xls,xls,raw/weekly/5a7c940040f0b626628ad0b2_prison-population-27-01-12.xls
Population Bulletin - Weekly 20 January 2012,Prison population figures: 2012,https://assets.publishing.service.gov.uk/media/5a7cbf79e5274a2f304efd34/prison-population-20-01-12.xls,xls,raw/weekly/5a7cbf79e5274a2f304efd34_prison-population-20-01-12.xls
Population Bulletin - Weekly 13 January 2012,Prison population figures: 2012,https://assets.publishing.service.gov.uk/media/5a75bce540f0b67b3d5c8d4d/prison-population-13-1-12.xls,xls,raw/weekly/5a75bce540f0b67b3d5c8d4d_prison-population-13-1-12.xls
Population Bulletin - Weekly 06 January 2012,Prison population figures: 2012,https://assets.publishing.service.gov.uk/media/5a7b91c040f0b645ba3c52ab/prison-population-06-01-12.xls,xls,raw/weekly/5a7b91c040f0b645ba3c52ab_prison-population-06-01-12.xls
Population Bulletin - Weekly 30 December 2011,Prison population figures: 2011,https://assets.publishing.service.gov.uk/media/5a7c51f4ed915d3d0e87b95e/prison-population-30-12-11.xls,xls,raw/weekly/5a7c51f4ed915d3d0e87b95e_prison-population-30-12-11.xls
Population Bulletin - Weekly 23 December 2011,Prison population figures: 2011,https://assets.publishing.service.gov.uk/media/5a7b9252ed915d41476213ea/prison-population-23-12-11.xls,xls,raw/weekly/5a7b9252ed915d41476213ea_prison-population-23-12-11.xls
Population Bulletin - Weekly 16 December 2011,Prison population figures: 2011,https://assets.publishing.service.gov.uk/media/5a7c49ca40f0b62dffde1189/prison-population-16-12-11.xls,xls,raw/weekly/5a7c49ca40f0b62dffde1189_prison-population-16-12-11.xls
Population Bulletin - Weekly 09 December 2011,Prison population figures: 2011,https://assets.publishing.service.gov.uk/media/5a7c8857e5274a7b7e32111a/prison-population-09-12-11.xls,xls,raw/weekly/5a7c8857e5274a7b7e32111a_prison-population-09-12-11.xls
Population Bulletin - Weekly 02 December 2011,Prison population figures: 2011,https://assets.publishing.service.gov.uk/media/5a7cace8ed915d6969f468d4/prison-population-02-12-11.doc,doc,raw/weekly/5a7cace8ed915d6969f468d4_prison-population-02-12-11.doc
Population Bulletin - Weekly 25 November 2011,Prison population figures: 2011,https://assets.publishing.service.gov.uk/media/5a7c663de5274a7ee501ab41/prison-population-25-11-11.doc,doc,raw/weekly/5a7c663de5274a7ee501ab41_prison-population-25-11-11.doc
Population Bulletin - Weekly 18 November 2011,Prison population figures: 2011,https://assets.publishing.service.gov.uk/media/5a74aa38ed915d7ab83b58bd/prison-population-18-11-11.doc,doc,raw/weekly/5a74aa38ed915d7ab83b58bd_prison-population-18-11-11.doc
Population Bulletin - Weekly 11 November 2011,Prison population figures: 2011,https://assets.publishing.service.gov.uk/media/5a7b8abd40f0b62826a04400/prison-population-11-11-11.doc,doc,raw/weekly/5a7b8abd40f0b62826a04400_prison-population-11-11-11.doc
Population Bulletin - Weekly 05 November 2011,Prison population figures: 2011,https://assets.publishing.service.gov.uk/media/5a7c501fe5274a1b00422eac/prison-population-05-11-11.doc,doc,raw/weekly/5a7c501fe5274a1b00422eac_prison-population-05-11-11.doc
Population Bulletin - Weekly 28 October 2011,Prison population figures: 2011,https://assets.publishing.service.gov.uk/media/5a7c8a0540f0b62aff6c260f/prison-population-28-oct-2011.doc,doc,raw/weekly/5a7c8a0540f0b62aff6c260f_prison-population-28-oct-2011.doc
Population Bulletin - Weekly 21 October 2011,Prison population figures: 2011,https://assets.publishing.service.gov.uk/media/5a7c0f4ee5274a7202e194b3/prison-population-21-oct-2011.doc,doc,raw/weekly/5a7c0f4ee5274a7202e194b3_prison-population-21-oct-2011.doc
Population Bulletin - Weekly 14 October 2011,Prison population figures: 2011,https://assets.publishing.service.gov.uk/media/5a7c035040f0b63f7572acd0/prison-population-14-oct-2011.doc,doc,raw/weekly/5a7c035040f0b63f7572acd0_prison-population-14-oct-2011.doc
Population Bulletin - Weekly 7 October 2011,Prison population figures: 2011,https://assets.publishing.service.gov.uk/media/5a7cd23fe5274a34d8d3324d/prison-population-07-10-11.doc,doc,raw/weekly/5a7cd23fe5274a34d8d3324d_prison-population-07-10-11.doc
Population Bulletin - Weekly 30 September 2011,Prison population figures: 2011,https://assets.publishing.service.gov.uk/media/5a7ce7c4e5274a2c9a484d5b/prison-population-30-sept-2011.doc,doc,raw/weekly/5a7ce7c4e5274a2c9a484d5b_prison-population-30-sept-2011.doc
Population Bulletin - Weekly 23 September 2011,Prison population figures: 2011,https://assets.publishing.service.gov.uk/media/5a7c6684ed915d6969f449be/prison-population-23-sept-2011.doc,doc,raw/weekly/5a7c6684ed915d6969f449be_prison-population-23-sept-2011.doc
Population Bulletin - Weekly 16 September 2011,Prison population figures: 2011,https://assets.publishing.service.gov.uk/media/5a7c202aed915d1c30daab8f/prison-population-16-sept-2011.doc,doc,raw/weekly/5a7c202aed915d1c30daab8f_prison-population-16-sept-2011.doc
Population Bulletin - Weekly 9 September 2011,Prison population figures: 2011,https://assets.publishing.service.gov.uk/media/5a7c7e54e5274a2674eab05f/prison-population-9-sept-2011.doc,doc,raw/weekly/5a7c7e54e5274a2674eab05f_prison-population-9-sept-2011.doc
Population Bulletin - Weekly 2 September 2011,Prison population figures: 2011,https://assets.publishing.service.gov.uk/media/5a7c7340ed915d48c240fd08/prison-population-2-sept-2011.doc,doc,raw/weekly/5a7c7340ed915d48c240fd08_prison-population-2-sept-2011.doc
Population Bulletin - Weekly 26 August 2011,Prison population figures: 2011,https://assets.publishing.service.gov.uk/media/5a7c74fded915d48c240fdb4/prison-population-26-aug-2011.doc,doc,raw/weekly/5a7c74fded915d48c240fdb4_prison-population-26-aug-2011.doc
Population Bulletin - Weekly 19 August 2011,Prison population figures: 2011,https://assets.publishing.service.gov.uk/media/5a74996940f0b616bcb17ca3/prison-population-19-aug-2011.doc,doc,raw/weekly/5a74996940f0b616bcb17ca3_prison-population-19-aug-2011.doc
Population Bulletin - Weekly 12 August 2011,Prison population figures: 2011,https://assets.publishing.service.gov.uk/media/5a7ba84240f0b645ba3c5bb6/prison-populaton-12-aug-2011.doc,doc,raw/weekly/5a7ba84240f0b645ba3c5bb6_prison-populaton-12-aug-2011.doc
Population Bulletin - Weekly 5 August 2011,Prison population figures: 2011,https://assets.publishing.service.gov.uk/media/5a748599ed915d0e8e398dc0/prison-populaton-5-aug-2011.doc,doc,raw/weekly/5a748599ed915d0e8e398dc0_prison-populaton-5-aug-2011.doc
Population Bulletin - Weekly 29 July 2011,Prison population figures: 2011,https://assets.publishing.service.gov.uk/media/5a7c37f5ed915d7d70d1d5f9/prison-populaton-29-july-2011.doc,doc,raw/weekly/5a7c37f5ed915d7d70d1d5f9_prison-populaton-29-july-2011.doc
Population Bulletin - Weekly 22 July 2011,Prison population figures: 2011,https://assets.publishing.service.gov.uk/media/5a7ce063e5274a2c9a484a81/prison-population-22-07-11.doc,doc,raw/weekly/5a7ce063e5274a2c9a484a81_prison-population-22-07-11.doc
Population Bulletin - Weekly 15 July 2011,Prison population figures: 2011,https://assets.publishing.service.gov.uk/media/5a7cc7f7e5274a38e5756b50/prison-populaton-15-july-2011.doc,doc,raw/weekly/5a7cc7f7e5274a38e5756b50_prison-populaton-15-july-2011.doc
Population Bulletin - Weekly 08 July 2011,Prison population figures: 2011,https://assets.publishing.service.gov.uk/media/5a7b9c8340f0b62826a04af4/prison-population-08-july-2011.doc,doc,raw/weekly/5a7b9c8340f0b62826a04af4_prison-population-08-july-2011.doc
Population Bulletin - Weekly 01 July 2011,Prison population figures: 2011,https://assets.publishing.service.gov.uk/media/5a7b9b36e5274a7202e18420/prison-population-01-july-2011.doc,doc,raw/weekly/5a7b9b36e5274a7202e18420_prison-population-01-july-2011.doc
Population Bulletin - Weekly 24 June 2011,Prison population figures: 2011,https://assets.publishing.service.gov.uk/media/5a74b36840f0b61df4777c43/prison-population-24-june-2011.doc,doc,raw/weekly/5a74b36840f0b61df4777c43_prison-population-24-june-2011.doc
Population Bulletin - Weekly 17 June 2011,Prison population figures: 2011,https://assets.publishing.service.gov.uk/media/5a7b8797ed915d131105fd76/prison-population-17-june-2011.doc,doc,raw/weekly/5a7b8797ed915d131105fd76_prison-population-17-june-2011.doc
Population Bulletin - Weekly 10 June 2011,Prison population figures: 2011,https://assets.publishing.service.gov.uk/media/5a7c62b4ed915d6969f4481c/prison-poulation-10-june-2011.doc,doc,raw/weekly/5a7c62b4ed915d6969f4481c_prison-poulation-10-june-2011.doc
Population Bulletin - Weekly 03 June 2011,Prison population figures: 2011,https://assets.publishing.service.gov.uk/media/5a7cb1bfe5274a2f304ef85f/prison-poulation-03-june-2011.doc,doc,raw/weekly/5a7cb1bfe5274a2f304ef85f_prison-poulation-03-june-2011.doc
Population Bulletin - Weekly 27 May 2011,Prison population figures: 2011,https://assets.publishing.service.gov.uk/media/5a7c57d940f0b62dffde17c4/prison-poulation-27-may-2011.doc,doc,raw/weekly/5a7c57d940f0b62dffde17c4_prison-poulation-27-may-2011.doc
Population Bulletin - Weekly 20 May 2011,Prison population figures: 2011,https://assets.publishing.service.gov.uk/media/5a7c35d0e5274a1f5cc76879/prison-population-20-may-2011.doc,doc,raw/weekly/5a7c35d0e5274a1f5cc76879_prison-population-20-may-2011.doc
Population Bulletin - Weekly 13 May 2011,Prison population figures: 2011,https://assets.publishing.service.gov.uk/media/5a7c3c2aed915d7d70d1d7c9/prison-poulation-13-may-2011.doc,doc,raw/weekly/5a7c3c2aed915d7d70d1d7c9_prison-poulation-13-may-2011.doc
Population Bulletin - Weekly 06 May 2011,Prison population figures: 2011,https://assets.publishing.service.gov.uk/media/5a7cd28bed915d63cc65d0a9/prison-poulation-06-may-2011.doc,doc,raw/weekly/5a7cd28bed915d63cc65d0a9_prison-poulation-06-may-2011.doc
Population Bulletin - Weekly 15 April 2011,Prison population figures: 2011,https://assets.publishing.service.gov.uk/media/5a7c0b5c40f0b63f7572afdf/Population-Bulletin-Weekly-015-April-2011.doc,doc,raw/weekly/5a7c0b5c40f0b63f7572afdf_Population-Bulletin-Weekly-015-April-2011.doc
Population Bulletin - Weekly 08 April 2011,Prison population figures: 2011,https://assets.publishing.service.gov.uk/media/5a7cca1be5274a2c9a484211/prison-poulation-08-april-2011.doc,doc,raw/weekly/5a7cca1be5274a2c9a484211_prison-poulation-08-april-2011.doc
Population Bulletin - Weekly 01 April 2011,Prison population figures: 2011,https://assets.publishing.service.gov.uk/media/5a7c8d3940f0b62aff6c277e/10004C8101042011_web_report.doc,doc,raw/weekly/5a7c8d3940f0b62aff6c277e_10004C8101042011_web_report.doc
Population Bulletin - Weekly 25 March 2011,Prison population figures: 2011,https://assets.publishing.service.gov.uk/media/5a7c314440f0b67d0b11f782/10004C7E25032011_web_report.doc,doc,raw/weekly/5a7c314440f0b67d0b11f782_10004C7E25032011_web_report.doc
Population Bulletin - Weekly 18 March 2011,Prison population figures: 2011,https://assets.publishing.service.gov.uk/media/5a7c1a66ed915d210ade1998/10004C7B18032011_web_report.doc,doc,raw/weekly/5a7c1a66ed915d210ade1998_10004C7B18032011_web_report.doc
Population Bulletin - Weekly 11 March 2011,Prison population figures: 2011,https://assets.publishing.service.gov.uk/media/5a7cd348ed915d63cc65d0f0/10004C6C11032011_web_report.doc,doc,raw/weekly/5a7cd348ed915d63cc65d0f0_10004C6C11032011_web_report.doc
Population Bulletin - Weekly 04 March 2011,Prison population figures: 2011,https://assets.publishing.service.gov.uk/media/5a7c7ba8e5274a559005a2b9/10004C6604032011_web_report.doc,doc,raw/weekly/5a7c7ba8e5274a559005a2b9_10004C6604032011_web_report.doc
Population Bulletin - Weekly 25 February 2011,Prison population figures: 2011,https://assets.publishing.service.gov.uk/media/5a7ce9e540f0b6629523c91a/10004C5F25022011_web_report.doc,doc,raw/weekly/5a7ce9e540f0b6629523c91a_10004C5F25022011_web_report.doc
Population Bulletin - Weekly 18 February 2011,Prison population figures: 2011,https://assets.publishing.service.gov.uk/media/5a7c7ffc40f0b62aff6c21ba/10004C5C18022011_web_report.doc,doc,raw/weekly/5a7c7ffc40f0b62aff6c21ba_10004C5C18022011_web_report.doc
Population Bulletin - Weekly 11 February 2011,Prison population figures: 2011,https://assets.publishing.service.gov.uk/media/5a7b8058ed915d131105fa64/10004C4511022011_web_report.doc,doc,raw/weekly/5a7b8058ed915d131105fa64_10004C4511022011_web_report.doc
Population Bulletin - Weekly 04 February 2011,Prison population figures: 2011,https://assets.publishing.service.gov.uk/media/5a7cad93ed915d6969f46921/10004C4204022011_web_report.doc,doc,raw/weekly/5a7cad93ed915d6969f46921_10004C4204022011_web_report.doc
Population Bulletin - Weekly 28 January 2011,Prison population figures: 2011,https://assets.publishing.service.gov.uk/media/5a7c60f5e5274a7ee256710a/10004C3B28012011_web_report.doc,doc,raw/weekly/5a7c60f5e5274a7ee256710a_10004C3B28012011_web_report.doc
Population Bulletin - Weekly 21 January 2011,Prison population figures: 2011,https://assets.publishing.service.gov.uk/media/5a74d3ebed915d3c7d52841a/10004C3621012011_web_report.doc,doc,raw/weekly/5a74d3ebed915d3c7d52841a_10004C3621012011_web_report.doc
Population Bulletin - Weekly 14 January 2011,Prison population figures: 2011,https://assets.publishing.service.gov.uk/media/5a7b856be5274a7318b8f32a/10004C3414012011_web_report.doc,doc,raw/weekly/5a7b856be5274a7318b8f32a_10004C3414012011_web_report.doc
Population Bulletin - Weekly 07 January 2011,Prison population figures: 2011,https://assets.publishing.service.gov.uk/media/5a75bd65e5274a43682999b5/10004C3107012011_web_report.doc,doc,raw/weekly/5a75bd65e5274a43682999b5_10004C3107012011_web_report.doc
Population bulletin: weekly 7 September 2026,Prison population: weekly estate figures 2026,https://assets.publishing.service.gov.uk/media/6a9e95b85a0c25165ae469c2/prison-pop-7-sept-2026.ods,ods,raw/weekly/6a9e95b85a0c25165ae469c2_prison-pop-7-sept-2026.ods
