origin,h,model,forecast,actual,err
2016-01-08,13,naive,84950.0,85398.0,-448.0
2016-01-08,13,drift52,85004.75,85398.0,-393.25
2016-01-08,13,seasonal_naive,85348.0,85398.0,-50.0
2016-01-08,13,seasonal_delta,85567.0,85398.0,169.0
2016-01-08,26,naive,84950.0,85058.0,-108.0
2016-01-08,26,drift52,85059.5,85058.0,1.5
2016-01-08,26,seasonal_naive,86255.0,85058.0,1197.0
2016-01-08,26,seasonal_delta,86474.0,85058.0,1416.0
2016-01-08,52,naive,84950.0,84737.0,213.0
2016-01-08,52,drift52,85169.0,84737.0,432.0
2016-01-08,52,seasonal_naive,84950.0,84737.0,213.0
2016-01-08,52,seasonal_delta,85169.0,84737.0,432.0
2016-01-15,13,naive,85242.0,85457.0,-215.0
2016-01-15,13,drift52,85352.0,85457.0,-105.0
2016-01-15,13,seasonal_naive,85432.0,85457.0,-25.0
2016-01-15,13,seasonal_delta,85872.0,85457.0,415.0
2016-01-15,26,naive,85242.0,85090.0,152.0
2016-01-15,26,drift52,85462.0,85090.0,372.0
2016-01-15,26,seasonal_naive,86300.0,85090.0,1210.0
2016-01-15,26,seasonal_delta,86740.0,85090.0,1650.0
2016-01-15,52,naive,85242.0,84874.0,368.0
2016-01-15,52,drift52,85682.0,84874.0,808.0
2016-01-15,52,seasonal_naive,85242.0,84874.0,368.0
2016-01-15,52,seasonal_delta,85682.0,84874.0,808.0
2016-01-22,13,naive,85260.0,85597.0,-337.0
2016-01-22,13,drift52,85358.75,85597.0,-238.25
2016-01-22,13,seasonal_naive,85591.0,85597.0,-6.0
2016-01-22,13,seasonal_delta,85986.0,85597.0,389.0
2016-01-22,26,naive,85260.0,85152.0,108.0
2016-01-22,26,drift52,85457.5,85152.0,305.5
2016-01-22,26,seasonal_naive,86172.0,85152.0,1020.0
2016-01-22,26,seasonal_delta,86567.0,85152.0,1415.0
2016-01-22,52,naive,85260.0,85048.0,212.0
2016-01-22,52,drift52,85655.0,85048.0,607.0
2016-01-22,52,seasonal_naive,85260.0,85048.0,212.0
2016-01-22,52,seasonal_delta,85655.0,85048.0,607.0
2016-01-29,13,naive,85461.0,85540.0,-79.0
2016-01-29,13,drift52,85555.5,85540.0,15.5
2016-01-29,13,seasonal_naive,85704.0,85540.0,164.0
2016-01-29,13,seasonal_delta,86082.0,85540.0,542.0
2016-01-29,13,ets,85370.0205471863,85540.0,-169.97945281369903
2016-01-29,26,naive,85461.0,85112.0,349.0
2016-01-29,26,drift52,85650.0,85112.0,538.0
2016-01-29,26,seasonal_naive,86179.0,85112.0,1067.0
2016-01-29,26,seasonal_delta,86557.0,85112.0,1445.0
2016-01-29,26,ets,85528.21714180296,85112.0,416.2171418029611
2016-01-29,52,naive,85461.0,85188.0,273.0
2016-01-29,52,drift52,85839.0,85188.0,651.0
2016-01-29,52,seasonal_naive,85461.0,85188.0,273.0
2016-01-29,52,seasonal_delta,85839.0,85188.0,651.0
2016-01-29,52,ets,85284.14353387107,85188.0,96.14353387107258
2016-02-05,13,naive,85634.0,85381.0,253.0
2016-02-05,13,drift52,85722.5,85381.0,341.5
2016-02-05,13,seasonal_naive,85590.0,85381.0,209.0
2016-02-05,13,seasonal_delta,85944.0,85381.0,563.0
2016-02-05,13,ets,85304.83557878424,85381.0,-76.16442121575528
2016-02-05,26,naive,85634.0,85134.0,500.0
2016-02-05,26,drift52,85811.0,85134.0,677.0
2016-02-05,26,seasonal_naive,86036.0,85134.0,902.0
2016-02-05,26,seasonal_delta,86390.0,85134.0,1256.0
2016-02-05,26,ets,85685.36369869704,85134.0,551.3636986970378
2016-02-05,52,naive,85634.0,85245.0,389.0
2016-02-05,52,drift52,85988.0,85245.0,743.0
2016-02-05,52,seasonal_naive,85634.0,85245.0,389.0
2016-02-05,52,seasonal_delta,85988.0,85245.0,743.0
2016-02-05,52,ets,85459.75908253992,85245.0,214.75908253992384
2016-02-12,13,naive,85679.0,85345.0,334.0
2016-02-12,13,drift52,85735.5,85345.0,390.5
2016-02-12,13,seasonal_naive,85684.0,85345.0,339.0
2016-02-12,13,seasonal_delta,85910.0,85345.0,565.0
2016-02-12,13,ets,85396.23559001034,85345.0,51.235590010343
2016-02-12,26,naive,85679.0,85188.0,491.0
2016-02-12,26,drift52,85792.0,85188.0,604.0
2016-02-12,26,seasonal_naive,85951.0,85188.0,763.0
2016-02-12,26,seasonal_delta,86177.0,85188.0,989.0
2016-02-12,26,ets,85827.2569326604,85188.0,639.2569326603989
2016-02-12,52,naive,85679.0,85523.0,156.0
2016-02-12,52,drift52,85905.0,85523.0,382.0
2016-02-12,52,seasonal_naive,85679.0,85523.0,156.0
2016-02-12,52,seasonal_delta,85905.0,85523.0,382.0
2016-02-12,52,ets,85591.24016501283,85523.0,68.2401650128304
2016-02-19,13,naive,85636.0,85335.0,301.0
2016-02-19,13,drift52,85653.25,85335.0,318.25
2016-02-19,13,seasonal_naive,85744.0,85335.0,409.0
2016-02-19,13,seasonal_delta,85813.0,85335.0,478.0
2016-02-19,13,ets,85459.14856780952,85335.0,124.14856780951959
2016-02-19,26,naive,85636.0,85023.0,613.0
2016-02-19,26,drift52,85670.5,85023.0,647.5
2016-02-19,26,seasonal_naive,85956.0,85023.0,933.0
2016-02-19,26,seasonal_delta,86025.0,85023.0,1002.0
2016-02-19,26,ets,85796.32786329991,85023.0,773.3278632999136
2016-02-19,52,naive,85636.0,85519.0,117.0
2016-02-19,52,drift52,85705.0,85519.0,186.0
2016-02-19,52,seasonal_naive,85636.0,85519.0,117.0
2016-02-19,52,seasonal_delta,85705.0,85519.0,186.0
2016-02-19,52,ets,85700.62775459836,85519.0,181.6277545983612
2016-02-26,13,naive,85753.0,85422.0,331.0
2016-02-26,13,drift52,85805.25,85422.0,383.25
2016-02-26,13,seasonal_naive,85669.0,85422.0,247.0
2016-02-26,13,seasonal_delta,85878.0,85422.0,456.0
2016-02-26,13,ets,85242.58515399764,85422.0,-179.41484600235708
2016-02-26,26,naive,85753.0,85119.0,634.0
2016-02-26,26,drift52,85857.5,85119.0,738.5
2016-02-26,26,seasonal_naive,86019.0,85119.0,900.0
2016-02-26,26,seasonal_delta,86228.0,85119.0,1109.0
2016-02-26,26,ets,85538.81104561334,85119.0,419.8110456133436
2016-02-26,52,naive,85753.0,85442.0,311.0
2016-02-26,52,drift52,85962.0,85442.0,520.0
2016-02-26,52,seasonal_naive,85753.0,85442.0,311.0
2016-02-26,52,seasonal_delta,85962.0,85442.0,520.0
2016-02-26,52,ets,85636.90557729348,85442.0,194.90557729348075
2016-03-04,13,naive,85834.0,85291.0,543.0
2016-03-04,13,drift52,85901.5,85291.0,610.5
2016-03-04,13,seasonal_naive,85763.0,85291.0,472.0
2016-03-04,13,seasonal_delta,86033.0,85291.0,742.0
2016-03-04,13,ets,85211.12932153154,85291.0,-79.87067846846185
2016-03-04,26,naive,85834.0,84914.0,920.0
2016-03-04,26,drift52,85969.0,84914.0,1055.0
2016-03-04,26,seasonal_naive,85741.0,84914.0,827.0
2016-03-04,26,seasonal_delta,86011.0,84914.0,1097.0
2016-03-04,26,ets,85535.90432497248,84914.0,621.9043249724782
2016-03-04,52,naive,85834.0,85442.0,392.0
2016-03-04,52,drift52,86104.0,85442.0,662.0
2016-03-04,52,seasonal_naive,85834.0,85442.0,392.0
2016-03-04,52,seasonal_delta,86104.0,85442.0,662.0
2016-03-04,52,ets,85630.85472993238,85442.0,188.85472993238363
2016-03-11,13,naive,85948.0,85300.0,648.0
2016-03-11,13,drift52,86043.25,85300.0,743.25
2016-03-11,13,seasonal_naive,85818.0,85300.0,518.0
2016-03-11,13,seasonal_delta,86199.0,85300.0,899.0
2016-03-11,13,ets,85214.1946053865,85300.0,-85.80539461350418
2016-03-11,26,naive,85948.0,84967.0,981.0
2016-03-11,26,drift52,86138.5,84967.0,1171.5
2016-03-11,26,seasonal_naive,85699.0,84967.0,732.0
2016-03-11,26,seasonal_delta,86080.0,84967.0,1113.0
2016-03-11,26,ets,85601.78581013018,84967.0,634.7858101301827
2016-03-11,52,naive,85948.0,85476.0,472.0
2016-03-11,52,drift52,86329.0,85476.0,853.0
2016-03-11,52,seasonal_naive,85948.0,85476.0,472.0
2016-03-11,52,seasonal_delta,86329.0,85476.0,853.0
2016-03-11,52,ets,85667.51418151005,85476.0,191.51418151005055
2016-03-18,13,naive,85930.0,85185.0,745.0
2016-03-18,13,drift52,86018.5,85185.0,833.5
2016-03-18,13,seasonal_naive,85743.0,85185.0,558.0
2016-03-18,13,seasonal_delta,86097.0,85185.0,912.0
2016-03-18,13,ets,85160.02397217088,85185.0,-24.97602782912145
2016-03-18,26,naive,85930.0,85082.0,848.0
2016-03-18,26,drift52,86107.0,85082.0,1025.0
2016-03-18,26,seasonal_naive,85816.0,85082.0,734.0
2016-03-18,26,seasonal_delta,86170.0,85082.0,1088.0
2016-03-18,26,ets,85656.88824164371,85082.0,574.8882416437118
2016-03-18,52,naive,85930.0,85501.0,429.0
2016-03-18,52,drift52,86284.0,85501.0,783.0
2016-03-18,52,seasonal_naive,85930.0,85501.0,429.0
2016-03-18,52,seasonal_delta,86284.0,85501.0,783.0
2016-03-18,52,ets,85627.30253488489,85501.0,126.30253488488961
2016-04-01,13,naive,85363.0,85128.0,235.0
2016-04-01,13,drift52,85325.125,85128.0,197.125
2016-04-01,13,seasonal_naive,86164.0,85128.0,1036.0
2016-04-01,13,seasonal_delta,86012.5,85128.0,884.5
2016-04-01,13,ets,85254.87081313951,85128.0,126.87081313951057
2016-04-01,26,naive,85363.0,85639.0,-276.0
2016-04-01,26,drift52,85287.25,85639.0,-351.75
2016-04-01,26,seasonal_naive,85973.0,85639.0,334.0
2016-04-01,26,seasonal_delta,85821.5,85639.0,182.5
2016-04-01,26,ets,85920.17226767376,85639.0,281.1722676737554
2016-04-01,52,naive,85363.0,85513.0,-150.0
2016-04-01,52,drift52,85211.5,85513.0,-301.5
2016-04-01,52,seasonal_naive,85363.0,85513.0,-150.0
2016-04-01,52,seasonal_delta,85211.5,85513.0,-301.5
2016-04-08,13,naive,85398.0,85058.0,340.0
2016-04-08,13,drift52,85410.5,85058.0,352.5
2016-04-08,13,seasonal_naive,86255.0,85058.0,1197.0
2016-04-08,13,seasonal_delta,86305.0,85058.0,1247.0
2016-04-08,13,ets,85354.99656264822,85058.0,296.99656264821533
2016-04-08,26,naive,85398.0,85754.0,-356.0
2016-04-08,26,drift52,85423.0,85754.0,-331.0
2016-04-08,26,seasonal_naive,86145.0,85754.0,391.0
2016-04-08,26,seasonal_delta,86195.0,85754.0,441.0
2016-04-08,26,ets,85926.88834214974,85754.0,172.88834214974486
2016-04-08,52,naive,85398.0,85517.0,-119.0
2016-04-08,52,drift52,85448.0,85517.0,-69.0
2016-04-08,52,seasonal_naive,85398.0,85517.0,-119.0
2016-04-08,52,seasonal_delta,85448.0,85517.0,-69.0
2016-04-15,13,naive,85457.0,85090.0,367.0
2016-04-15,13,drift52,85463.25,85090.0,373.25
2016-04-15,13,seasonal_naive,86300.0,85090.0,1210.0
2016-04-15,13,seasonal_delta,86325.0,85090.0,1235.0
2016-04-15,13,ets,85364.47592361047,85090.0,274.4759236104728
2016-04-15,26,naive,85457.0,85860.0,-403.0
2016-04-15,26,drift52,85469.5,85860.0,-390.5
2016-04-15,26,seasonal_naive,86090.0,85860.0,230.0
2016-04-15,26,seasonal_delta,86115.0,85860.0,255.0
2016-04-15,26,ets,85962.9098322201,85860.0,102.90983222010254
2016-04-22,13,naive,85597.0,85152.0,445.0
2016-04-22,13,drift52,85598.5,85152.0,446.5
2016-04-22,13,seasonal_naive,86172.0,85152.0,1020.0
2016-04-22,13,seasonal_delta,86178.0,85152.0,1026.0
2016-04-22,13,ets,86062.59377556936,85152.0,910.5937755693594
2016-04-22,26,naive,85597.0,85898.0,-301.0
2016-04-22,26,drift52,85600.0,85898.0,-298.0
2016-04-22,26,seasonal_naive,86107.0,85898.0,209.0
2016-04-22,26,seasonal_delta,86113.0,85898.0,215.0
2016-04-22,26,ets,86754.04866922485,85898.0,856.0486692248523
2016-04-22,52,naive,85597.0,85277.0,320.0
2016-04-22,52,drift52,85603.0,85277.0,326.0
2016-04-22,52,seasonal_naive,85597.0,85277.0,320.0
2016-04-22,52,seasonal_delta,85603.0,85277.0,326.0
2016-04-22,52,ets,85890.0805016705,85277.0,613.080501670498
2016-04-29,13,naive,85540.0,85112.0,428.0
2016-04-29,13,drift52,85499.0,85112.0,387.0
2016-04-29,13,seasonal_naive,86179.0,85112.0,1067.0
2016-04-29,13,seasonal_delta,86015.0,85112.0,903.0
2016-04-29,13,ets,86081.77878663804,85112.0,969.7787866380386
2016-04-29,26,naive,85540.0,85998.0,-458.0
2016-04-29,26,drift52,85458.0,85998.0,-540.0
2016-04-29,26,seasonal_naive,85843.0,85998.0,-155.0
2016-04-29,26,seasonal_delta,85679.0,85998.0,-319.0
2016-04-29,26,ets,86747.6258202857,85998.0,749.6258202856989
2016-04-29,52,naive,85540.0,85211.0,329.0
2016-04-29,52,drift52,85376.0,85211.0,165.0
2016-04-29,52,seasonal_naive,85540.0,85211.0,329.0
2016-04-29,52,seasonal_delta,85376.0,85211.0,165.0
2016-04-29,52,ets,85932.63414295035,85211.0,721.6341429503518
2016-05-06,13,naive,85381.0,85134.0,247.0
2016-05-06,13,drift52,85328.75,85134.0,194.75
2016-05-06,13,seasonal_naive,86036.0,85134.0,902.0
2016-05-06,13,seasonal_delta,85827.0,85134.0,693.0
2016-05-06,13,ets,86231.82418558472,85134.0,1097.8241855847155
2016-05-06,26,naive,85381.0,85981.0,-600.0
2016-05-06,26,drift52,85276.5,85981.0,-704.5
2016-05-06,26,seasonal_naive,85884.0,85981.0,-97.0
2016-05-06,26,seasonal_delta,85675.0,85981.0,-306.0
2016-05-06,26,ets,86807.0022548236,85981.0,826.0022548236011
2016-05-06,52,naive,85381.0,85129.0,252.0
2016-05-06,52,drift52,85172.0,85129.0,43.0
2016-05-06,52,seasonal_naive,85381.0,85129.0,252.0
2016-05-06,52,seasonal_delta,85172.0,85129.0,43.0
2016-05-06,52,ets,85865.26346627815,85129.0,736.2634662781493
2016-05-13,13,naive,85345.0,85188.0,157.0
2016-05-13,13,drift52,85260.25,85188.0,72.25
2016-05-13,13,seasonal_naive,85951.0,85188.0,763.0
2016-05-13,13,seasonal_delta,85612.0,85188.0,424.0
2016-05-13,13,ets,86383.32010988497,85188.0,1195.3201098849677
2016-05-13,26,naive,85345.0,85975.0,-630.0
2016-05-13,26,drift52,85175.5,85975.0,-799.5
2016-05-13,26,seasonal_naive,85993.0,85975.0,18.0
2016-05-13,26,seasonal_delta,85654.0,85975.0,-321.0
2016-05-13,26,ets,86884.30783942097,85975.0,909.3078394209733
2016-05-13,52,naive,85345.0,85193.0,152.0
2016-05-13,52,drift52,85006.0,85193.0,-187.0
2016-05-13,52,seasonal_naive,85345.0,85193.0,152.0
2016-05-13,52,seasonal_delta,85006.0,85193.0,-187.0
2016-05-13,52,ets,85961.54833430174,85193.0,768.5483343017404
2016-05-20,13,naive,85335.0,85023.0,312.0
2016-05-20,13,drift52,85232.75,85023.0,209.75
2016-05-20,13,seasonal_naive,85956.0,85023.0,933.0
2016-05-20,13,seasonal_delta,85547.0,85023.0,524.0
2016-05-20,13,ets,85465.62010548095,85023.0,442.62010548094986
2016-05-20,26,naive,85335.0,86033.0,-698.0
2016-05-20,26,drift52,85130.5,86033.0,-902.5
2016-05-20,26,seasonal_naive,85977.0,86033.0,-56.0
2016-05-20,26,seasonal_delta,85568.0,86033.0,-465.0
2016-05-20,26,ets,85952.56923949305,86033.0,-80.43076050694799
2016-05-20,52,naive,85335.0,85316.0,19.0
2016-05-20,52,drift52,84926.0,85316.0,-390.0
2016-05-20,52,seasonal_naive,85335.0,85316.0,19.0
2016-05-20,52,seasonal_delta,84926.0,85316.0,-390.0
2016-05-20,52,ets,85123.9122476355,85316.0,-192.0877523645031
2016-05-27,13,naive,85422.0,85119.0,303.0
2016-05-27,13,drift52,85360.25,85119.0,241.25
2016-05-27,13,seasonal_naive,86019.0,85119.0,900.0
2016-05-27,13,seasonal_delta,85772.0,85119.0,653.0
2016-05-27,13,ets,85353.95843547814,85119.0,234.95843547814002
2016-05-27,26,naive,85422.0,85897.0,-475.0
2016-05-27,26,drift52,85298.5,85897.0,-598.5
2016-05-27,26,seasonal_naive,85982.0,85897.0,85.0
2016-05-27,26,seasonal_delta,85735.0,85897.0,-162.0
2016-05-27,26,ets,85874.96348631979,85897.0,-22.03651368021383
2016-05-27,52,naive,85422.0,85356.0,66.0
2016-05-27,52,drift52,85175.0,85356.0,-181.0
2016-05-27,52,seasonal_naive,85422.0,85356.0,66.0
2016-05-27,52,seasonal_delta,85175.0,85356.0,-181.0
2016-05-27,52,ets,85023.05007537617,85356.0,-332.9499246238265
2016-06-03,13,naive,85291.0,84914.0,377.0
2016-06-03,13,drift52,85173.0,84914.0,259.0
2016-06-03,13,seasonal_naive,85741.0,84914.0,827.0
2016-06-03,13,seasonal_delta,85269.0,84914.0,355.0
2016-06-03,13,ets,85335.02800593202,84914.0,421.0280059320212
2016-06-03,26,naive,85291.0,85839.0,-548.0
2016-06-03,26,drift52,85055.0,85839.0,-784.0
2016-06-03,26,seasonal_naive,85895.0,85839.0,56.0
2016-06-03,26,seasonal_delta,85423.0,85839.0,-416.0
2016-06-03,26,ets,85710.16196675618,85839.0,-128.8380332438246
2016-06-03,52,naive,85291.0,85293.0,-2.0
2016-06-03,52,drift52,84819.0,85293.0,-474.0
2016-06-03,52,seasonal_naive,85291.0,85293.0,-2.0
2016-06-03,52,seasonal_delta,84819.0,85293.0,-474.0
2016-06-03,52,ets,84981.65086412792,85293.0,-311.3491358720785
2016-06-10,13,naive,85300.0,84967.0,333.0
2016-06-10,13,drift52,85170.5,84967.0,203.5
2016-06-10,13,seasonal_naive,85699.0,84967.0,732.0
2016-06-10,13,seasonal_delta,85181.0,84967.0,214.0
2016-06-10,13,ets,85400.38987458851,84967.0,433.389874588509
2016-06-10,26,naive,85300.0,85722.0,-422.0
2016-06-10,26,drift52,85041.0,85722.0,-681.0
2016-06-10,26,seasonal_naive,85847.0,85722.0,125.0
2016-06-10,26,seasonal_delta,85329.0,85722.0,-393.0
2016-06-10,26,ets,85426.46987004185,85722.0,-295.5301299581479
2016-06-10,52,naive,85300.0,85367.0,-67.0
2016-06-10,52,drift52,84782.0,85367.0,-585.0
2016-06-10,52,seasonal_naive,85300.0,85367.0,-67.0
2016-06-10,52,seasonal_delta,84782.0,85367.0,-585.0
2016-06-10,52,ets,84988.30325957177,85367.0,-378.69674042823317
2016-06-17,13,naive,85185.0,85082.0,103.0
2016-06-17,13,drift52,85045.5,85082.0,-36.5
2016-06-17,13,seasonal_naive,85816.0,85082.0,734.0
2016-06-17,13,seasonal_delta,85258.0,85082.0,176.0
2016-06-17,13,ets,85623.62054708657,85082.0,541.620547086568
2016-06-17,26,naive,85185.0,85583.0,-398.0
2016-06-17,26,drift52,84906.0,85583.0,-677.0
2016-06-17,26,seasonal_naive,85641.0,85583.0,58.0
2016-06-17,26,seasonal_delta,85083.0,85583.0,-500.0
2016-06-17,26,ets,85167.7113948094,85583.0,-415.28860519059526
2016-06-17,52,naive,85185.0,85426.0,-241.0
2016-06-17,52,drift52,84627.0,85426.0,-799.0
2016-06-17,52,seasonal_naive,85185.0,85426.0,-241.0
2016-06-17,52,seasonal_delta,84627.0,85426.0,-799.0
2016-06-17,52,ets,85106.0219644983,85426.0,-319.9780355016992
2016-06-24,13,naive,85130.0,85321.0,-191.0
2016-06-24,13,drift52,84905.5,85321.0,-415.5
2016-06-24,13,seasonal_naive,85892.0,85321.0,571.0
2016-06-24,13,seasonal_delta,84994.0,85321.0,-327.0
2016-06-24,13,ets,85773.17402356912,85321.0,452.174023569125
2016-06-24,52,naive,85130.0,85636.0,-506.0
2016-06-24,52,drift52,84232.0,85636.0,-1404.0
2016-06-24,52,seasonal_naive,85130.0,85636.0,-506.0
2016-06-24,52,seasonal_delta,84232.0,85636.0,-1404.0
2016-06-24,52,ets,85185.57656275756,85636.0,-450.42343724243983
2016-07-01,13,naive,85128.0,85639.0,-511.0
2016-07-01,13,drift52,84869.0,85639.0,-770.0
2016-07-01,13,seasonal_naive,85973.0,85639.0,334.0
2016-07-01,13,seasonal_delta,84937.0,85639.0,-702.0
2016-07-01,13,ets,85869.99593515112,85639.0,230.99593515112065
2016-07-01,26,naive,85128.0,84857.0,271.0
2016-07-01,26,drift52,84610.0,84857.0,-247.0
2016-07-01,26,seasonal_naive,85180.33333333333,84857.0,323.3333333333285
2016-07-01,26,seasonal_delta,84144.33333333333,84857.0,-712.6666666666715
2016-07-01,26,ets,84213.92697524725,84857.0,-643.0730247527536
2016-07-01,52,naive,85128.0,85863.0,-735.0
2016-07-01,52,drift52,84092.0,85863.0,-1771.0
2016-07-01,52,seasonal_naive,85128.0,85863.0,-735.0
2016-07-01,52,seasonal_delta,84092.0,85863.0,-1771.0
2016-07-01,52,ets,85212.3472751109,85863.0,-650.652724889107
2016-07-08,13,naive,85058.0,85754.0,-696.0
2016-07-08,13,drift52,84758.75,85754.0,-995.25
2016-07-08,13,seasonal_naive,86145.0,85754.0,391.0
2016-07-08,13,seasonal_delta,84948.0,85754.0,-806.0
2016-07-08,13,ets,85890.38348868844,85754.0,136.38348868844332
2016-07-08,26,naive,85058.0,84737.0,321.0
2016-07-08,26,drift52,84459.5,84737.0,-277.5
2016-07-08,26,seasonal_naive,84950.0,84737.0,213.0
2016-07-08,26,seasonal_delta,83753.0,84737.0,-984.0
2016-07-08,26,ets,84392.35940736927,84737.0,-344.6405926307343
2016-07-08,52,naive,85058.0,86072.0,-1014.0
2016-07-08,52,drift52,83861.0,86072.0,-2211.0
2016-07-08,52,seasonal_naive,85058.0,86072.0,-1014.0
2016-07-08,52,seasonal_delta,83861.0,86072.0,-2211.0
2016-07-08,52,ets,85296.02735986294,86072.0,-775.9726401370572
2016-07-15,13,naive,85090.0,85860.0,-770.0
2016-07-15,13,drift52,84787.5,85860.0,-1072.5
2016-07-15,13,seasonal_naive,86090.0,85860.0,230.0
2016-07-15,13,seasonal_delta,84880.0,85860.0,-980.0
2016-07-15,13,ets,85543.49704699981,85860.0,-316.50295300019206
2016-07-15,26,naive,85090.0,84874.0,216.0
2016-07-15,26,drift52,84485.0,84874.0,-389.0
2016-07-15,26,seasonal_naive,85242.0,84874.0,368.0
2016-07-15,26,seasonal_delta,84032.0,84874.0,-842.0
2016-07-15,26,ets,84293.82611110603,84874.0,-580.1738888939726
2016-07-15,52,naive,85090.0,85994.0,-904.0
2016-07-15,52,drift52,83880.0,85994.0,-2114.0
2016-07-15,52,seasonal_naive,85090.0,85994.0,-904.0
2016-07-15,52,seasonal_delta,83880.0,85994.0,-2114.0
2016-07-15,52,ets,84943.4440795881,85994.0,-1050.5559204119054
2016-07-22,13,naive,85152.0,85898.0,-746.0
2016-07-22,13,drift52,84897.0,85898.0,-1001.0
2016-07-22,13,seasonal_naive,86107.0,85898.0,209.0
2016-07-22,13,seasonal_delta,85087.0,85898.0,-811.0
2016-07-22,13,ets,85630.00055656878,85898.0,-267.9994434312248
2016-07-22,26,naive,85152.0,85048.0,104.0
2016-07-22,26,drift52,84642.0,85048.0,-406.0
2016-07-22,26,seasonal_naive,85260.0,85048.0,212.0
2016-07-22,26,seasonal_delta,84240.0,85048.0,-808.0
2016-07-22,26,ets,84458.28883364191,85048.0,-589.7111663580872
2016-07-22,52,naive,85152.0,86168.0,-1016.0
2016-07-22,52,drift52,84132.0,86168.0,-2036.0
2016-07-22,52,seasonal_naive,85152.0,86168.0,-1016.0
2016-07-22,52,seasonal_delta,84132.0,86168.0,-2036.0
2016-07-22,52,ets,84940.75566892933,86168.0,-1227.244331070673
2016-07-29,13,naive,85112.0,85998.0,-886.0
2016-07-29,13,drift52,84845.25,85998.0,-1152.75
2016-07-29,13,seasonal_naive,85843.0,85998.0,-155.0
2016-07-29,13,seasonal_delta,84776.0,85998.0,-1222.0
2016-07-29,13,ets,85622.85904568796,85998.0,-375.14095431203896
2016-07-29,26,naive,85112.0,85188.0,-76.0
2016-07-29,26,drift52,84578.5,85188.0,-609.5
2016-07-29,26,seasonal_naive,85461.0,85188.0,273.0
2016-07-29,26,seasonal_delta,84394.0,85188.0,-794.0
2016-07-29,26,ets,84716.86779811625,85188.0,-471.1322018837527
2016-07-29,52,naive,85112.0,86230.0,-1118.0
2016-07-29,52,drift52,84045.0,86230.0,-2185.0
2016-07-29,52,seasonal_naive,85112.0,86230.0,-1118.0
2016-07-29,52,seasonal_delta,84045.0,86230.0,-2185.0
2016-07-29,52,ets,84960.77395530241,86230.0,-1269.2260446975852
2016-08-05,13,naive,85134.0,85981.0,-847.0
2016-08-05,13,drift52,84908.5,85981.0,-1072.5
2016-08-05,13,seasonal_naive,85884.0,85981.0,-97.0
2016-08-05,13,seasonal_delta,84982.0,85981.0,-999.0
2016-08-05,13,ets,85677.76772271533,85981.0,-303.23227728466736
2016-08-05,26,naive,85134.0,85245.0,-111.0
2016-08-05,26,drift52,84683.0,85245.0,-562.0
2016-08-05,26,seasonal_naive,85634.0,85245.0,389.0
2016-08-05,26,seasonal_delta,84732.0,85245.0,-513.0
2016-08-05,26,ets,84922.51611282885,85245.0,-322.4838871711545
2016-08-05,52,naive,85134.0,86353.0,-1219.0
2016-08-05,52,drift52,84232.0,86353.0,-2121.0
2016-08-05,52,seasonal_naive,85134.0,86353.0,-1219.0
2016-08-05,52,seasonal_delta,84232.0,86353.0,-2121.0
2016-08-05,52,ets,85100.09692100996,86353.0,-1252.9030789900426
2016-08-12,13,naive,85188.0,85975.0,-787.0
2016-08-12,13,drift52,84997.25,85975.0,-977.75
2016-08-12,13,seasonal_naive,85993.0,85975.0,18.0
2016-08-12,13,seasonal_delta,85230.0,85975.0,-745.0
2016-08-12,13,ets,85522.43510114892,85975.0,-452.5648988510802
2016-08-12,26,naive,85188.0,85523.0,-335.0
2016-08-12,26,drift52,84806.5,85523.0,-716.5
2016-08-12,26,seasonal_naive,85679.0,85523.0,156.0
2016-08-12,26,seasonal_delta,84916.0,85523.0,-607.0
2016-08-12,26,ets,84844.00362481871,85523.0,-678.9963751812902
2016-08-12,52,naive,85188.0,86368.0,-1180.0
2016-08-12,52,drift52,84425.0,86368.0,-1943.0
2016-08-12,52,seasonal_naive,85188.0,86368.0,-1180.0
2016-08-12,52,seasonal_delta,84425.0,86368.0,-1943.0
2016-08-12,52,ets,84990.81584550353,86368.0,-1377.18415449647
2016-08-19,13,naive,85023.0,86033.0,-1010.0
2016-08-19,13,drift52,84789.75,86033.0,-1243.25
2016-08-19,13,seasonal_naive,85977.0,86033.0,-56.0
2016-08-19,13,seasonal_delta,85044.0,86033.0,-989.0
2016-08-19,13,ets,85511.72956083177,86033.0,-521.2704391682346
2016-08-19,26,naive,85023.0,85519.0,-496.0
2016-08-19,26,drift52,84556.5,85519.0,-962.5
2016-08-19,26,seasonal_naive,85636.0,85519.0,117.0
2016-08-19,26,seasonal_delta,84703.0,85519.0,-816.0
2016-08-19,26,ets,84879.78626106726,85519.0,-639.21373893274
2016-08-19,52,naive,85023.0,86388.0,-1365.0
2016-08-19,52,drift52,84090.0,86388.0,-2298.0
2016-08-19,52,seasonal_naive,85023.0,86388.0,-1365.0
2016-08-19,52,seasonal_delta,84090.0,86388.0,-2298.0
2016-08-19,52,ets,84992.09119950404,86388.0,-1395.908800495963
2016-08-26,13,naive,85119.0,85897.0,-778.0
2016-08-26,13,drift52,84894.0,85897.0,-1003.0
2016-08-26,13,seasonal_naive,85982.0,85897.0,85.0
2016-08-26,13,seasonal_delta,85082.0,85897.0,-815.0
2016-08-26,13,ets,85467.32948094557,85897.0,-429.67051905443077
2016-08-26,26,naive,85119.0,85442.0,-323.0
2016-08-26,26,drift52,84669.0,85442.0,-773.0
2016-08-26,26,seasonal_naive,85753.0,85442.0,311.0
2016-08-26,26,seasonal_delta,84853.0,85442.0,-589.0
2016-08-26,26,ets,84945.14348535077,85442.0,-496.85651464923285
2016-08-26,52,naive,85119.0,86413.0,-1294.0
2016-08-26,52,drift52,84219.0,86413.0,-2194.0
2016-08-26,52,seasonal_naive,85119.0,86413.0,-1294.0
2016-08-26,52,seasonal_delta,84219.0,86413.0,-2194.0
2016-08-26,52,ets,84889.2796347424,86413.0,-1523.720365257599
2016-09-02,13,naive,84914.0,85839.0,-925.0
2016-09-02,13,drift52,84707.25,85839.0,-1131.75
2016-09-02,13,seasonal_naive,85895.0,85839.0,56.0
2016-09-02,13,seasonal_delta,85068.0,85839.0,-771.0
2016-09-02,13,ets,85323.37609153113,85839.0,-515.6239084688714
2016-09-02,26,naive,84914.0,85442.0,-528.0
2016-09-02,26,drift52,84500.5,85442.0,-941.5
2016-09-02,26,seasonal_naive,85834.0,85442.0,392.0
2016-09-02,26,seasonal_delta,85007.0,85442.0,-435.0
2016-09-02,26,ets,84950.69208202157,85442.0,-491.3079179784254
2016-09-02,52,naive,84914.0,86294.0,-1380.0
2016-09-02,52,drift52,84087.0,86294.0,-2207.0
2016-09-02,52,seasonal_naive,84914.0,86294.0,-1380.0
2016-09-02,52,seasonal_delta,84087.0,86294.0,-2207.0
2016-09-02,52,ets,84871.66835036315,86294.0,-1422.3316496368498
2016-09-09,13,naive,84967.0,85722.0,-755.0
2016-09-09,13,drift52,84784.0,85722.0,-938.0
2016-09-09,13,seasonal_naive,85847.0,85722.0,125.0
2016-09-09,13,seasonal_delta,85115.0,85722.0,-607.0
2016-09-09,13,ets,84895.13453135076,85722.0,-826.8654686492373
2016-09-09,26,naive,84967.0,85476.0,-509.0
2016-09-09,26,drift52,84601.0,85476.0,-875.0
2016-09-09,26,seasonal_naive,85948.0,85476.0,472.0
2016-09-09,26,seasonal_delta,85216.0,85476.0,-260.0
2016-09-09,26,ets,84941.39203925624,85476.0,-534.6079607437568
2016-09-09,52,naive,84967.0,86235.0,-1268.0
2016-09-09,52,drift52,84235.0,86235.0,-2000.0
2016-09-09,52,seasonal_naive,84967.0,86235.0,-1268.0
2016-09-09,52,seasonal_delta,84235.0,86235.0,-2000.0
2016-09-09,52,ets,84854.78572129771,86235.0,-1380.2142787022894
2016-09-16,13,naive,85082.0,85583.0,-501.0
2016-09-16,13,drift52,84898.5,85583.0,-684.5
2016-09-16,13,seasonal_naive,85641.0,85583.0,58.0
2016-09-16,13,seasonal_delta,84907.0,85583.0,-676.0
2016-09-16,13,ets,84451.1186587343,85583.0,-1131.8813412657037
2016-09-16,26,naive,85082.0,85501.0,-419.0
2016-09-16,26,drift52,84715.0,85501.0,-786.0
2016-09-16,26,seasonal_naive,85930.0,85501.0,429.0
2016-09-16,26,seasonal_delta,85196.0,85501.0,-305.0
2016-09-16,26,ets,84914.26895761819,85501.0,-586.7310423818126
2016-09-16,52,naive,85082.0,86252.0,-1170.0
2016-09-16,52,drift52,84348.0,86252.0,-1904.0
2016-09-16,52,seasonal_naive,85082.0,86252.0,-1170.0
2016-09-16,52,seasonal_delta,84348.0,86252.0,-1904.0
2016-09-16,52,ets,84918.91552350094,86252.0,-1333.0844764990616
2016-09-23,26,naive,85321.0,85528.0,-207.0
2016-09-23,26,drift52,85035.5,85528.0,-492.5
2016-09-23,26,seasonal_naive,85646.5,85528.0,118.5
2016-09-23,26,seasonal_delta,85075.5,85528.0,-452.5
2016-09-23,26,ets,84820.52534649419,85528.0,-707.4746535058075
2016-09-23,52,naive,85321.0,86220.0,-899.0
2016-09-23,52,drift52,84750.0,86220.0,-1470.0
2016-09-23,52,seasonal_naive,85321.0,86220.0,-899.0
2016-09-23,52,seasonal_delta,84750.0,86220.0,-1470.0
2016-09-23,52,ets,85089.26653207505,86220.0,-1130.733467924947
2016-09-30,13,naive,85639.0,84857.0,782.0
2016-09-30,13,drift52,85555.5,84857.0,698.5
2016-09-30,13,seasonal_naive,85180.33333333333,84857.0,323.3333333333285
2016-09-30,13,seasonal_delta,84846.33333333333,84857.0,-10.666666666671517
2016-09-30,13,ets,83555.90050488166,84857.0,-1301.0994951183384
2016-09-30,26,naive,85639.0,85513.0,126.0
2016-09-30,26,drift52,85472.0,85513.0,-41.0
2016-09-30,26,seasonal_naive,85363.0,85513.0,-150.0
2016-09-30,26,seasonal_delta,85029.0,85513.0,-484.0
2016-09-30,26,ets,84644.05731389447,85513.0,-868.9426861055254
2016-09-30,52,naive,85639.0,86256.0,-617.0
2016-09-30,52,drift52,85305.0,86256.0,-951.0
2016-09-30,52,seasonal_naive,85639.0,86256.0,-617.0
2016-09-30,52,seasonal_delta,85305.0,86256.0,-951.0
2016-09-30,52,ets,85181.9974490448,86256.0,-1074.002550955207
2016-10-07,13,naive,85754.0,84737.0,1017.0
2016-10-07,13,drift52,85656.25,84737.0,919.25
2016-10-07,13,seasonal_naive,84950.0,84737.0,213.0
2016-10-07,13,seasonal_delta,84559.0,84737.0,-178.0
2016-10-07,13,ets,84523.75376147463,84737.0,-213.2462385253748
2016-10-07,26,naive,85754.0,85517.0,237.0
2016-10-07,26,drift52,85558.5,85517.0,41.5
2016-10-07,26,seasonal_naive,85398.0,85517.0,-119.0
2016-10-07,26,seasonal_delta,85007.0,85517.0,-510.0
2016-10-07,26,ets,85415.5403944354,85517.0,-101.45960556459613
2016-10-07,52,naive,85754.0,86260.0,-506.0
2016-10-07,52,drift52,85363.0,86260.0,-897.0
2016-10-07,52,seasonal_naive,85754.0,86260.0,-506.0
2016-10-07,52,seasonal_delta,85363.0,86260.0,-897.0
2016-10-07,52,ets,86017.70980398858,86260.0,-242.290196011425
2016-10-14,13,naive,85860.0,84874.0,986.0
2016-10-14,13,drift52,85802.5,84874.0,928.5
2016-10-14,13,seasonal_naive,85242.0,84874.0,368.0
2016-10-14,13,seasonal_delta,85012.0,84874.0,138.0
2016-10-14,13,ets,84792.87342411625,84874.0,-81.12657588375441
2016-10-14,52,naive,85860.0,86337.0,-477.0
2016-10-14,52,drift52,85630.0,86337.0,-707.0
2016-10-14,52,seasonal_naive,85860.0,86337.0,-477.0
2016-10-14,52,seasonal_delta,85630.0,86337.0,-707.0
2016-10-14,52,ets,86046.78695674003,86337.0,-290.21304325996607
2016-10-21,13,naive,85898.0,85048.0,850.0
2016-10-21,13,drift52,85845.75,85048.0,797.75
2016-10-21,13,seasonal_naive,85260.0,85048.0,212.0
2016-10-21,13,seasonal_delta,85051.0,85048.0,3.0
2016-10-21,13,ets,84961.09417149548,85048.0,-86.90582850451756
2016-10-21,26,naive,85898.0,85277.0,621.0
2016-10-21,26,drift52,85793.5,85277.0,516.5
2016-10-21,26,seasonal_naive,85597.0,85277.0,320.0
2016-10-21,26,seasonal_delta,85388.0,85277.0,111.0
2016-10-21,26,ets,85291.36068636364,85277.0,14.360686363637797
2016-10-21,52,naive,85898.0,86362.0,-464.0
2016-10-21,52,drift52,85689.0,86362.0,-673.0
2016-10-21,52,seasonal_naive,85898.0,86362.0,-464.0
2016-10-21,52,seasonal_delta,85689.0,86362.0,-673.0
2016-10-21,52,ets,86139.68545149906,86362.0,-222.3145485009445
2016-10-28,13,naive,85998.0,85188.0,810.0
2016-10-28,13,drift52,86036.75,85188.0,848.75
2016-10-28,13,seasonal_naive,85461.0,85188.0,273.0
2016-10-28,13,seasonal_delta,85616.0,85188.0,428.0
2016-10-28,13,ets,85227.49128343261,85188.0,39.491283432609634
2016-10-28,26,naive,85998.0,85211.0,787.0
2016-10-28,26,drift52,86075.5,85211.0,864.5
2016-10-28,26,seasonal_naive,85540.0,85211.0,329.0
2016-10-28,26,seasonal_delta,85695.0,85211.0,484.0
2016-10-28,26,ets,85304.73462311328,85211.0,93.7346231132833
2016-10-28,52,naive,85998.0,86327.0,-329.0
2016-10-28,52,drift52,86153.0,86327.0,-174.0
2016-10-28,52,seasonal_naive,85998.0,86327.0,-329.0
2016-10-28,52,seasonal_delta,86153.0,86327.0,-174.0
2016-10-28,52,ets,86128.3891601357,86327.0,-198.6108398642973
2016-11-04,13,naive,85981.0,85245.0,736.0
2016-11-04,13,drift52,86005.25,85245.0,760.25
2016-11-04,13,seasonal_naive,85634.0,85245.0,389.0
2016-11-04,13,seasonal_delta,85731.0,85245.0,486.0
2016-11-04,13,ets,85280.21814326895,85245.0,35.21814326895401
2016-11-04,26,naive,85981.0,85129.0,852.0
2016-11-04,26,drift52,86029.5,85129.0,900.5
2016-11-04,26,seasonal_naive,85381.0,85129.0,252.0
2016-11-04,26,seasonal_delta,85478.0,85129.0,349.0
2016-11-04,26,ets,85071.06342319505,85129.0,-57.936576804946526
2016-11-04,52,naive,85981.0,86185.0,-204.0
2016-11-04,52,drift52,86078.0,86185.0,-107.0
2016-11-04,52,seasonal_naive,85981.0,86185.0,-204.0
2016-11-04,52,seasonal_delta,86078.0,86185.0,-107.0
2016-11-04,52,ets,86016.32147063735,86185.0,-168.67852936264535
2016-11-11,13,naive,85975.0,85523.0,452.0
2016-11-11,13,drift52,85970.5,85523.0,447.5
2016-11-11,13,seasonal_naive,85679.0,85523.0,156.0
2016-11-11,13,seasonal_delta,85661.0,85523.0,138.0
2016-11-11,13,ets,85384.08350692528,85523.0,-138.91649307472107
2016-11-11,26,naive,85975.0,85193.0,782.0
2016-11-11,26,drift52,85966.0,85193.0,773.0
2016-11-11,26,seasonal_naive,85345.0,85193.0,152.0
2016-11-11,26,seasonal_delta,85327.0,85193.0,134.0
2016-11-11,26,ets,85150.22014419515,85193.0,-42.77985580485256
2016-11-11,52,naive,85975.0,86163.0,-188.0
2016-11-11,52,drift52,85957.0,86163.0,-206.0
2016-11-11,52,seasonal_naive,85975.0,86163.0,-188.0
2016-11-11,52,seasonal_delta,85957.0,86163.0,-206.0
2016-11-11,52,ets,86095.51005799866,86163.0,-67.48994200133893
2016-11-18,13,naive,86033.0,85519.0,514.0
2016-11-18,13,drift52,86047.0,85519.0,528.0
2016-11-18,13,seasonal_naive,85636.0,85519.0,117.0
2016-11-18,13,seasonal_delta,85692.0,85519.0,173.0
2016-11-18,13,ets,85448.07053398239,85519.0,-70.92946601760923
2016-11-18,26,naive,86033.0,85316.0,717.0
2016-11-18,26,drift52,86061.0,85316.0,745.0
2016-11-18,26,seasonal_naive,85335.0,85316.0,19.0
2016-11-18,26,seasonal_delta,85391.0,85316.0,75.0
2016-11-18,26,ets,85247.61245908334,85316.0,-68.38754091666488
2016-11-18,52,naive,86033.0,86185.0,-152.0
2016-11-18,52,drift52,86089.0,86185.0,-96.0
2016-11-18,52,seasonal_naive,86033.0,86185.0,-152.0
2016-11-18,52,seasonal_delta,86089.0,86185.0,-96.0
2016-11-18,52,ets,86073.32978543786,86185.0,-111.67021456213843
2016-11-25,13,naive,85897.0,85442.0,455.0
2016-11-25,13,drift52,85875.75,85442.0,433.75
2016-11-25,13,seasonal_naive,85753.0,85442.0,311.0
2016-11-25,13,seasonal_delta,85668.0,85442.0,226.0
2016-11-25,13,ets,85528.15716696529,85442.0,86.15716696529125
2016-11-25,26,naive,85897.0,85356.0,541.0
2016-11-25,26,drift52,85854.5,85356.0,498.5
2016-11-25,26,seasonal_naive,85422.0,85356.0,66.0
2016-11-25,26,seasonal_delta,85337.0,85356.0,-19.0
2016-11-25,26,ets,85178.17577176011,85356.0,-177.824228239886
2016-11-25,52,naive,85897.0,86129.0,-232.0
2016-11-25,52,drift52,85812.0,86129.0,-317.0
2016-11-25,52,seasonal_naive,85897.0,86129.0,-232.0
2016-11-25,52,seasonal_delta,85812.0,86129.0,-317.0
2016-11-25,52,ets,85991.24159577038,86129.0,-137.7584042296221
2016-12-02,13,naive,85839.0,85442.0,397.0
2016-12-02,13,drift52,85825.0,85442.0,383.0
2016-12-02,13,seasonal_naive,85834.0,85442.0,392.0
2016-12-02,13,seasonal_delta,85778.0,85442.0,336.0
2016-12-02,13,ets,85612.76225219197,85442.0,170.7622521919693
2016-12-02,26,naive,85839.0,85293.0,546.0
2016-12-02,26,drift52,85811.0,85293.0,518.0
2016-12-02,26,seasonal_naive,85291.0,85293.0,-2.0
2016-12-02,26,seasonal_delta,85235.0,85293.0,-58.0
2016-12-02,26,ets,85208.44276489025,85293.0,-84.55723510975076
2016-12-02,52,naive,85839.0,86075.0,-236.0
2016-12-02,52,drift52,85783.0,86075.0,-292.0
2016-12-02,52,seasonal_naive,85839.0,86075.0,-236.0
2016-12-02,52,seasonal_delta,85783.0,86075.0,-292.0
2016-12-02,52,ets,85929.09740748418,86075.0,-145.9025925158203
2016-12-09,13,naive,85722.0,85476.0,246.0
2016-12-09,13,drift52,85690.75,85476.0,214.75
2016-12-09,13,seasonal_naive,85948.0,85476.0,472.0
2016-12-09,13,seasonal_delta,85823.0,85476.0,347.0
2016-12-09,13,ets,85667.93515641174,85476.0,191.93515641173872
2016-12-09,26,naive,85722.0,85367.0,355.0
2016-12-09,26,drift52,85659.5,85367.0,292.5
2016-12-09,26,seasonal_naive,85300.0,85367.0,-67.0
2016-12-09,26,seasonal_delta,85175.0,85367.0,-192.0
2016-12-09,26,ets,85220.18630097352,85367.0,-146.81369902647566
2016-12-09,52,naive,85722.0,85948.0,-226.0
2016-12-09,52,drift52,85597.0,85948.0,-351.0
2016-12-09,52,seasonal_naive,85722.0,85948.0,-226.0
2016-12-09,52,seasonal_delta,85597.0,85948.0,-351.0
2016-12-09,52,ets,85644.31886868572,85948.0,-303.68113131428254
2016-12-16,13,naive,85583.0,85501.0,82.0
2016-12-16,13,drift52,85568.5,85501.0,67.5
2016-12-16,13,seasonal_naive,85930.0,85501.0,429.0
2016-12-16,13,seasonal_delta,85872.0,85501.0,371.0
2016-12-16,13,ets,85642.79980601327,85501.0,141.7998060132668
2016-12-16,26,naive,85583.0,85426.0,157.0
2016-12-16,26,drift52,85554.0,85426.0,128.0
2016-12-16,26,seasonal_naive,85185.0,85426.0,-241.0
2016-12-16,26,seasonal_delta,85127.0,85426.0,-299.0
2016-12-16,26,ets,85166.58050938776,85426.0,-259.41949061224295
2016-12-16,52,naive,85583.0,85577.0,6.0
2016-12-16,52,drift52,85525.0,85577.0,-52.0
2016-12-16,52,seasonal_naive,85583.0,85577.0,6.0
2016-12-16,52,seasonal_delta,85525.0,85577.0,-52.0
2016-12-16,52,ets,85194.46126643763,85577.0,-382.53873356236727
2016-12-30,13,naive,84857.0,85513.0,-656.0
2016-12-30,13,drift52,84776.16666666667,85513.0,-736.8333333333285
2016-12-30,13,seasonal_naive,85363.0,85513.0,-150.0
2016-12-30,13,seasonal_delta,85039.66666666667,85513.0,-473.3333333333285
2016-12-30,13,ets,86169.17820428267,85513.0,656.1782042826671
2016-12-30,26,naive,84857.0,85863.0,-1006.0
2016-12-30,26,drift52,84695.33333333334,85863.0,-1167.666666666657
2016-12-30,26,seasonal_naive,85128.0,85863.0,-735.0
2016-12-30,26,seasonal_delta,84804.66666666667,85863.0,-1058.3333333333285
2016-12-30,26,ets,86070.56918609145,85863.0,207.56918609145214
2016-12-30,52,naive,84857.0,84746.0,111.0
2016-12-30,52,drift52,84533.66666666667,84746.0,-212.33333333332848
2016-12-30,52,seasonal_naive,84857.0,84746.0,111.0
2016-12-30,52,seasonal_delta,84533.66666666667,84746.0,-212.33333333332848
2016-12-30,52,ets,85107.52835650717,84746.0,361.52835650717316
2017-01-06,13,naive,84737.0,85517.0,-780.0
2017-01-06,13,drift52,84683.75,85517.0,-833.25
2017-01-06,13,seasonal_naive,85398.0,85517.0,-119.0
2017-01-06,13,seasonal_delta,85185.0,85517.0,-332.0
2017-01-06,13,ets,86134.95259543584,85517.0,617.9525954358396
2017-01-06,26,naive,84737.0,86072.0,-1335.0
2017-01-06,26,drift52,84630.5,86072.0,-1441.5
2017-01-06,26,seasonal_naive,85058.0,86072.0,-1014.0
2017-01-06,26,seasonal_delta,84845.0,86072.0,-1227.0
2017-01-06,26,ets,86131.40652710234,86072.0,59.40652710234281
2017-01-06,52,naive,84737.0,84550.0,187.0
2017-01-06,52,drift52,84524.0,84550.0,-26.0
2017-01-06,52,seasonal_naive,84737.0,84550.0,187.0
2017-01-06,52,seasonal_delta,84524.0,84550.0,-26.0
2017-01-06,52,ets,85282.10950880079,84550.0,732.109508800786
2017-01-13,26,naive,84874.0,85994.0,-1120.0
2017-01-13,26,drift52,84690.0,85994.0,-1304.0
2017-01-13,26,seasonal_naive,85090.0,85994.0,-904.0
2017-01-13,26,seasonal_delta,84722.0,85994.0,-1272.0
2017-01-13,26,ets,86165.26592712746,85994.0,171.2659271274606
2017-01-13,52,naive,84874.0,84646.0,228.0
2017-01-13,52,drift52,84506.0,84646.0,-140.0
2017-01-13,52,seasonal_naive,84874.0,84646.0,228.0
2017-01-13,52,seasonal_delta,84506.0,84646.0,-140.0
2017-01-13,52,ets,85551.69581221307,84646.0,905.6958122130745
2017-01-20,13,naive,85048.0,85277.0,-229.0
2017-01-20,13,drift52,84995.0,85277.0,-282.0
2017-01-20,13,seasonal_naive,85597.0,85277.0,320.0
2017-01-20,13,seasonal_delta,85385.0,85277.0,108.0
2017-01-20,13,ets,86011.4213028123,85277.0,734.4213028123049
2017-01-20,26,naive,85048.0,86168.0,-1120.0
2017-01-20,26,drift52,84942.0,86168.0,-1226.0
2017-01-20,26,seasonal_naive,85152.0,86168.0,-1016.0
2017-01-20,26,seasonal_delta,84940.0,86168.0,-1228.0
2017-01-20,26,ets,86195.44488193876,86168.0,27.444881938761682
2017-01-20,52,naive,85048.0,84574.0,474.0
2017-01-20,52,drift52,84836.0,84574.0,262.0
2017-01-20,52,seasonal_naive,85048.0,84574.0,474.0
2017-01-20,52,seasonal_delta,84836.0,84574.0,262.0
2017-01-20,52,ets,85711.76068703704,84574.0,1137.7606870370364
2017-01-27,13,naive,85188.0,85211.0,-23.0
2017-01-27,13,drift52,85119.75,85211.0,-91.25
2017-01-27,13,seasonal_naive,85540.0,85211.0,329.0
2017-01-27,13,seasonal_delta,85267.0,85211.0,56.0
2017-01-27,13,ets,85092.1742227117,85211.0,-118.82577728829347
2017-01-27,26,naive,85188.0,86230.0,-1042.0
2017-01-27,26,drift52,85051.5,86230.0,-1178.5
2017-01-27,26,seasonal_naive,85112.0,86230.0,-1118.0
2017-01-27,26,seasonal_delta,84839.0,86230.0,-1391.0
2017-01-27,26,ets,85251.67697127532,86230.0,-978.3230287246843
2017-01-27,52,naive,85188.0,84537.0,651.0
2017-01-27,52,drift52,84915.0,84537.0,378.0
2017-01-27,52,seasonal_naive,85188.0,84537.0,651.0
2017-01-27,52,seasonal_delta,84915.0,84537.0,378.0
2017-01-27,52,ets,84983.89446154519,84537.0,446.894461545191
2017-02-03,13,naive,85245.0,85129.0,116.0
2017-02-03,13,drift52,85147.75,85129.0,18.75
2017-02-03,13,seasonal_naive,85381.0,85129.0,252.0
2017-02-03,13,seasonal_delta,84992.0,85129.0,-137.0
2017-02-03,13,ets,85018.14427844832,85129.0,-110.85572155167756
2017-02-03,26,naive,85245.0,86353.0,-1108.0
2017-02-03,26,drift52,85050.5,86353.0,-1302.5
2017-02-03,26,seasonal_naive,85134.0,86353.0,-1219.0
2017-02-03,26,seasonal_delta,84745.0,86353.0,-1608.0
2017-02-03,26,ets,85377.39338739589,86353.0,-975.6066126041114
2017-02-03,52,naive,85245.0,84511.0,734.0
2017-02-03,52,drift52,84856.0,84511.0,345.0
2017-02-03,52,seasonal_naive,85245.0,84511.0,734.0
2017-02-03,52,seasonal_delta,84856.0,84511.0,345.0
2017-02-03,52,ets,85175.55292895358,84511.0,664.5529289535771
2017-02-10,13,naive,85523.0,85193.0,330.0
2017-02-10,13,drift52,85484.0,85193.0,291.0
2017-02-10,13,seasonal_naive,85345.0,85193.0,152.0
2017-02-10,13,seasonal_delta,85189.0,85193.0,-4.0
2017-02-10,13,ets,85102.03494380464,85193.0,-90.96505619536038
2017-02-10,26,naive,85523.0,86368.0,-845.0
2017-02-10,26,drift52,85445.0,86368.0,-923.0
2017-02-10,26,seasonal_naive,85188.0,86368.0,-1180.0
2017-02-10,26,seasonal_delta,85032.0,86368.0,-1336.0
2017-02-10,26,ets,85513.2449381813,86368.0,-854.7550618186942
2017-02-10,52,naive,85523.0,84474.0,1049.0
2017-02-10,52,drift52,85367.0,84474.0,893.0
2017-02-10,52,seasonal_naive,85523.0,84474.0,1049.0
2017-02-10,52,seasonal_delta,85367.0,84474.0,893.0
2017-02-10,52,ets,85306.46616772324,84474.0,832.4661677232361
2017-02-17,13,naive,85519.0,85316.0,203.0
2017-02-17,13,drift52,85489.75,85316.0,173.75
2017-02-17,13,seasonal_naive,85335.0,85316.0,19.0
2017-02-17,13,seasonal_delta,85218.0,85316.0,-98.0
2017-02-17,13,ets,85159.94164881912,85316.0,-156.05835118087998
2017-02-17,26,naive,85519.0,86388.0,-869.0
2017-02-17,26,drift52,85460.5,86388.0,-927.5
2017-02-17,26,seasonal_naive,85023.0,86388.0,-1365.0
2017-02-17,26,seasonal_delta,84906.0,86388.0,-1482.0
2017-02-17,26,ets,85463.97452531362,86388.0,-924.0254746863793
2017-02-17,52,naive,85519.0,84255.0,1264.0
2017-02-17,52,drift52,85402.0,84255.0,1147.0
2017-02-17,52,seasonal_naive,85519.0,84255.0,1264.0
2017-02-17,52,seasonal_delta,85402.0,84255.0,1147.0
2017-02-17,52,ets,85381.6443881007,84255.0,1126.6443881006999
2017-02-24,13,naive,85442.0,85356.0,86.0
2017-02-24,13,drift52,85364.25,85356.0,8.25
2017-02-24,13,seasonal_naive,85422.0,85356.0,66.0
2017-02-24,13,seasonal_delta,85111.0,85356.0,-245.0
2017-02-24,13,ets,84877.40564117047,85356.0,-478.59435882953403
2017-02-24,26,naive,85442.0,86413.0,-971.0
2017-02-24,26,drift52,85286.5,86413.0,-1126.5
2017-02-24,26,seasonal_naive,85119.0,86413.0,-1294.0
2017-02-24,26,seasonal_delta,84808.0,86413.0,-1605.0
2017-02-24,26,ets,85151.784472768,86413.0,-1261.2155272319942
2017-02-24,52,naive,85442.0,84235.0,1207.0
2017-02-24,52,drift52,85131.0,84235.0,896.0
2017-02-24,52,seasonal_naive,85442.0,84235.0,1207.0
2017-02-24,52,seasonal_delta,85131.0,84235.0,896.0
2017-02-24,52,ets,85223.63437130577,84235.0,988.6343713057722
2017-03-03,13,naive,85442.0,85293.0,149.0
2017-03-03,13,drift52,85344.0,85293.0,51.0
2017-03-03,13,seasonal_naive,85291.0,85293.0,-2.0
2017-03-03,13,seasonal_delta,84899.0,85293.0,-394.0
2017-03-03,13,ets,84824.93492104107,85293.0,-468.0650789589272
2017-03-03,26,naive,85442.0,86294.0,-852.0
2017-03-03,26,drift52,85246.0,86294.0,-1048.0
2017-03-03,26,seasonal_naive,84914.0,86294.0,-1380.0
2017-03-03,26,seasonal_delta,84522.0,86294.0,-1772.0
2017-03-03,26,ets,85106.80051215235,86294.0,-1187.1994878476544
2017-03-03,52,naive,85442.0,84178.0,1264.0
2017-03-03,52,drift52,85050.0,84178.0,872.0
2017-03-03,52,seasonal_naive,85442.0,84178.0,1264.0
2017-03-03,52,seasonal_delta,85050.0,84178.0,872.0
2017-03-03,52,ets,85220.47359009742,84178.0,1042.4735900974192
2017-03-10,13,naive,85476.0,85367.0,109.0
2017-03-10,13,drift52,85358.0,85367.0,-9.0
2017-03-10,13,seasonal_naive,85300.0,85367.0,-67.0
2017-03-10,13,seasonal_delta,84828.0,85367.0,-539.0
2017-03-10,13,ets,84827.1601481022,85367.0,-539.8398518978065
2017-03-10,26,naive,85476.0,86235.0,-759.0
2017-03-10,26,drift52,85240.0,86235.0,-995.0
2017-03-10,26,seasonal_naive,84967.0,86235.0,-1268.0
2017-03-10,26,seasonal_delta,84495.0,86235.0,-1740.0
2017-03-10,26,ets,85176.49687966506,86235.0,-1058.5031203349354
2017-03-10,52,naive,85476.0,83899.0,1577.0
2017-03-10,52,drift52,85004.0,83899.0,1105.0
2017-03-10,52,seasonal_naive,85476.0,83899.0,1577.0
2017-03-10,52,seasonal_delta,85004.0,83899.0,1105.0
2017-03-10,52,ets,85267.2269058027,83899.0,1368.2269058027014
2017-03-17,13,naive,85501.0,85426.0,75.0
2017-03-17,13,drift52,85393.75,85426.0,-32.25
2017-03-17,13,seasonal_naive,85185.0,85426.0,-241.0
2017-03-17,13,seasonal_delta,84756.0,85426.0,-670.0
2017-03-17,13,ets,84783.00981199641,85426.0,-642.9901880035904
2017-03-17,26,naive,85501.0,86252.0,-751.0
2017-03-17,26,drift52,85286.5,86252.0,-965.5
2017-03-17,26,seasonal_naive,85082.0,86252.0,-1170.0
2017-03-17,26,seasonal_delta,84653.0,86252.0,-1599.0
2017-03-17,26,ets,85245.29182207657,86252.0,-1006.7081779234286
2017-03-17,52,naive,85501.0,83921.0,1580.0
2017-03-17,52,drift52,85072.0,83921.0,1151.0
2017-03-17,52,seasonal_naive,85501.0,83921.0,1580.0
2017-03-17,52,seasonal_delta,85072.0,83921.0,1151.0
2017-03-17,52,ets,85242.02819494651,83921.0,1321.0281949465134
2017-03-24,13,naive,85528.0,85636.0,-108.0
2017-03-24,13,drift52,85498.375,85636.0,-137.625
2017-03-24,13,seasonal_naive,85130.0,85636.0,-506.0
2017-03-24,13,seasonal_delta,85011.5,85636.0,-624.5
2017-03-24,13,ets,85328.58747231073,85636.0,-307.4125276892737
2017-03-24,26,naive,85528.0,86220.0,-692.0
2017-03-24,26,drift52,85468.75,86220.0,-751.25
2017-03-24,26,seasonal_naive,85321.0,86220.0,-899.0
2017-03-24,26,seasonal_delta,85202.5,86220.0,-1017.5
2017-03-24,26,ets,85897.1944838142,86220.0,-322.8055161858065
2017-03-24,52,naive,85528.0,83875.0,1653.0
2017-03-24,52,drift52,85409.5,83875.0,1534.5
2017-03-24,52,seasonal_naive,85528.0,83875.0,1653.0
2017-03-24,52,seasonal_delta,85409.5,83875.0,1534.5
2017-03-24,52,ets,85649.95259405335,83875.0,1774.9525940533495
2017-03-31,13,naive,85513.0,85863.0,-350.0
2017-03-31,13,drift52,85550.5,85863.0,-312.5
2017-03-31,13,seasonal_naive,85128.0,85863.0,-735.0
2017-03-31,13,seasonal_delta,85278.0,85863.0,-585.0
2017-03-31,13,ets,85351.59774020247,85863.0,-511.4022597975272
2017-03-31,26,naive,85513.0,86256.0,-743.0
2017-03-31,26,drift52,85588.0,86256.0,-668.0
2017-03-31,26,seasonal_naive,85639.0,86256.0,-617.0
2017-03-31,26,seasonal_delta,85789.0,86256.0,-467.0
2017-03-31,26,ets,86024.64691146929,86256.0,-231.35308853071183
2017-04-07,13,naive,85517.0,86072.0,-555.0
2017-04-07,13,drift52,85546.75,86072.0,-525.25
2017-04-07,13,seasonal_naive,85058.0,86072.0,-1014.0
2017-04-07,13,seasonal_delta,85177.0,86072.0,-895.0
2017-04-07,13,ets,85409.91612666023,86072.0,-662.0838733397686
2017-04-07,26,naive,85517.0,86260.0,-743.0
2017-04-07,26,drift52,85576.5,86260.0,-683.5
2017-04-07,26,seasonal_naive,85754.0,86260.0,-506.0
2017-04-07,26,seasonal_delta,85873.0,86260.0,-387.0
2017-04-07,26,ets,86046.89280894992,86260.0,-213.10719105007593
2017-04-07,52,naive,85517.0,83617.0,1900.0
2017-04-07,52,drift52,85636.0,83617.0,2019.0
2017-04-07,52,seasonal_naive,85517.0,83617.0,1900.0
2017-04-07,52,seasonal_delta,85636.0,83617.0,2019.0
2017-04-07,52,ets,85443.1514876346,83617.0,1826.1514876346046
2017-04-21,13,naive,85277.0,86168.0,-891.0
2017-04-21,13,drift52,85197.0,86168.0,-971.0
2017-04-21,13,seasonal_naive,85152.0,86168.0,-1016.0
2017-04-21,13,seasonal_delta,84832.0,86168.0,-1336.0
2017-04-21,13,ets,85412.52615910396,86168.0,-755.4738408960402
2017-04-21,26,naive,85277.0,86362.0,-1085.0
2017-04-21,26,drift52,85117.0,86362.0,-1245.0
2017-04-21,26,seasonal_naive,85898.0,86362.0,-464.0
2017-04-21,26,seasonal_delta,85578.0,86362.0,-784.0
2017-04-21,26,ets,86080.99095491803,86362.0,-281.0090450819698
2017-04-21,52,naive,85277.0,83620.0,1657.0
2017-04-21,52,drift52,84957.0,83620.0,1337.0
2017-04-21,52,seasonal_naive,85277.0,83620.0,1657.0
2017-04-21,52,seasonal_delta,84957.0,83620.0,1337.0
2017-04-21,52,ets,85234.15699636366,83620.0,1614.1569963636575
2017-04-28,13,naive,85211.0,86230.0,-1019.0
2017-04-28,13,drift52,85128.75,86230.0,-1101.25
2017-04-28,13,seasonal_naive,85112.0,86230.0,-1118.0
2017-04-28,13,seasonal_delta,84783.0,86230.0,-1447.0
2017-04-28,13,ets,85416.13571772033,86230.0,-813.8642822796683
2017-04-28,26,naive,85211.0,86327.0,-1116.0
2017-04-28,26,drift52,85046.5,86327.0,-1280.5
2017-04-28,26,seasonal_naive,85998.0,86327.0,-329.0
2017-04-28,26,seasonal_delta,85669.0,86327.0,-658.0
2017-04-28,26,ets,86085.0989127421,86327.0,-241.9010872578947
2017-04-28,52,naive,85211.0,83673.0,1538.0
2017-04-28,52,drift52,84882.0,83673.0,1209.0
2017-04-28,52,seasonal_naive,85211.0,83673.0,1538.0
2017-04-28,52,seasonal_delta,84882.0,83673.0,1209.0
2017-04-28,52,ets,85263.66552048271,83673.0,1590.6655204827111
2017-05-05,13,naive,85129.0,86353.0,-1224.0
2017-05-05,13,drift52,85066.0,86353.0,-1287.0
2017-05-05,13,seasonal_naive,85134.0,86353.0,-1219.0
2017-05-05,13,seasonal_delta,84882.0,86353.0,-1471.0
2017-05-05,13,ets,85557.17409852869,86353.0,-795.8259014713112
2017-05-05,26,naive,85129.0,86185.0,-1056.0
2017-05-05,26,drift52,85003.0,86185.0,-1182.0
2017-05-05,26,seasonal_naive,85981.0,86185.0,-204.0
2017-05-05,26,seasonal_delta,85729.0,86185.0,-456.0
2017-05-05,26,ets,86116.95651088293,86185.0,-68.04348911707348
2017-05-05,52,naive,85129.0,83705.0,1424.0
2017-05-05,52,drift52,84877.0,83705.0,1172.0
2017-05-05,52,seasonal_naive,85129.0,83705.0,1424.0
2017-05-05,52,seasonal_delta,84877.0,83705.0,1172.0
2017-05-05,52,ets,85179.66320907454,83705.0,1474.6632090745406
2017-05-12,13,naive,85193.0,86368.0,-1175.0
2017-05-12,13,drift52,85155.0,86368.0,-1213.0
2017-05-12,13,seasonal_naive,85188.0,86368.0,-1180.0
2017-05-12,13,seasonal_delta,85036.0,86368.0,-1332.0
2017-05-12,13,ets,85688.21822901124,86368.0,-679.7817709887604
2017-05-12,26,naive,85193.0,86163.0,-970.0
2017-05-12,26,drift52,85117.0,86163.0,-1046.0
2017-05-12,26,seasonal_naive,85975.0,86163.0,-188.0
2017-05-12,26,seasonal_delta,85823.0,86163.0,-340.0
2017-05-12,26,ets,86179.81862101429,86163.0,16.81862101428851
2017-05-12,52,naive,85193.0,83534.0,1659.0
2017-05-12,52,drift52,85041.0,83534.0,1507.0
2017-05-12,52,seasonal_naive,85193.0,83534.0,1659.0
2017-05-12,52,seasonal_delta,85041.0,83534.0,1507.0
2017-05-12,52,ets,85251.03371803294,83534.0,1717.033718032937
2017-05-19,13,naive,85316.0,86388.0,-1072.0
2017-05-19,13,drift52,85311.25,86388.0,-1076.75
2017-05-19,13,seasonal_naive,85023.0,86388.0,-1365.0
2017-05-19,13,seasonal_delta,85004.0,86388.0,-1384.0
2017-05-19,13,ets,85648.95757015157,86388.0,-739.0424298484286
2017-05-19,26,naive,85316.0,86185.0,-869.0
2017-05-19,26,drift52,85306.5,86185.0,-878.5
2017-05-19,26,seasonal_naive,86033.0,86185.0,-152.0
2017-05-19,26,seasonal_delta,86014.0,86185.0,-171.0
2017-05-19,26,ets,86162.77906492054,86185.0,-22.220935079458286
2017-05-19,52,naive,85316.0,83564.0,1752.0
2017-05-19,52,drift52,85297.0,83564.0,1733.0
2017-05-19,52,seasonal_naive,85316.0,83564.0,1752.0
2017-05-19,52,seasonal_delta,85297.0,83564.0,1733.0
2017-05-19,52,ets,85337.03195079244,83564.0,1773.0319507924432
2017-05-26,13,naive,85356.0,86413.0,-1057.0
2017-05-26,13,drift52,85339.5,86413.0,-1073.5
2017-05-26,13,seasonal_naive,85119.0,86413.0,-1294.0
2017-05-26,13,seasonal_delta,85053.0,86413.0,-1360.0
2017-05-26,13,ets,85581.00073488138,86413.0,-831.9992651186185
2017-05-26,26,naive,85356.0,86129.0,-773.0
2017-05-26,26,drift52,85323.0,86129.0,-806.0
2017-05-26,26,seasonal_naive,85897.0,86129.0,-232.0
2017-05-26,26,seasonal_delta,85831.0,86129.0,-298.0
2017-05-26,26,ets,86056.74988174438,86129.0,-72.25011825561523
2017-05-26,52,naive,85356.0,83430.0,1926.0
2017-05-26,52,drift52,85290.0,83430.0,1860.0
2017-05-26,52,seasonal_naive,85356.0,83430.0,1926.0
2017-05-26,52,seasonal_delta,85290.0,83430.0,1860.0
2017-05-26,52,ets,85290.54063093866,83430.0,1860.54063093866
2017-06-02,13,naive,85293.0,86294.0,-1001.0
2017-06-02,13,drift52,85293.5,86294.0,-1000.5
2017-06-02,13,seasonal_naive,84914.0,86294.0,-1380.0
2017-06-02,13,seasonal_delta,84916.0,86294.0,-1378.0
2017-06-02,13,ets,85528.21725192832,86294.0,-765.7827480716805
2017-06-02,26,naive,85293.0,86075.0,-782.0
2017-06-02,26,drift52,85294.0,86075.0,-781.0
2017-06-02,26,seasonal_naive,85839.0,86075.0,-236.0
2017-06-02,26,seasonal_delta,85841.0,86075.0,-234.0
2017-06-02,26,ets,85907.03909384835,86075.0,-167.96090615165303
2017-06-02,52,naive,85293.0,83254.0,2039.0
2017-06-02,52,drift52,85295.0,83254.0,2041.0
2017-06-02,52,seasonal_naive,85293.0,83254.0,2039.0
2017-06-02,52,seasonal_delta,85295.0,83254.0,2041.0
2017-06-02,52,ets,85228.58187841739,83254.0,1974.5818784173898
2017-06-09,13,naive,85367.0,86235.0,-868.0
2017-06-09,13,drift52,85383.75,86235.0,-851.25
2017-06-09,13,seasonal_naive,84967.0,86235.0,-1268.0
2017-06-09,13,seasonal_delta,85034.0,86235.0,-1201.0
2017-06-09,13,ets,85593.04888338782,86235.0,-641.9511166121811
2017-06-09,26,naive,85367.0,85948.0,-581.0
2017-06-09,26,drift52,85400.5,85948.0,-547.5
2017-06-09,26,seasonal_naive,85722.0,85948.0,-226.0
2017-06-09,26,seasonal_delta,85789.0,85948.0,-159.0
2017-06-09,26,ets,85656.30193476734,85948.0,-291.69806523266016
2017-06-09,52,naive,85367.0,83154.0,2213.0
2017-06-09,52,drift52,85434.0,83154.0,2280.0
2017-06-09,52,seasonal_naive,85367.0,83154.0,2213.0
2017-06-09,52,seasonal_delta,85434.0,83154.0,2280.0
2017-06-09,52,ets,85243.60630185093,83154.0,2089.6063018509303
2017-06-16,13,naive,85426.0,86252.0,-826.0
2017-06-16,13,drift52,85486.25,86252.0,-765.75
2017-06-16,13,seasonal_naive,85082.0,86252.0,-1170.0
2017-06-16,13,seasonal_delta,85323.0,86252.0,-929.0
2017-06-16,13,ets,86018.51224056566,86252.0,-233.48775943434157
2017-06-16,26,naive,85426.0,85577.0,-151.0
2017-06-16,26,drift52,85546.5,85577.0,-30.5
2017-06-16,26,seasonal_naive,85583.0,85577.0,6.0
2017-06-16,26,seasonal_delta,85824.0,85577.0,247.0
2017-06-16,26,ets,85609.74249438058,85577.0,32.742494380581775
2017-06-16,52,naive,85426.0,83064.0,2362.0
2017-06-16,52,drift52,85667.0,83064.0,2603.0
2017-06-16,52,seasonal_naive,85426.0,83064.0,2362.0
2017-06-16,52,seasonal_delta,85667.0,83064.0,2603.0
2017-06-16,52,ets,85579.1796703902,83064.0,2515.1796703901928
2017-06-23,13,naive,85636.0,86220.0,-584.0
2017-06-23,13,drift52,85762.5,86220.0,-457.5
2017-06-23,13,seasonal_naive,85321.0,86220.0,-899.0
2017-06-23,13,seasonal_delta,85827.0,86220.0,-393.0
2017-06-23,13,ets,86199.82055927887,86220.0,-20.17944072112732
2017-06-23,26,naive,85636.0,85267.0,369.0
2017-06-23,26,drift52,85889.0,85267.0,622.0
2017-06-23,26,seasonal_naive,85220.0,85267.0,-47.0
2017-06-23,26,seasonal_delta,85726.0,85267.0,459.0
2017-06-23,26,ets,85060.65736230975,85267.0,-206.34263769024983
2017-06-23,52,naive,85636.0,82989.0,2647.0
2017-06-23,52,drift52,86142.0,82989.0,3153.0
2017-06-23,52,seasonal_naive,85636.0,82989.0,2647.0
2017-06-23,52,seasonal_delta,86142.0,82989.0,3153.0
2017-06-23,52,ets,85651.65138136563,82989.0,2662.6513813656347
2017-06-30,13,naive,85863.0,86256.0,-393.0
2017-06-30,13,drift52,86046.75,86256.0,-209.25
2017-06-30,13,seasonal_naive,85639.0,86256.0,-617.0
2017-06-30,13,seasonal_delta,86374.0,86256.0,118.0
2017-06-30,13,ets,86321.59183200766,86256.0,65.59183200765983
2017-06-30,26,naive,85863.0,84746.0,1117.0
2017-06-30,26,drift52,86230.5,84746.0,1484.5
2017-06-30,26,seasonal_naive,84857.0,84746.0,111.0
2017-06-30,26,seasonal_delta,85592.0,84746.0,846.0
2017-06-30,26,ets,84732.2261883772,84746.0,-13.773811622799258
2017-06-30,52,naive,85863.0,82961.0,2902.0
2017-06-30,52,drift52,86598.0,82961.0,3637.0
2017-06-30,52,seasonal_naive,85863.0,82961.0,2902.0
2017-06-30,52,seasonal_delta,86598.0,82961.0,3637.0
2017-06-30,52,ets,85681.39328249496,82961.0,2720.393282494959
2017-07-07,13,naive,86072.0,86260.0,-188.0
2017-07-07,13,drift52,86325.5,86260.0,65.5
2017-07-07,13,seasonal_naive,85754.0,86260.0,-506.0
2017-07-07,13,seasonal_delta,86768.0,86260.0,508.0
2017-07-07,13,ets,86339.16442319452,86260.0,79.16442319452472
2017-07-07,26,naive,86072.0,84550.0,1522.0
2017-07-07,26,drift52,86579.0,84550.0,2029.0
2017-07-07,26,seasonal_naive,84737.0,84550.0,187.0
2017-07-07,26,seasonal_delta,85751.0,84550.0,1201.0
2017-07-07,26,ets,84871.06161997918,84550.0,321.0616199791839
2017-07-07,52,naive,86072.0,82901.0,3171.0
2017-07-07,52,drift52,87086.0,82901.0,4185.0
2017-07-07,52,seasonal_naive,86072.0,82901.0,3171.0
2017-07-07,52,seasonal_delta,87086.0,82901.0,4185.0
2017-07-07,52,ets,85732.50949070326,82901.0,2831.5094907032617
2017-07-14,13,naive,85994.0,86337.0,-343.0
2017-07-14,13,drift52,86220.0,86337.0,-117.0
2017-07-14,13,seasonal_naive,85860.0,86337.0,-477.0
2017-07-14,13,seasonal_delta,86764.0,86337.0,427.0
2017-07-14,13,ets,86715.9358605376,86337.0,378.93586053760373
2017-07-14,26,naive,85994.0,84646.0,1348.0
2017-07-14,26,drift52,86446.0,84646.0,1800.0
2017-07-14,26,seasonal_naive,84874.0,84646.0,228.0
2017-07-14,26,seasonal_delta,85778.0,84646.0,1132.0
2017-07-14,26,ets,85456.58536953079,84646.0,810.5853695307887
2017-07-14,52,naive,85994.0,82822.0,3172.0
2017-07-14,52,drift52,86898.0,82822.0,4076.0
2017-07-14,52,seasonal_naive,85994.0,82822.0,3172.0
2017-07-14,52,seasonal_delta,86898.0,82822.0,4076.0
2017-07-14,52,ets,86101.74201179623,82822.0,3279.742011796232
2017-07-21,13,naive,86168.0,86362.0,-194.0
2017-07-21,13,drift52,86422.0,86362.0,60.0
2017-07-21,13,seasonal_naive,85898.0,86362.0,-464.0
2017-07-21,13,seasonal_delta,86914.0,86362.0,552.0
2017-07-21,13,ets,86799.84026381261,86362.0,437.84026381261356
2017-07-21,26,naive,86168.0,84574.0,1594.0
2017-07-21,26,drift52,86676.0,84574.0,2102.0
2017-07-21,26,seasonal_naive,85048.0,84574.0,474.0
2017-07-21,26,seasonal_delta,86064.0,84574.0,1490.0
2017-07-21,26,ets,85624.01657946828,84574.0,1050.0165794682835
2017-07-21,52,naive,86168.0,82956.0,3212.0
2017-07-21,52,drift52,87184.0,82956.0,4228.0
2017-07-21,52,seasonal_naive,86168.0,82956.0,3212.0
2017-07-21,52,seasonal_delta,87184.0,82956.0,4228.0
2017-07-21,52,ets,86137.47280655529,82956.0,3181.4728065552918
2017-07-28,13,naive,86230.0,86327.0,-97.0
2017-07-28,13,drift52,86509.5,86327.0,182.5
2017-07-28,13,seasonal_naive,85998.0,86327.0,-329.0
2017-07-28,13,seasonal_delta,87116.0,86327.0,789.0
2017-07-28,13,ets,86797.3434523927,86327.0,470.34345239269896
2017-07-28,26,naive,86230.0,84537.0,1693.0
2017-07-28,26,drift52,86789.0,84537.0,2252.0
2017-07-28,26,seasonal_naive,85188.0,84537.0,651.0
2017-07-28,26,seasonal_delta,86306.0,84537.0,1769.0
2017-07-28,26,ets,85870.32960272527,84537.0,1333.3296027252654
2017-07-28,52,naive,86230.0,82967.0,3263.0
2017-07-28,52,drift52,87348.0,82967.0,4381.0
2017-07-28,52,seasonal_naive,86230.0,82967.0,3263.0
2017-07-28,52,seasonal_delta,87348.0,82967.0,4381.0
2017-07-28,52,ets,86137.78146265168,82967.0,3170.7814626516774
2017-08-04,13,naive,86353.0,86185.0,168.0
2017-08-04,13,drift52,86657.75,86185.0,472.75
2017-08-04,13,seasonal_naive,85981.0,86185.0,-204.0
2017-08-04,13,seasonal_delta,87200.0,86185.0,1015.0
2017-08-04,13,ets,86829.63613320659,86185.0,644.6361332065862
2017-08-04,26,naive,86353.0,84511.0,1842.0
2017-08-04,26,drift52,86962.5,84511.0,2451.5
2017-08-04,26,seasonal_naive,85245.0,84511.0,734.0
2017-08-04,26,seasonal_delta,86464.0,84511.0,1953.0
2017-08-04,26,ets,86059.58315153023,84511.0,1548.583151530227
2017-08-04,52,naive,86353.0,83017.0,3336.0
2017-08-04,52,drift52,87572.0,83017.0,4555.0
2017-08-04,52,seasonal_naive,86353.0,83017.0,3336.0
2017-08-04,52,seasonal_delta,87572.0,83017.0,4555.0
2017-08-04,52,ets,86270.33626758444,83017.0,3253.33626758444
2017-08-11,13,naive,86368.0,86163.0,205.0
2017-08-11,13,drift52,86663.0,86163.0,500.0
2017-08-11,13,seasonal_naive,85975.0,86163.0,-188.0
2017-08-11,13,seasonal_delta,87155.0,86163.0,992.0
2017-08-11,13,ets,86796.7866388263,86163.0,633.7866388263064
2017-08-11,26,naive,86368.0,84474.0,1894.0
2017-08-11,26,drift52,86958.0,84474.0,2484.0
2017-08-11,26,seasonal_naive,85523.0,84474.0,1049.0
2017-08-11,26,seasonal_delta,86703.0,84474.0,2229.0
2017-08-11,26,ets,86096.79071436863,84474.0,1622.7907143686316
2017-08-11,52,naive,86368.0,83110.0,3258.0
2017-08-11,52,drift52,87548.0,83110.0,4438.0
2017-08-11,52,seasonal_naive,86368.0,83110.0,3258.0
2017-08-11,52,seasonal_delta,87548.0,83110.0,4438.0
2017-08-11,52,ets,86311.58936492771,83110.0,3201.589364927713
2017-08-18,13,naive,86388.0,86185.0,203.0
2017-08-18,13,drift52,86729.25,86185.0,544.25
2017-08-18,13,seasonal_naive,86033.0,86185.0,-152.0
2017-08-18,13,seasonal_delta,87398.0,86185.0,1213.0
2017-08-18,13,ets,86771.75427175357,86185.0,586.7542717535689
2017-08-18,26,naive,86388.0,84255.0,2133.0
2017-08-18,26,drift52,87070.5,84255.0,2815.5
2017-08-18,26,seasonal_naive,85519.0,84255.0,1264.0
2017-08-18,26,seasonal_delta,86884.0,84255.0,2629.0
2017-08-18,26,ets,86164.98463072095,84255.0,1909.9846307209518
2017-08-18,52,naive,86388.0,83165.0,3223.0
2017-08-18,52,drift52,87753.0,83165.0,4588.0
2017-08-18,52,seasonal_naive,86388.0,83165.0,3223.0
2017-08-18,52,seasonal_delta,87753.0,83165.0,4588.0
2017-08-18,52,ets,86253.92645615147,83165.0,3088.926456151472
2017-08-25,13,naive,86413.0,86129.0,284.0
2017-08-25,13,drift52,86736.5,86129.0,607.5
2017-08-25,13,seasonal_naive,85897.0,86129.0,-232.0
2017-08-25,13,seasonal_delta,87191.0,86129.0,1062.0
2017-08-25,13,ets,86656.40309313539,86129.0,527.4030931353918
2017-08-25,26,naive,86413.0,84235.0,2178.0
2017-08-25,26,drift52,87060.0,84235.0,2825.0
2017-08-25,26,seasonal_naive,85442.0,84235.0,1207.0
2017-08-25,26,seasonal_delta,86736.0,84235.0,2501.0
2017-08-25,26,ets,86233.65742498636,84235.0,1998.6574249863625
2017-08-25,52,naive,86413.0,83064.0,3349.0
2017-08-25,52,drift52,87707.0,83064.0,4643.0
2017-08-25,52,seasonal_naive,86413.0,83064.0,3349.0
2017-08-25,52,seasonal_delta,87707.0,83064.0,4643.0
2017-08-25,52,ets,86171.6744055589,83064.0,3107.6744055588933
2017-09-01,13,naive,86294.0,86075.0,219.0
2017-09-01,13,drift52,86639.0,86075.0,564.0
2017-09-01,13,seasonal_naive,85839.0,86075.0,-236.0
2017-09-01,13,seasonal_delta,87219.0,86075.0,1144.0
2017-09-01,13,ets,86489.92901252706,86075.0,414.9290125270636
2017-09-01,26,naive,86294.0,84178.0,2116.0
2017-09-01,26,drift52,86984.0,84178.0,2806.0
2017-09-01,26,seasonal_naive,85442.0,84178.0,1264.0
2017-09-01,26,seasonal_delta,86822.0,84178.0,2644.0
2017-09-01,26,ets,86249.0127598648,84178.0,2071.012759864796
2017-09-01,52,naive,86294.0,83052.0,3242.0
2017-09-01,52,drift52,87674.0,83052.0,4622.0
2017-09-01,52,seasonal_naive,86294.0,83052.0,3242.0
2017-09-01,52,seasonal_delta,87674.0,83052.0,4622.0
2017-09-01,52,ets,86123.97793105937,83052.0,3071.977931059373
2017-09-08,13,naive,86235.0,85948.0,287.0
2017-09-08,13,drift52,86552.0,85948.0,604.0
2017-09-08,13,seasonal_naive,85722.0,85948.0,-226.0
2017-09-08,13,seasonal_delta,86990.0,85948.0,1042.0
2017-09-08,13,ets,86216.32949288518,85948.0,268.32949288518284
2017-09-08,26,naive,86235.0,83899.0,2336.0
2017-09-08,26,drift52,86869.0,83899.0,2970.0
2017-09-08,26,seasonal_naive,85476.0,83899.0,1577.0
2017-09-08,26,seasonal_delta,86744.0,83899.0,2845.0
2017-09-08,26,ets,86202.6754789005,83899.0,2303.6754789005063
2017-09-08,52,naive,86235.0,83123.0,3112.0
2017-09-08,52,drift52,87503.0,83123.0,4380.0
2017-09-08,52,seasonal_naive,86235.0,83123.0,3112.0
2017-09-08,52,seasonal_delta,87503.0,83123.0,4380.0
2017-09-08,52,ets,86116.8742666406,83123.0,2993.8742666406033
2017-09-15,13,naive,86252.0,85577.0,675.0
2017-09-15,13,drift52,86544.5,85577.0,967.5
2017-09-15,13,seasonal_naive,85583.0,85577.0,6.0
2017-09-15,13,seasonal_delta,86753.0,85577.0,1176.0
2017-09-15,13,ets,85819.52520078683,85577.0,242.52520078682574
2017-09-15,26,naive,86252.0,83921.0,2331.0
2017-09-15,26,drift52,86837.0,83921.0,2916.0
2017-09-15,26,seasonal_naive,85501.0,83921.0,1580.0
2017-09-15,26,seasonal_delta,86671.0,83921.0,2750.0
2017-09-15,26,ets,86178.20439376902,83921.0,2257.2043937690178
2017-09-15,52,naive,86252.0,83137.0,3115.0
2017-09-15,52,drift52,87422.0,83137.0,4285.0
2017-09-15,52,seasonal_naive,86252.0,83137.0,3115.0
2017-09-15,52,seasonal_delta,87422.0,83137.0,4285.0
2017-09-15,52,ets,86159.18973493252,83137.0,3022.1897349325154
2017-09-22,13,naive,86220.0,85267.0,953.0
2017-09-22,13,drift52,86444.75,85267.0,1177.75
2017-09-22,13,seasonal_naive,85220.0,85267.0,-47.0
2017-09-22,13,seasonal_delta,86119.0,85267.0,852.0
2017-09-22,13,ets,85236.38189105733,85267.0,-30.618108942668187
2017-09-22,26,naive,86220.0,83875.0,2345.0
2017-09-22,26,drift52,86669.5,83875.0,2794.5
2017-09-22,26,seasonal_naive,85528.0,83875.0,1653.0
2017-09-22,26,seasonal_delta,86427.0,83875.0,2552.0
2017-09-22,26,ets,86095.10919436066,83875.0,2220.109194360659
2017-09-22,52,naive,86220.0,83157.0,3063.0
2017-09-22,52,drift52,87119.0,83157.0,3962.0
2017-09-22,52,seasonal_naive,86220.0,83157.0,3063.0
2017-09-22,52,seasonal_delta,87119.0,83157.0,3962.0
2017-09-22,52,ets,86341.16293290797,83157.0,3184.1629329079733
2017-09-29,13,naive,86256.0,84746.0,1510.0
2017-09-29,13,drift52,86410.25,84746.0,1664.25
2017-09-29,13,seasonal_naive,84857.0,84746.0,111.0
2017-09-29,13,seasonal_delta,85474.0,84746.0,728.0
2017-09-29,13,ets,84870.05041457847,84746.0,124.05041457846528
2017-09-29,52,naive,86256.0,83014.0,3242.0
2017-09-29,52,drift52,86873.0,83014.0,3859.0
2017-09-29,52,seasonal_naive,86256.0,83014.0,3242.0
2017-09-29,52,seasonal_delta,86873.0,83014.0,3859.0
2017-09-29,52,ets,86477.60801635889,83014.0,3463.608016358892
2017-10-06,13,naive,86260.0,84550.0,1710.0
2017-10-06,13,drift52,86386.5,84550.0,1836.5
2017-10-06,13,seasonal_naive,84737.0,84550.0,187.0
2017-10-06,13,seasonal_delta,85243.0,84550.0,693.0
2017-10-06,13,ets,84628.83410888926,84550.0,78.834108889263
2017-10-06,26,naive,86260.0,83617.0,2643.0
2017-10-06,26,drift52,86513.0,83617.0,2896.0
2017-10-06,26,seasonal_naive,85517.0,83617.0,1900.0
2017-10-06,26,seasonal_delta,86023.0,83617.0,2406.0
2017-10-06,26,ets,85537.81820891969,83617.0,1920.8182089196926
2017-10-06,52,naive,86260.0,83186.0,3074.0
2017-10-06,52,drift52,86766.0,83186.0,3580.0
2017-10-06,52,seasonal_naive,86260.0,83186.0,3074.0
2017-10-06,52,seasonal_delta,86766.0,83186.0,3580.0
2017-10-06,52,ets,86095.32243450973,83186.0,2909.322434509726
2017-10-13,13,naive,86337.0,84646.0,1691.0
2017-10-13,13,drift52,86456.25,84646.0,1810.25
2017-10-13,13,seasonal_naive,84874.0,84646.0,228.0
2017-10-13,13,seasonal_delta,85351.0,84646.0,705.0
2017-10-13,13,ets,84885.55873376115,84646.0,239.5587337611505
2017-10-13,26,naive,86337.0,83568.0,2769.0
2017-10-13,26,drift52,86575.5,83568.0,3007.5
2017-10-13,26,seasonal_naive,85397.0,83568.0,1829.0
2017-10-13,26,seasonal_delta,85874.0,83568.0,2306.0
2017-10-13,26,ets,85414.5188612966,83568.0,1846.5188612966012
2017-10-13,52,naive,86337.0,83232.0,3105.0
2017-10-13,52,drift52,86814.0,83232.0,3582.0
2017-10-13,52,seasonal_naive,86337.0,83232.0,3105.0
2017-10-13,52,seasonal_delta,86814.0,83232.0,3582.0
2017-10-13,52,ets,86148.08571558233,83232.0,2916.0857155823323
2017-10-20,13,naive,86362.0,84574.0,1788.0
2017-10-20,13,drift52,86478.0,84574.0,1904.0
2017-10-20,13,seasonal_naive,85048.0,84574.0,474.0
2017-10-20,13,seasonal_delta,85512.0,84574.0,938.0
2017-10-20,13,ets,85064.714911691,84574.0,490.71491169100045
2017-10-20,26,naive,86362.0,83620.0,2742.0
2017-10-20,26,drift52,86594.0,83620.0,2974.0
2017-10-20,26,seasonal_naive,85277.0,83620.0,1657.0
2017-10-20,26,seasonal_delta,85741.0,83620.0,2121.0
2017-10-20,26,ets,85389.26670715165,83620.0,1769.266707151648
2017-10-20,52,naive,86362.0,83364.0,2998.0
2017-10-20,52,drift52,86826.0,83364.0,3462.0
2017-10-20,52,seasonal_naive,86362.0,83364.0,2998.0
2017-10-20,52,seasonal_delta,86826.0,83364.0,3462.0
2017-10-20,52,ets,86225.56227203169,83364.0,2861.5622720316896
2017-10-27,13,naive,86327.0,84537.0,1790.0
2017-10-27,13,drift52,86409.25,84537.0,1872.25
2017-10-27,13,seasonal_naive,85188.0,84537.0,651.0
2017-10-27,13,seasonal_delta,85517.0,84537.0,980.0
2017-10-27,13,ets,85325.23248427382,84537.0,788.2324842738162
2017-10-27,26,naive,86327.0,83673.0,2654.0
2017-10-27,26,drift52,86491.5,83673.0,2818.5
2017-10-27,26,seasonal_naive,85211.0,83673.0,1538.0
2017-10-27,26,seasonal_delta,85540.0,83673.0,1867.0
2017-10-27,26,ets,85397.55529397147,83673.0,1724.555293971469
2017-10-27,52,naive,86327.0,83309.0,3018.0
2017-10-27,52,drift52,86656.0,83309.0,3347.0
2017-10-27,52,seasonal_naive,86327.0,83309.0,3018.0
2017-10-27,52,seasonal_delta,86656.0,83309.0,3347.0
2017-10-27,52,ets,86237.3901147972,83309.0,2928.3901147972065
2017-11-03,13,naive,86185.0,84511.0,1674.0
2017-11-03,13,drift52,86236.0,84511.0,1725.0
2017-11-03,13,seasonal_naive,85245.0,84511.0,734.0
2017-11-03,13,seasonal_delta,85449.0,84511.0,938.0
2017-11-03,13,ets,85207.21282327923,84511.0,696.2128232792311
2017-11-03,26,naive,86185.0,83705.0,2480.0
2017-11-03,26,drift52,86287.0,83705.0,2582.0
2017-11-03,26,seasonal_naive,85129.0,83705.0,1424.0
2017-11-03,26,seasonal_delta,85333.0,83705.0,1628.0
2017-11-03,26,ets,84995.9974091234,83705.0,1290.9974091234035
2017-11-03,52,naive,86185.0,83169.0,3016.0
2017-11-03,52,drift52,86389.0,83169.0,3220.0
2017-11-03,52,seasonal_naive,86185.0,83169.0,3016.0
2017-11-03,52,seasonal_delta,86389.0,83169.0,3220.0
2017-11-03,52,ets,85940.45905205801,83169.0,2771.4590520580095
2017-11-10,13,naive,86163.0,84474.0,1689.0
2017-11-10,13,drift52,86210.0,84474.0,1736.0
2017-11-10,13,seasonal_naive,85523.0,84474.0,1049.0
2017-11-10,13,seasonal_delta,85711.0,84474.0,1237.0
2017-11-10,13,ets,85346.68859520009,84474.0,872.6885952000885
2017-11-10,26,naive,86163.0,83534.0,2629.0
2017-11-10,26,drift52,86257.0,83534.0,2723.0
2017-11-10,26,seasonal_naive,85193.0,83534.0,1659.0
2017-11-10,26,seasonal_delta,85381.0,83534.0,1847.0
2017-11-10,26,ets,85073.19851370237,83534.0,1539.198513702373
2017-11-10,52,naive,86163.0,83190.0,2973.0
2017-11-10,52,drift52,86351.0,83190.0,3161.0
2017-11-10,52,seasonal_naive,86163.0,83190.0,2973.0
2017-11-10,52,seasonal_delta,86351.0,83190.0,3161.0
2017-11-10,52,ets,85990.61704880619,83190.0,2800.6170488061907
2017-11-17,13,naive,86185.0,84255.0,1930.0
2017-11-17,13,drift52,86223.0,84255.0,1968.0
2017-11-17,13,seasonal_naive,85519.0,84255.0,1264.0
2017-11-17,13,seasonal_delta,85671.0,84255.0,1416.0
2017-11-17,13,ets,85399.58942513773,84255.0,1144.5894251377322
2017-11-17,26,naive,86185.0,83564.0,2621.0
2017-11-17,26,drift52,86261.0,83564.0,2697.0
2017-11-17,26,seasonal_naive,85316.0,83564.0,1752.0
2017-11-17,26,seasonal_delta,85468.0,83564.0,1904.0
2017-11-17,26,ets,85142.77817828415,83564.0,1578.7781782841485
2017-11-17,52,naive,86185.0,83163.0,3022.0
2017-11-17,52,drift52,86337.0,83163.0,3174.0
2017-11-17,52,seasonal_naive,86185.0,83163.0,3022.0
2017-11-17,52,seasonal_delta,86337.0,83163.0,3174.0
2017-11-17,52,ets,85978.03451626223,83163.0,2815.034516262225
2017-11-24,13,naive,86129.0,84235.0,1894.0
2017-11-24,13,drift52,86187.0,84235.0,1952.0
2017-11-24,13,seasonal_naive,85442.0,84235.0,1207.0
2017-11-24,13,seasonal_delta,85674.0,84235.0,1439.0
2017-11-24,13,ets,85443.6641687873,84235.0,1208.6641687873052
2017-11-24,26,naive,86129.0,83430.0,2699.0
2017-11-24,26,drift52,86245.0,83430.0,2815.0
2017-11-24,26,seasonal_naive,85356.0,83430.0,1926.0
2017-11-24,26,seasonal_delta,85588.0,83430.0,2158.0
2017-11-24,26,ets,85086.61644727796,83430.0,1656.6164472779637
2017-11-24,52,naive,86129.0,83159.0,2970.0
2017-11-24,52,drift52,86361.0,83159.0,3202.0
2017-11-24,52,seasonal_naive,86129.0,83159.0,2970.0
2017-11-24,52,seasonal_delta,86361.0,83159.0,3202.0
2017-11-24,52,ets,85895.46710262896,83159.0,2736.467102628958
2017-12-01,13,naive,86075.0,84178.0,1897.0
2017-12-01,13,drift52,86134.0,84178.0,1956.0
2017-12-01,13,seasonal_naive,85442.0,84178.0,1264.0
2017-12-01,13,seasonal_delta,85678.0,84178.0,1500.0
2017-12-01,13,ets,85854.72391675584,84178.0,1676.7239167558437
2017-12-01,26,naive,86075.0,83254.0,2821.0
2017-12-01,26,drift52,86193.0,83254.0,2939.0
2017-12-01,26,seasonal_naive,85293.0,83254.0,2039.0
2017-12-01,26,seasonal_delta,85529.0,83254.0,2275.0
2017-12-01,26,ets,85441.60296869616,83254.0,2187.6029686961556
2017-12-01,52,naive,86075.0,83146.0,2929.0
2017-12-01,52,drift52,86311.0,83146.0,3165.0
2017-12-01,52,seasonal_naive,86075.0,83146.0,2929.0
2017-12-01,52,seasonal_delta,86311.0,83146.0,3165.0
2017-12-01,52,ets,86173.69054445927,83146.0,3027.6905444592703
2017-12-08,13,naive,85948.0,83899.0,2049.0
2017-12-08,13,drift52,86004.5,83899.0,2105.5
2017-12-08,13,seasonal_naive,85476.0,83899.0,1577.0
2017-12-08,13,seasonal_delta,85702.0,83899.0,1803.0
2017-12-08,13,ets,85903.38680870333,83899.0,2004.3868087033334
2017-12-08,26,naive,85948.0,83154.0,2794.0
2017-12-08,26,drift52,86061.0,83154.0,2907.0
2017-12-08,26,seasonal_naive,85367.0,83154.0,2213.0
2017-12-08,26,seasonal_delta,85593.0,83154.0,2439.0
2017-12-08,26,ets,85460.78858252917,83154.0,2306.788582529174
2017-12-08,52,naive,85948.0,83068.0,2880.0
2017-12-08,52,drift52,86174.0,83068.0,3106.0
2017-12-08,52,seasonal_naive,85948.0,83068.0,2880.0
2017-12-08,52,seasonal_delta,86174.0,83068.0,3106.0
2017-12-08,52,ets,85902.19954868818,83068.0,2834.1995486881788
2017-12-15,13,naive,85577.0,83921.0,1656.0
2017-12-15,13,drift52,85575.5,83921.0,1654.5
2017-12-15,13,seasonal_naive,85501.0,83921.0,1580.0
2017-12-15,13,seasonal_delta,85495.0,83921.0,1574.0
2017-12-15,13,ets,85889.85266021355,83921.0,1968.8526602135535
2017-12-15,26,naive,85577.0,83064.0,2513.0
2017-12-15,26,drift52,85574.0,83064.0,2510.0
2017-12-15,26,seasonal_naive,85426.0,83064.0,2362.0
2017-12-15,26,seasonal_delta,85420.0,83064.0,2356.0
2017-12-15,26,ets,85424.60792127601,83064.0,2360.6079212760087
2017-12-15,52,naive,85577.0,82964.0,2613.0
2017-12-15,52,drift52,85571.0,82964.0,2607.0
2017-12-15,52,seasonal_naive,85577.0,82964.0,2613.0
2017-12-15,52,seasonal_delta,85571.0,82964.0,2607.0
2017-12-15,52,ets,85480.939443773,82964.0,2516.9394437729934
2017-12-22,13,naive,85267.0,83875.0,1392.0
2017-12-22,13,drift52,85278.75,83875.0,1403.75
2017-12-22,13,seasonal_naive,85528.0,83875.0,1653.0
2017-12-22,13,seasonal_delta,85575.0,83875.0,1700.0
2017-12-22,13,ets,85817.52164659716,83875.0,1942.5216465971607
2017-12-22,26,naive,85267.0,82989.0,2278.0
2017-12-22,26,drift52,85290.5,82989.0,2301.5
2017-12-22,26,seasonal_naive,85636.0,82989.0,2647.0
2017-12-22,26,seasonal_delta,85683.0,82989.0,2694.0
2017-12-22,26,ets,85509.63713858552,82989.0,2520.6371385855164
2017-12-22,52,naive,85267.0,82764.0,2503.0
2017-12-22,52,drift52,85314.0,82764.0,2550.0
2017-12-22,52,seasonal_naive,85267.0,82764.0,2503.0
2017-12-22,52,seasonal_delta,85314.0,82764.0,2550.0
2017-12-22,52,ets,84920.069232608,82764.0,2156.0692326080025
2017-12-29,26,naive,84746.0,82961.0,1785.0
2017-12-29,26,drift52,84690.5,82961.0,1729.5
2017-12-29,26,seasonal_naive,85863.0,82961.0,2902.0
2017-12-29,26,seasonal_delta,85752.0,82961.0,2791.0
2017-12-29,26,ets,85660.726008793,82961.0,2699.7260087930044
2017-12-29,52,naive,84746.0,82384.0,2362.0
2017-12-29,52,drift52,84635.0,82384.0,2251.0
2017-12-29,52,seasonal_naive,84746.0,82384.0,2362.0
2017-12-29,52,seasonal_delta,84635.0,82384.0,2251.0
2017-12-29,52,ets,84729.70046485594,82384.0,2345.7004648559378
2018-01-05,13,naive,84550.0,83617.0,933.0
2018-01-05,13,drift52,84503.25,83617.0,886.25
2018-01-05,13,seasonal_naive,85517.0,83617.0,1900.0
2018-01-05,13,seasonal_delta,85330.0,83617.0,1713.0
2018-01-05,13,ets,85738.0384374087,83617.0,2121.0384374087007
2018-01-05,26,naive,84550.0,82901.0,1649.0
2018-01-05,26,drift52,84456.5,82901.0,1555.5
2018-01-05,26,seasonal_naive,86072.0,82901.0,3171.0
2018-01-05,26,seasonal_delta,85885.0,82901.0,2984.0
2018-01-05,26,ets,85742.53623963862,82901.0,2841.536239638619
2018-01-05,52,naive,84550.0,82202.0,2348.0
2018-01-05,52,drift52,84363.0,82202.0,2161.0
2018-01-05,52,seasonal_naive,84550.0,82202.0,2348.0
2018-01-05,52,seasonal_delta,84363.0,82202.0,2161.0
2018-01-05,52,ets,84854.45391701993,82202.0,2652.4539170199278
2018-01-12,13,naive,84646.0,83568.0,1078.0
2018-01-12,13,drift52,84589.0,83568.0,1021.0
2018-01-12,13,seasonal_naive,85397.0,83568.0,1829.0
2018-01-12,13,seasonal_delta,85169.0,83568.0,1601.0
2018-01-12,13,ets,85627.94274734183,83568.0,2059.9427473418327
2018-01-12,26,naive,84646.0,82822.0,1824.0
2018-01-12,26,drift52,84532.0,82822.0,1710.0
2018-01-12,26,seasonal_naive,85994.0,82822.0,3172.0
2018-01-12,26,seasonal_delta,85766.0,82822.0,2944.0
2018-01-12,26,ets,85755.07930044192,82822.0,2933.0793004419247
2018-01-12,52,naive,84646.0,82321.0,2325.0
2018-01-12,52,drift52,84418.0,82321.0,2097.0
2018-01-12,52,seasonal_naive,84646.0,82321.0,2325.0
2018-01-12,52,seasonal_delta,84418.0,82321.0,2097.0
2018-01-12,52,ets,85111.71619205218,82321.0,2790.7161920521758
2018-01-19,13,naive,84574.0,83620.0,954.0
2018-01-19,13,drift52,84455.5,83620.0,835.5
2018-01-19,13,seasonal_naive,85277.0,83620.0,1657.0
2018-01-19,13,seasonal_delta,84803.0,83620.0,1183.0
2018-01-19,13,ets,85601.73206707,83620.0,1981.7320670699992
2018-01-19,26,naive,84574.0,82956.0,1618.0
2018-01-19,26,drift52,84337.0,82956.0,1381.0
2018-01-19,26,seasonal_naive,86168.0,82956.0,3212.0
2018-01-19,26,seasonal_delta,85694.0,82956.0,2738.0
2018-01-19,26,ets,85783.32821953009,82956.0,2827.3282195300853
2018-01-19,52,naive,84574.0,82460.0,2114.0
2018-01-19,52,drift52,84100.0,82460.0,1640.0
2018-01-19,52,seasonal_naive,84574.0,82460.0,2114.0
2018-01-19,52,seasonal_delta,84100.0,82460.0,1640.0
2018-01-19,52,ets,85280.72599007458,82460.0,2820.725990074585
2018-01-26,13,naive,84537.0,83673.0,864.0
2018-01-26,13,drift52,84374.25,83673.0,701.25
2018-01-26,13,seasonal_naive,85211.0,83673.0,1538.0
2018-01-26,13,seasonal_delta,84560.0,83673.0,887.0
2018-01-26,13,ets,84087.13303091082,83673.0,414.13303091081616
2018-01-26,26,naive,84537.0,82967.0,1570.0
2018-01-26,26,drift52,84211.5,82967.0,1244.5
2018-01-26,26,seasonal_naive,86230.0,82967.0,3263.0
2018-01-26,26,seasonal_delta,85579.0,82967.0,2612.0
2018-01-26,26,ets,84245.8326947111,82967.0,1278.8326947111054
2018-01-26,52,naive,84537.0,82472.0,2065.0
2018-01-26,52,drift52,83886.0,82472.0,1414.0
2018-01-26,52,seasonal_naive,84537.0,82472.0,2065.0
2018-01-26,52,seasonal_delta,83886.0,82472.0,1414.0
2018-01-26,52,ets,83926.38916898034,82472.0,1454.3891689803422
2018-02-02,13,naive,84511.0,83705.0,806.0
2018-02-02,13,drift52,84327.5,83705.0,622.5
2018-02-02,13,seasonal_naive,85129.0,83705.0,1424.0
2018-02-02,13,seasonal_delta,84395.0,83705.0,690.0
2018-02-02,13,ets,83990.58898096433,83705.0,285.58898096432677
2018-02-02,26,naive,84511.0,83017.0,1494.0
2018-02-02,26,drift52,84144.0,83017.0,1127.0
2018-02-02,26,seasonal_naive,86353.0,83017.0,3336.0
2018-02-02,26,seasonal_delta,85619.0,83017.0,2602.0
2018-02-02,26,ets,84373.85482135638,83017.0,1356.8548213563772
2018-02-02,52,naive,84511.0,82507.0,2004.0
2018-02-02,52,drift52,83777.0,82507.0,1270.0
2018-02-02,52,seasonal_naive,84511.0,82507.0,2004.0
2018-02-02,52,seasonal_delta,83777.0,82507.0,1270.0
2018-02-02,52,ets,84093.90351795038,82507.0,1586.9035179503844
2018-02-09,13,naive,84474.0,83534.0,940.0
2018-02-09,13,drift52,84211.75,83534.0,677.75
2018-02-09,13,seasonal_naive,85193.0,83534.0,1659.0
2018-02-09,13,seasonal_delta,84144.0,83534.0,610.0
2018-02-09,13,ets,84056.45185467947,83534.0,522.4518546794716
2018-02-09,26,naive,84474.0,83110.0,1364.0
2018-02-09,26,drift52,83949.5,83110.0,839.5
2018-02-09,26,seasonal_naive,86368.0,83110.0,3258.0
2018-02-09,26,seasonal_delta,85319.0,83110.0,2209.0
2018-02-09,26,ets,84487.32246373662,83110.0,1377.322463736622
2018-02-09,52,naive,84474.0,82549.0,1925.0
2018-02-09,52,drift52,83425.0,82549.0,876.0
2018-02-09,52,seasonal_naive,84474.0,82549.0,1925.0
2018-02-09,52,seasonal_delta,83425.0,82549.0,876.0
2018-02-09,52,ets,84239.02340435113,82549.0,1690.02340435113
2018-02-16,13,naive,84255.0,83564.0,691.0
2018-02-16,13,drift52,83939.0,83564.0,375.0
2018-02-16,13,seasonal_naive,85316.0,83564.0,1752.0
2018-02-16,13,seasonal_delta,84052.0,83564.0,488.0
2018-02-16,13,ets,84110.02845311206,83564.0,546.028453112056
2018-02-16,26,naive,84255.0,83165.0,1090.0
2018-02-16,26,drift52,83623.0,83165.0,458.0
2018-02-16,26,seasonal_naive,86388.0,83165.0,3223.0
2018-02-16,26,seasonal_delta,85124.0,83165.0,1959.0
2018-02-16,26,ets,84443.43424357225,83165.0,1278.4342435722501
2018-02-16,52,naive,84255.0,82567.0,1688.0
2018-02-16,52,drift52,82991.0,82567.0,424.0
2018-02-16,52,seasonal_naive,84255.0,82567.0,1688.0
2018-02-16,52,seasonal_delta,82991.0,82567.0,424.0
2018-02-16,52,ets,84312.37677554728,82567.0,1745.37677554728
2018-02-23,13,naive,84235.0,83430.0,805.0
2018-02-23,13,drift52,83933.25,83430.0,503.25
2018-02-23,13,seasonal_naive,85356.0,83430.0,1926.0
2018-02-23,13,seasonal_delta,84149.0,83430.0,719.0
2018-02-23,13,ets,83456.63607998005,83430.0,26.636079980045906
2018-02-23,26,naive,84235.0,83064.0,1171.0
2018-02-23,26,drift52,83631.5,83064.0,567.5
2018-02-23,26,seasonal_naive,86413.0,83064.0,3349.0
2018-02-23,26,seasonal_delta,85206.0,83064.0,2142.0
2018-02-23,26,ets,83756.96198713675,83064.0,692.9619871367468
2018-02-23,52,naive,84235.0,82525.0,1710.0
2018-02-23,52,drift52,83028.0,82525.0,503.0
2018-02-23,52,seasonal_naive,84235.0,82525.0,1710.0
2018-02-23,52,seasonal_delta,83028.0,82525.0,503.0
2018-02-23,52,ets,83767.7127777533,82525.0,1242.7127777533024
2018-03-02,13,naive,84178.0,83254.0,924.0
2018-03-02,13,drift52,83862.0,83254.0,608.0
2018-03-02,13,seasonal_naive,85293.0,83254.0,2039.0
2018-03-02,13,seasonal_delta,84029.0,83254.0,775.0
2018-03-02,13,ets,83393.92300423856,83254.0,139.92300423856068
2018-03-02,26,naive,84178.0,83052.0,1126.0
2018-03-02,26,drift52,83546.0,83052.0,494.0
2018-03-02,26,seasonal_naive,86294.0,83052.0,3242.0
2018-03-02,26,seasonal_delta,85030.0,83052.0,1978.0
2018-03-02,26,ets,83702.83104344356,83052.0,650.8310434435552
2018-03-02,52,naive,84178.0,82543.0,1635.0
2018-03-02,52,drift52,82914.0,82543.0,371.0
2018-03-02,52,seasonal_naive,84178.0,82543.0,1635.0
2018-03-02,52,seasonal_delta,82914.0,82543.0,371.0
2018-03-02,52,ets,83767.15047233061,82543.0,1224.1504723306134
2018-03-09,13,naive,83899.0,83154.0,745.0
2018-03-09,13,drift52,83504.75,83154.0,350.75
2018-03-09,13,seasonal_naive,85367.0,83154.0,2213.0
2018-03-09,13,seasonal_delta,83790.0,83154.0,636.0
2018-03-09,13,ets,83404.54693315766,83154.0,250.54693315766053
2018-03-09,26,naive,83899.0,83123.0,776.0
2018-03-09,26,drift52,83110.5,83123.0,-12.5
2018-03-09,26,seasonal_naive,86235.0,83123.0,3112.0
2018-03-09,26,seasonal_delta,84658.0,83123.0,1535.0
2018-03-09,26,ets,83760.20580467765,83123.0,637.205804677651
2018-03-09,52,naive,83899.0,82477.0,1422.0
2018-03-09,52,drift52,82322.0,82477.0,-155.0
2018-03-09,52,seasonal_naive,83899.0,82477.0,1422.0
2018-03-09,52,seasonal_delta,82322.0,82477.0,-155.0
2018-03-09,52,ets,83821.44043161019,82477.0,1344.4404316101864
2018-03-16,13,naive,83921.0,83064.0,857.0
2018-03-16,13,drift52,83526.0,83064.0,462.0
2018-03-16,13,seasonal_naive,85426.0,83064.0,2362.0
2018-03-16,13,seasonal_delta,83846.0,83064.0,782.0
2018-03-16,13,ets,83363.60811334393,83064.0,299.6081133439293
2018-03-16,26,naive,83921.0,83137.0,784.0
2018-03-16,26,drift52,83131.0,83137.0,-6.0
2018-03-16,26,seasonal_naive,86252.0,83137.0,3115.0
2018-03-16,26,seasonal_delta,84672.0,83137.0,1535.0
2018-03-16,26,ets,83835.94938054246,83137.0,698.9493805424572
2018-03-16,52,naive,83921.0,82486.0,1435.0
2018-03-16,52,drift52,82341.0,82486.0,-145.0
2018-03-16,52,seasonal_naive,83921.0,82486.0,1435.0
2018-03-16,52,seasonal_delta,82341.0,82486.0,-145.0
2018-03-16,52,ets,83803.85505324209,82486.0,1317.8550532420923
2018-03-23,13,naive,83875.0,82989.0,886.0
2018-03-23,13,drift52,83461.75,82989.0,472.75
2018-03-23,13,seasonal_naive,85636.0,82989.0,2647.0
2018-03-23,13,seasonal_delta,83983.0,82989.0,994.0
2018-03-23,13,ets,83459.37128355683,82989.0,470.37128355682944
2018-03-23,26,naive,83875.0,83157.0,718.0
2018-03-23,26,drift52,83048.5,83157.0,-108.5
2018-03-23,26,seasonal_naive,86220.0,83157.0,3063.0
2018-03-23,26,seasonal_delta,84567.0,83157.0,1410.0
2018-03-23,26,ets,84002.60933029134,83157.0,845.6093302913359
2018-03-23,52,naive,83875.0,82521.0,1354.0
2018-03-23,52,drift52,82222.0,82521.0,-299.0
2018-03-23,52,seasonal_naive,83875.0,82521.0,1354.0
2018-03-23,52,seasonal_delta,82222.0,82521.0,-299.0
2018-03-23,52,ets,83750.2969245176,82521.0,1229.2969245176064
2018-04-06,13,naive,83617.0,82901.0,716.0
2018-04-06,13,drift52,83142.0,82901.0,241.0
2018-04-06,13,seasonal_naive,86072.0,82901.0,3171.0
2018-04-06,13,seasonal_delta,84172.0,82901.0,1271.0
2018-04-06,13,ets,83569.87793028516,82901.0,668.8779302851617
2018-04-06,26,naive,83617.0,83186.0,431.0
2018-04-06,26,drift52,82667.0,83186.0,-519.0
2018-04-06,26,seasonal_naive,86260.0,83186.0,3074.0
2018-04-06,26,seasonal_delta,84360.0,83186.0,1174.0
2018-04-06,26,ets,84154.05720815739,83186.0,968.0572081573919
2018-04-06,52,naive,83617.0,82706.0,911.0
2018-04-06,52,drift52,81717.0,82706.0,-989.0
2018-04-06,52,seasonal_naive,83617.0,82706.0,911.0
2018-04-06,52,seasonal_delta,81717.0,82706.0,-989.0
2018-04-06,52,ets,83575.84073244035,82706.0,869.8407324403524
2018-04-13,13,naive,83568.0,82822.0,746.0
2018-04-13,13,drift52,83110.75,82822.0,288.75
2018-04-13,13,seasonal_naive,85994.0,82822.0,3172.0
2018-04-13,13,seasonal_delta,84165.0,82822.0,1343.0
2018-04-13,13,ets,83589.05296654382,82822.0,767.0529665438225
2018-04-13,26,naive,83568.0,83232.0,336.0
2018-04-13,26,drift52,82653.5,83232.0,-578.5
2018-04-13,26,seasonal_naive,86337.0,83232.0,3105.0
2018-04-13,26,seasonal_delta,84508.0,83232.0,1276.0
2018-04-13,26,ets,84207.339193669,83232.0,975.3391936690023
2018-04-13,52,naive,83568.0,82769.0,799.0
2018-04-13,52,drift52,81739.0,82769.0,-1030.0
2018-04-13,52,seasonal_naive,83568.0,82769.0,799.0
2018-04-13,52,seasonal_delta,81739.0,82769.0,-1030.0
2018-04-13,52,ets,83460.67024055483,82769.0,691.6702405548276
2018-04-20,13,naive,83620.0,82956.0,664.0
2018-04-20,13,drift52,83205.75,82956.0,249.75
2018-04-20,13,seasonal_naive,86168.0,82956.0,3212.0
2018-04-20,13,seasonal_delta,84511.0,82956.0,1555.0
2018-04-20,13,ets,83887.09338787878,82956.0,931.0933878787764
2018-04-20,26,naive,83620.0,83364.0,256.0
2018-04-20,26,drift52,82791.5,83364.0,-572.5
2018-04-20,26,seasonal_naive,86362.0,83364.0,2998.0
2018-04-20,26,seasonal_delta,84705.0,83364.0,1341.0
2018-04-20,26,ets,84551.66506341839,83364.0,1187.6650634183898
2018-04-27,13,naive,83673.0,82967.0,706.0
2018-04-27,13,drift52,83288.5,82967.0,321.5
2018-04-27,13,seasonal_naive,86230.0,82967.0,3263.0
2018-04-27,13,seasonal_delta,84692.0,82967.0,1725.0
2018-04-27,13,ets,83895.65978224737,82967.0,928.6597822473705
2018-04-27,26,naive,83673.0,83309.0,364.0
2018-04-27,26,drift52,82904.0,83309.0,-405.0
2018-04-27,26,seasonal_naive,86327.0,83309.0,3018.0
2018-04-27,26,seasonal_delta,84789.0,83309.0,1480.0
2018-04-27,26,ets,84557.7284173867,83309.0,1248.7284173866938
2018-04-27,52,naive,83673.0,82538.0,1135.0
2018-04-27,52,drift52,82135.0,82538.0,-403.0
2018-04-27,52,seasonal_naive,83673.0,82538.0,1135.0
2018-04-27,52,seasonal_delta,82135.0,82538.0,-403.0
2018-04-27,52,ets,83724.2487820171,82538.0,1186.2487820170936
2018-05-04,13,naive,83705.0,83017.0,688.0
2018-05-04,13,drift52,83349.0,83017.0,332.0
2018-05-04,13,seasonal_naive,86353.0,83017.0,3336.0
2018-05-04,13,seasonal_delta,84929.0,83017.0,1912.0
2018-05-04,13,ets,84022.84227742006,83017.0,1005.842277420059
2018-05-04,26,naive,83705.0,83169.0,536.0
2018-05-04,26,drift52,82993.0,83169.0,-176.0
2018-05-04,26,seasonal_naive,86185.0,83169.0,3016.0
2018-05-04,26,seasonal_delta,84761.0,83169.0,1592.0
2018-05-04,26,ets,84565.08961655344,83169.0,1396.089616553436
2018-05-04,52,naive,83705.0,82649.0,1056.0
2018-05-04,52,drift52,82281.0,82649.0,-368.0
2018-05-04,52,seasonal_naive,83705.0,82649.0,1056.0
2018-05-04,52,seasonal_delta,82281.0,82649.0,-368.0
2018-05-04,52,ets,83642.54726847722,82649.0,993.5472684772249
2018-05-11,13,naive,83534.0,83110.0,424.0
2018-05-11,13,drift52,83119.25,83110.0,9.25
2018-05-11,13,seasonal_naive,86368.0,83110.0,3258.0
2018-05-11,13,seasonal_delta,84709.0,83110.0,1599.0
2018-05-11,13,ets,84141.40957276196,83110.0,1031.409572761957
2018-05-11,26,naive,83534.0,83190.0,344.0
2018-05-11,26,drift52,82704.5,83190.0,-485.5
2018-05-11,26,seasonal_naive,86163.0,83190.0,2973.0
2018-05-11,26,seasonal_delta,84504.0,83190.0,1314.0
2018-05-11,26,ets,84608.53571041646,83190.0,1418.5357104164577
2018-05-11,52,naive,83534.0,82599.0,935.0
2018-05-11,52,drift52,81875.0,82599.0,-724.0
2018-05-11,52,seasonal_naive,83534.0,82599.0,935.0
2018-05-11,52,seasonal_delta,81875.0,82599.0,-724.0
2018-05-11,52,ets,83707.59959888687,82599.0,1108.5995988868672
2018-05-18,13,naive,83564.0,83165.0,399.0
2018-05-18,13,drift52,83126.0,83165.0,-39.0
2018-05-18,13,seasonal_naive,86388.0,83165.0,3223.0
2018-05-18,13,seasonal_delta,84636.0,83165.0,1471.0
2018-05-18,13,ets,83763.5675953457,83165.0,598.5675953456957
2018-05-18,26,naive,83564.0,83163.0,401.0
2018-05-18,26,drift52,82688.0,83163.0,-475.0
2018-05-18,26,seasonal_naive,86185.0,83163.0,3022.0
2018-05-18,26,seasonal_delta,84433.0,83163.0,1270.0
2018-05-18,26,ets,84252.767418427,83163.0,1089.767418427
2018-05-18,52,naive,83564.0,82560.0,1004.0
2018-05-18,52,drift52,81812.0,82560.0,-748.0
2018-05-18,52,seasonal_naive,83564.0,82560.0,1004.0
2018-05-18,52,seasonal_delta,81812.0,82560.0,-748.0
2018-05-18,52,ets,83426.24379266854,82560.0,866.2437926685379
2018-05-25,13,naive,83430.0,83064.0,366.0
2018-05-25,13,drift52,82948.5,83064.0,-115.5
2018-05-25,13,seasonal_naive,86413.0,83064.0,3349.0
2018-05-25,13,seasonal_delta,84487.0,83064.0,1423.0
2018-05-25,13,ets,83706.1835147282,83064.0,642.1835147281963
2018-05-25,26,naive,83430.0,83159.0,271.0
2018-05-25,26,drift52,82467.0,83159.0,-692.0
2018-05-25,26,seasonal_naive,86129.0,83159.0,2970.0
2018-05-25,26,seasonal_delta,84203.0,83159.0,1044.0
2018-05-25,26,ets,84140.89968584689,83159.0,981.899685846889
2018-05-25,52,naive,83430.0,82707.0,723.0
2018-05-25,52,drift52,81504.0,82707.0,-1203.0
2018-05-25,52,seasonal_naive,83430.0,82707.0,723.0
2018-05-25,52,seasonal_delta,81504.0,82707.0,-1203.0
2018-05-25,52,ets,83374.51329979423,82707.0,667.5132997942274
2018-06-01,13,naive,83254.0,83052.0,202.0
2018-06-01,13,drift52,82744.25,83052.0,-307.75
2018-06-01,13,seasonal_naive,86294.0,83052.0,3242.0
2018-06-01,13,seasonal_delta,84255.0,83052.0,1203.0
2018-06-01,13,ets,83652.10968524098,83052.0,600.1096852409828
2018-06-01,26,naive,83254.0,83146.0,108.0
2018-06-01,26,drift52,82234.5,83146.0,-911.5
2018-06-01,26,seasonal_naive,86075.0,83146.0,2929.0
2018-06-01,26,seasonal_delta,84036.0,83146.0,890.0
2018-06-01,26,ets,83995.11637697024,83146.0,849.1163769702398
2018-06-01,52,naive,83254.0,82617.0,637.0
2018-06-01,52,drift52,81215.0,82617.0,-1402.0
2018-06-01,52,seasonal_naive,83254.0,82617.0,637.0
2018-06-01,52,seasonal_delta,81215.0,82617.0,-1402.0
2018-06-01,52,ets,83307.6883258602,82617.0,690.6883258602029
2018-06-08,13,naive,83154.0,83123.0,31.0
2018-06-08,13,drift52,82600.75,83123.0,-522.25
2018-06-08,13,seasonal_naive,86235.0,83123.0,3112.0
2018-06-08,13,seasonal_delta,84022.0,83123.0,899.0
2018-06-08,13,ets,83707.58043769424,83123.0,584.5804376942397
2018-06-08,26,naive,83154.0,83068.0,86.0
2018-06-08,26,drift52,82047.5,83068.0,-1020.5
2018-06-08,26,seasonal_naive,85948.0,83068.0,2880.0
2018-06-08,26,seasonal_delta,83735.0,83068.0,667.0
2018-06-08,26,ets,83760.90714185081,83068.0,692.9071418508101
2018-06-08,52,naive,83154.0,82608.0,546.0
2018-06-08,52,drift52,80941.0,82608.0,-1667.0
2018-06-08,52,seasonal_naive,83154.0,82608.0,546.0
2018-06-08,52,seasonal_delta,80941.0,82608.0,-1667.0
2018-06-08,52,ets,83319.10827520753,82608.0,711.1082752075308
2018-06-15,13,naive,83064.0,83137.0,-73.0
2018-06-15,13,drift52,82473.5,83137.0,-663.5
2018-06-15,13,seasonal_naive,86252.0,83137.0,3115.0
2018-06-15,13,seasonal_delta,83890.0,83137.0,753.0
2018-06-15,13,ets,83383.32995906382,83137.0,246.32995906381984
2018-06-15,26,naive,83064.0,82964.0,100.0
2018-06-15,26,drift52,81883.0,82964.0,-1081.0
2018-06-15,26,seasonal_naive,85577.0,82964.0,2613.0
2018-06-15,26,seasonal_delta,83215.0,82964.0,251.0
2018-06-15,26,ets,82992.64275048744,82964.0,28.642750487444573
2018-06-15,52,naive,83064.0,82700.0,364.0
2018-06-15,52,drift52,80702.0,82700.0,-1998.0
2018-06-15,52,seasonal_naive,83064.0,82700.0,364.0
2018-06-15,52,seasonal_delta,80702.0,82700.0,-1998.0
2018-06-15,52,ets,82868.86649737101,82700.0,168.86649737101106
2018-06-22,13,naive,82989.0,83157.0,-168.0
2018-06-22,13,drift52,82327.25,83157.0,-829.75
2018-06-22,13,seasonal_naive,86220.0,83157.0,3063.0
2018-06-22,13,seasonal_delta,83573.0,83157.0,416.0
2018-06-22,13,ets,83542.1497235038,83157.0,385.14972350379685
2018-06-22,26,naive,82989.0,82764.0,225.0
2018-06-22,26,drift52,81665.5,82764.0,-1098.5
2018-06-22,26,seasonal_naive,85267.0,82764.0,2503.0
2018-06-22,26,seasonal_delta,82620.0,82764.0,-144.0
2018-06-22,26,ets,82445.5205952163,82764.0,-318.47940478370583
2018-06-22,52,naive,82989.0,82683.0,306.0
2018-06-22,52,drift52,80342.0,82683.0,-2341.0
2018-06-22,52,seasonal_naive,82989.0,82683.0,306.0
2018-06-22,52,seasonal_delta,80342.0,82683.0,-2341.0
2018-06-22,52,ets,82961.87894827977,82683.0,278.8789482797729
2018-06-29,13,naive,82961.0,83014.0,-53.0
2018-06-29,13,drift52,82235.5,83014.0,-778.5
2018-06-29,13,seasonal_naive,86256.0,83014.0,3242.0
2018-06-29,13,seasonal_delta,83354.0,83014.0,340.0
2018-06-29,13,ets,83664.93408471672,83014.0,650.9340847167186
2018-06-29,26,naive,82961.0,82384.0,577.0
2018-06-29,26,drift52,81510.0,82384.0,-874.0
2018-06-29,26,seasonal_naive,84746.0,82384.0,2362.0
2018-06-29,26,seasonal_delta,81844.0,82384.0,-540.0
2018-06-29,26,ets,82081.5790689114,82384.0,-302.4209310886072
2018-06-29,52,naive,82961.0,82676.0,285.0
2018-06-29,52,drift52,80059.0,82676.0,-2617.0
2018-06-29,52,seasonal_naive,82961.0,82676.0,285.0
2018-06-29,52,seasonal_delta,80059.0,82676.0,-2617.0
2018-06-29,52,ets,83012.43892140273,82676.0,336.4389214027324
2018-07-06,13,naive,82901.0,83186.0,-285.0
2018-07-06,13,drift52,82108.25,83186.0,-1077.75
2018-07-06,13,seasonal_naive,86260.0,83186.0,3074.0
2018-07-06,13,seasonal_delta,83089.0,83186.0,-97.0
2018-07-06,13,ets,83695.03373995455,83186.0,509.0337399545533
2018-07-06,26,naive,82901.0,82202.0,699.0
2018-07-06,26,drift52,81315.5,82202.0,-886.5
2018-07-06,26,seasonal_naive,84550.0,82202.0,2348.0
2018-07-06,26,seasonal_delta,81379.0,82202.0,-823.0
2018-07-06,26,ets,82192.99432134214,82202.0,-9.005678657864337
2018-07-06,52,naive,82901.0,82819.0,82.0
2018-07-06,52,drift52,79730.0,82819.0,-3089.0
2018-07-06,52,seasonal_naive,82901.0,82819.0,82.0
2018-07-06,52,seasonal_delta,79730.0,82819.0,-3089.0
2018-07-06,52,ets,83107.26043610183,82819.0,288.26043610183115
2018-07-13,13,naive,82822.0,83232.0,-410.0
2018-07-13,13,drift52,82029.0,83232.0,-1203.0
2018-07-13,13,seasonal_naive,86337.0,83232.0,3105.0
2018-07-13,13,seasonal_delta,83165.0,83232.0,-67.0
2018-07-13,13,ets,83160.48687038106,83232.0,-71.51312961893564
2018-07-13,26,naive,82822.0,82321.0,501.0
2018-07-13,26,drift52,81236.0,82321.0,-1085.0
2018-07-13,26,seasonal_naive,84646.0,82321.0,2325.0
2018-07-13,26,seasonal_delta,81474.0,82321.0,-847.0
2018-07-13,26,ets,81859.86223492787,82321.0,-461.13776507212606
2018-07-13,52,naive,82822.0,82962.0,-140.0
2018-07-13,52,drift52,79650.0,82962.0,-3312.0
2018-07-13,52,seasonal_naive,82822.0,82962.0,-140.0
2018-07-13,52,seasonal_delta,79650.0,82962.0,-3312.0
2018-07-13,52,ets,82509.73531478092,82962.0,-452.264685219081
2018-07-20,13,naive,82956.0,83364.0,-408.0
2018-07-20,13,drift52,82153.0,83364.0,-1211.0
2018-07-20,13,seasonal_naive,86362.0,83364.0,2998.0
2018-07-20,13,seasonal_delta,83150.0,83364.0,-214.0
2018-07-20,13,ets,83230.24004227585,83364.0,-133.759957724149
2018-07-20,26,naive,82956.0,82460.0,496.0
2018-07-20,26,drift52,81350.0,82460.0,-1110.0
2018-07-20,26,seasonal_naive,84574.0,82460.0,2114.0
2018-07-20,26,seasonal_delta,81362.0,82460.0,-1098.0
2018-07-20,26,ets,82036.30389458085,82460.0,-423.6961054191488
2018-07-20,52,naive,82956.0,82894.0,62.0
2018-07-20,52,drift52,79744.0,82894.0,-3150.0
2018-07-20,52,seasonal_naive,82956.0,82894.0,62.0
2018-07-20,52,seasonal_delta,79744.0,82894.0,-3150.0
2018-07-20,52,ets,82536.54906998342,82894.0,-357.45093001658097
2018-07-27,13,naive,82967.0,83309.0,-342.0
2018-07-27,13,drift52,82151.25,83309.0,-1157.75
2018-07-27,13,seasonal_naive,86327.0,83309.0,3018.0
2018-07-27,13,seasonal_delta,83064.0,83309.0,-245.0
2018-07-27,13,ets,83234.11457986533,83309.0,-74.8854201346694
2018-07-27,26,naive,82967.0,82472.0,495.0
2018-07-27,26,drift52,81335.5,82472.0,-1136.5
2018-07-27,26,seasonal_naive,84537.0,82472.0,2065.0
2018-07-27,26,seasonal_delta,81274.0,82472.0,-1198.0
2018-07-27,26,ets,82289.95965998115,82472.0,-182.04034001885157
2018-07-27,52,naive,82967.0,83042.0,-75.0
2018-07-27,52,drift52,79704.0,83042.0,-3338.0
2018-07-27,52,seasonal_naive,82967.0,83042.0,-75.0
2018-07-27,52,seasonal_delta,79704.0,83042.0,-3338.0
2018-07-27,52,ets,82549.97338771987,83042.0,-492.02661228012585
2018-08-03,13,naive,83017.0,83169.0,-152.0
2018-08-03,13,drift52,82183.0,83169.0,-986.0
2018-08-03,13,seasonal_naive,86185.0,83169.0,3016.0
2018-08-03,13,seasonal_delta,82849.0,83169.0,-320.0
2018-08-03,13,ets,83237.9198059018,83169.0,68.91980590179446
2018-08-03,26,naive,83017.0,82507.0,510.0
2018-08-03,26,drift52,81349.0,82507.0,-1158.0
2018-08-03,26,seasonal_naive,84511.0,82507.0,2004.0
2018-08-03,26,seasonal_delta,81175.0,82507.0,-1332.0
2018-08-03,26,ets,82495.57436161906,82507.0,-11.425638380940654
2018-08-03,52,naive,83017.0,83007.0,10.0
2018-08-03,52,drift52,79681.0,83007.0,-3326.0
2018-08-03,52,seasonal_naive,83017.0,83007.0,10.0
2018-08-03,52,seasonal_delta,79681.0,83007.0,-3326.0
2018-08-03,52,ets,82655.77384138986,83007.0,-351.22615861013765
2018-08-10,13,naive,83110.0,83190.0,-80.0
2018-08-10,13,drift52,82295.5,83190.0,-894.5
2018-08-10,13,seasonal_naive,86163.0,83190.0,2973.0
2018-08-10,13,seasonal_delta,82905.0,83190.0,-285.0
2018-08-10,13,ets,83483.843945194,83190.0,293.84394519400666
2018-08-10,26,naive,83110.0,82549.0,561.0
2018-08-10,26,drift52,81481.0,82549.0,-1068.0
2018-08-10,26,seasonal_naive,84474.0,82549.0,1925.0
2018-08-10,26,seasonal_delta,81216.0,82549.0,-1333.0
2018-08-10,26,ets,82787.42079842511,82549.0,238.42079842511157
2018-08-10,52,naive,83110.0,83119.0,-9.0
2018-08-10,52,drift52,79852.0,83119.0,-3267.0
2018-08-10,52,seasonal_naive,83110.0,83119.0,-9.0
2018-08-10,52,seasonal_delta,79852.0,83119.0,-3267.0
2018-08-10,52,ets,83014.59597556293,83119.0,-104.40402443706989
2018-08-17,13,naive,83165.0,83163.0,2.0
2018-08-17,13,drift52,82359.25,83163.0,-803.75
2018-08-17,13,seasonal_naive,86185.0,83163.0,3022.0
2018-08-17,13,seasonal_delta,82962.0,83163.0,-201.0
2018-08-17,13,ets,83459.73377886468,83163.0,296.7337788646837
2018-08-17,26,naive,83165.0,82567.0,598.0
2018-08-17,26,drift52,81553.5,82567.0,-1013.5
2018-08-17,26,seasonal_naive,84255.0,82567.0,1688.0
2018-08-17,26,seasonal_delta,81032.0,82567.0,-1535.0
2018-08-17,26,ets,82836.51884043327,82567.0,269.518840433273
2018-08-17,52,naive,83165.0,83136.0,29.0
2018-08-17,52,drift52,79942.0,83136.0,-3194.0
2018-08-17,52,seasonal_naive,83165.0,83136.0,29.0
2018-08-17,52,seasonal_delta,79942.0,83136.0,-3194.0
2018-08-17,52,ets,82977.89613975176,83136.0,-158.10386024824402
2018-08-24,13,naive,83064.0,83159.0,-95.0
2018-08-24,13,drift52,82226.75,83159.0,-932.25
2018-08-24,13,seasonal_naive,86129.0,83159.0,2970.0
2018-08-24,13,seasonal_delta,82780.0,83159.0,-379.0
2018-08-24,13,ets,83346.71278043711,83159.0,187.7127804371121
2018-08-24,26,naive,83064.0,82525.0,539.0
2018-08-24,26,drift52,81389.5,82525.0,-1135.5
2018-08-24,26,seasonal_naive,84235.0,82525.0,1710.0
2018-08-24,26,seasonal_delta,80886.0,82525.0,-1639.0
2018-08-24,26,ets,82923.06013136677,82525.0,398.0601313667721
2018-08-24,52,naive,83064.0,83116.0,-52.0
2018-08-24,52,drift52,79715.0,83116.0,-3401.0
2018-08-24,52,seasonal_naive,83064.0,83116.0,-52.0
2018-08-24,52,seasonal_delta,79715.0,83116.0,-3401.0
2018-08-24,52,ets,82901.10569546571,83116.0,-214.8943045342894
2018-08-31,13,naive,83052.0,83146.0,-94.0
2018-08-31,13,drift52,82241.5,83146.0,-904.5
2018-08-31,13,seasonal_naive,86075.0,83146.0,2929.0
2018-08-31,13,seasonal_delta,82833.0,83146.0,-313.0
2018-08-31,13,ets,83196.9607185924,83146.0,50.960718592396006
2018-08-31,26,naive,83052.0,82543.0,509.0
2018-08-31,26,drift52,81431.0,82543.0,-1112.0
2018-08-31,26,seasonal_naive,84178.0,82543.0,1635.0
2018-08-31,26,seasonal_delta,80936.0,82543.0,-1607.0
2018-08-31,26,ets,82951.28328223086,82543.0,408.28328223085555
2018-08-31,52,naive,83052.0,83175.0,-123.0
2018-08-31,52,drift52,79810.0,83175.0,-3365.0
2018-08-31,52,seasonal_naive,83052.0,83175.0,-123.0
2018-08-31,52,seasonal_delta,79810.0,83175.0,-3365.0
2018-08-31,52,ets,82855.8388044383,83175.0,-319.16119556169724
2018-09-07,13,naive,83123.0,83068.0,55.0
2018-09-07,13,drift52,82345.0,83068.0,-723.0
2018-09-07,13,seasonal_naive,85948.0,83068.0,2880.0
2018-09-07,13,seasonal_delta,82836.0,83068.0,-232.0
2018-09-07,13,ets,83262.68680553463,83068.0,194.68680553462764
2018-09-07,26,naive,83123.0,82477.0,646.0
2018-09-07,26,drift52,81567.0,82477.0,-910.0
2018-09-07,26,seasonal_naive,83899.0,82477.0,1422.0
2018-09-07,26,seasonal_delta,80787.0,82477.0,-1690.0
2018-09-07,26,ets,83193.54255210233,82477.0,716.542552102328
2018-09-07,52,naive,83123.0,83327.0,-204.0
2018-09-07,52,drift52,80011.0,83327.0,-3316.0
2018-09-07,52,seasonal_naive,83123.0,83327.0,-204.0
2018-09-07,52,seasonal_delta,80011.0,83327.0,-3316.0
2018-09-07,52,ets,83164.9577915616,83327.0,-162.0422084384045
2018-09-14,13,naive,83137.0,82964.0,173.0
2018-09-14,13,drift52,82358.25,82964.0,-605.75
2018-09-14,13,seasonal_naive,85577.0,82964.0,2613.0
2018-09-14,13,seasonal_delta,82462.0,82964.0,-502.0
2018-09-14,13,ets,82832.43652306749,82964.0,-131.56347693251155
2018-09-14,26,naive,83137.0,82486.0,651.0
2018-09-14,26,drift52,81579.5,82486.0,-906.5
2018-09-14,26,seasonal_naive,83921.0,82486.0,1435.0
2018-09-14,26,seasonal_delta,80806.0,82486.0,-1680.0
2018-09-14,26,ets,83187.04126626479,82486.0,701.0412662647868
2018-09-14,52,naive,83137.0,83433.0,-296.0
2018-09-14,52,drift52,80022.0,83433.0,-3411.0
2018-09-14,52,seasonal_naive,83137.0,83433.0,-296.0
2018-09-14,52,seasonal_delta,80022.0,83433.0,-3411.0
2018-09-14,52,ets,83250.70431611035,83433.0,-182.2956838896498
2018-09-21,13,naive,83157.0,82764.0,393.0
2018-09-21,13,drift52,82391.25,82764.0,-372.75
2018-09-21,13,seasonal_naive,85267.0,82764.0,2503.0
2018-09-21,13,seasonal_delta,82204.0,82764.0,-560.0
2018-09-21,13,ets,82308.9222791414,82764.0,-455.07772085859324
2018-09-21,26,naive,83157.0,82521.0,636.0
2018-09-21,26,drift52,81625.5,82521.0,-895.5
2018-09-21,26,seasonal_naive,83875.0,82521.0,1354.0
2018-09-21,26,seasonal_delta,80812.0,82521.0,-1709.0
2018-09-21,26,ets,83134.90308890381,82521.0,613.9030889038113
2018-09-21,52,naive,83157.0,83596.0,-439.0
2018-09-21,52,drift52,80094.0,83596.0,-3502.0
2018-09-21,52,seasonal_naive,83157.0,83596.0,-439.0
2018-09-21,52,seasonal_delta,80094.0,83596.0,-3502.0
2018-09-21,52,ets,83397.50811444402,83596.0,-198.49188555598084
2018-09-28,13,naive,83014.0,82384.0,630.0
2018-09-28,13,drift52,82203.5,82384.0,-180.5
2018-09-28,13,seasonal_naive,84746.0,82384.0,2362.0
2018-09-28,13,seasonal_delta,81504.0,82384.0,-880.0
2018-09-28,13,ets,81956.30669288141,82384.0,-427.6933071185922
2018-09-28,26,naive,83014.0,82643.0,371.0
2018-09-28,26,drift52,81393.0,82643.0,-1250.0
2018-09-28,26,seasonal_naive,83746.0,82643.0,1103.0
2018-09-28,26,seasonal_delta,80504.0,82643.0,-2139.0
2018-09-28,26,ets,82985.43207116201,82643.0,342.4320711620094
2018-09-28,52,naive,83014.0,83766.0,-752.0
2018-09-28,52,drift52,79772.0,83766.0,-3994.0
2018-09-28,52,seasonal_naive,83014.0,83766.0,-752.0
2018-09-28,52,seasonal_delta,79772.0,83766.0,-3994.0
2018-09-28,52,ets,83511.51065365235,83766.0,-254.48934634764737
2018-10-05,13,naive,83186.0,82202.0,984.0
2018-10-05,13,drift52,82417.5,82202.0,215.5
2018-10-05,13,seasonal_naive,84550.0,82202.0,2348.0
2018-10-05,13,seasonal_delta,81476.0,82202.0,-726.0
2018-10-05,13,ets,81695.32959689012,82202.0,-506.67040310987795
2018-10-05,26,naive,83186.0,82706.0,480.0
2018-10-05,26,drift52,81649.0,82706.0,-1057.0
2018-10-05,26,seasonal_naive,83617.0,82706.0,911.0
2018-10-05,26,seasonal_delta,80543.0,82706.0,-2163.0
2018-10-05,26,ets,82572.38666164786,82706.0,-133.61333835213736
2018-10-05,52,naive,83186.0,83801.0,-615.0
2018-10-05,52,drift52,80112.0,83801.0,-3689.0
2018-10-05,52,seasonal_naive,83186.0,83801.0,-615.0
2018-10-05,52,seasonal_delta,80112.0,83801.0,-3689.0
2018-10-05,52,ets,83145.50418210706,83801.0,-655.4958178929373
2018-10-12,13,naive,83232.0,82321.0,911.0
2018-10-12,13,drift52,82455.75,82321.0,134.75
2018-10-12,13,seasonal_naive,84646.0,82321.0,2325.0
2018-10-12,13,seasonal_delta,81541.0,82321.0,-780.0
2018-10-12,13,ets,81948.41608988795,82321.0,-372.58391011205094
2018-10-12,26,naive,83232.0,82769.0,463.0
2018-10-12,26,drift52,81679.5,82769.0,-1089.5
2018-10-12,26,seasonal_naive,83568.0,82769.0,799.0
2018-10-12,26,seasonal_delta,80463.0,82769.0,-2306.0
2018-10-12,26,ets,82463.60241024416,82769.0,-305.3975897558412
2018-10-12,52,naive,83232.0,83772.0,-540.0
2018-10-12,52,drift52,80127.0,83772.0,-3645.0
2018-10-12,52,seasonal_naive,83232.0,83772.0,-540.0
2018-10-12,52,seasonal_delta,80127.0,83772.0,-3645.0
2018-10-12,52,ets,83206.05884710012,83772.0,-565.9411528998753
2018-10-19,13,naive,83364.0,82460.0,904.0
2018-10-19,13,drift52,82614.5,82460.0,154.5
2018-10-19,13,seasonal_naive,84574.0,82460.0,2114.0
2018-10-19,13,seasonal_delta,81576.0,82460.0,-884.0
2018-10-19,13,ets,82114.17445743417,82460.0,-345.8255425658281
2018-10-19,52,naive,83364.0,83787.0,-423.0
2018-10-19,52,drift52,80366.0,83787.0,-3421.0
2018-10-19,52,seasonal_naive,83364.0,83787.0,-423.0
2018-10-19,52,seasonal_delta,80366.0,83787.0,-3421.0
2018-10-19,52,ets,83288.4671988921,83787.0,-498.5328011078964
2018-10-26,13,naive,83309.0,82472.0,837.0
2018-10-26,13,drift52,82554.5,82472.0,82.5
2018-10-26,13,seasonal_naive,84537.0,82472.0,2065.0
2018-10-26,13,seasonal_delta,81519.0,82472.0,-953.0
2018-10-26,13,ets,82353.82152421196,82472.0,-118.17847578803776
2018-10-26,26,naive,83309.0,82538.0,771.0
2018-10-26,26,drift52,81800.0,82538.0,-738.0
2018-10-26,26,seasonal_naive,83673.0,82538.0,1135.0
2018-10-26,26,seasonal_delta,80655.0,82538.0,-1883.0
2018-10-26,26,ets,82474.29210492999,82538.0,-63.70789507000882
2018-10-26,52,naive,83309.0,83795.0,-486.0
2018-10-26,52,drift52,80291.0,83795.0,-3504.0
2018-10-26,52,seasonal_naive,83309.0,83795.0,-486.0
2018-10-26,52,seasonal_delta,80291.0,83795.0,-3504.0
2018-10-26,52,ets,83291.42298969955,83795.0,-503.577010300447
2018-11-02,13,naive,83169.0,82507.0,662.0
2018-11-02,13,drift52,82415.0,82507.0,-92.0
2018-11-02,13,seasonal_naive,84511.0,82507.0,2004.0
2018-11-02,13,seasonal_delta,81495.0,82507.0,-1012.0
2018-11-02,13,ets,82223.76960875712,82507.0,-283.23039124287607
2018-11-02,26,naive,83169.0,82649.0,520.0
2018-11-02,26,drift52,81661.0,82649.0,-988.0
2018-11-02,26,seasonal_naive,83705.0,82649.0,1056.0
2018-11-02,26,seasonal_delta,80689.0,82649.0,-1960.0
2018-11-02,26,ets,82056.18543017944,82649.0,-592.8145698205626
2018-11-02,52,naive,83169.0,83665.0,-496.0
2018-11-02,52,drift52,80153.0,83665.0,-3512.0
2018-11-02,52,seasonal_naive,83169.0,83665.0,-496.0
2018-11-02,52,seasonal_delta,80153.0,83665.0,-3512.0
2018-11-02,52,ets,82954.12481552533,83665.0,-710.875184474673
2018-11-09,13,naive,83190.0,82549.0,641.0
2018-11-09,13,drift52,82446.75,82549.0,-102.25
2018-11-09,13,seasonal_naive,84474.0,82549.0,1925.0
2018-11-09,13,seasonal_delta,81501.0,82549.0,-1048.0
2018-11-09,13,ets,82372.93311579725,82549.0,-176.06688420275168
2018-11-09,26,naive,83190.0,82599.0,591.0
2018-11-09,26,drift52,81703.5,82599.0,-895.5
2018-11-09,26,seasonal_naive,83534.0,82599.0,935.0
2018-11-09,26,seasonal_delta,80561.0,82599.0,-2038.0
2018-11-09,26,ets,82109.45792905144,82599.0,-489.54207094856247
2018-11-09,52,naive,83190.0,83617.0,-427.0
2018-11-09,52,drift52,80217.0,83617.0,-3400.0
2018-11-09,52,seasonal_naive,83190.0,83617.0,-427.0
2018-11-09,52,seasonal_delta,80217.0,83617.0,-3400.0
2018-11-09,52,ets,82977.83656543652,83617.0,-639.1634345634811
2018-11-16,13,naive,83163.0,82567.0,596.0
2018-11-16,13,drift52,82407.5,82567.0,-159.5
2018-11-16,13,seasonal_naive,84255.0,82567.0,1688.0
2018-11-16,13,seasonal_delta,81233.0,82567.0,-1334.0
2018-11-16,13,ets,82393.85418756955,82567.0,-173.14581243044813
2018-11-16,26,naive,83163.0,82560.0,603.0
2018-11-16,26,drift52,81652.0,82560.0,-908.0
2018-11-16,26,seasonal_naive,83564.0,82560.0,1004.0
2018-11-16,26,seasonal_delta,80542.0,82560.0,-2018.0
2018-11-16,26,ets,82175.60211505965,82560.0,-384.3978849403502
2018-11-16,52,naive,83163.0,83599.0,-436.0
2018-11-16,52,drift52,80141.0,83599.0,-3458.0
2018-11-16,52,seasonal_naive,83163.0,83599.0,-436.0
2018-11-16,52,seasonal_delta,80141.0,83599.0,-3458.0
2018-11-16,52,ets,82959.48027531605,83599.0,-639.5197246839525
2018-11-23,13,naive,83159.0,82525.0,634.0
2018-11-23,13,drift52,82416.5,82525.0,-108.5
2018-11-23,13,seasonal_naive,84235.0,82525.0,1710.0
2018-11-23,13,seasonal_delta,81265.0,82525.0,-1260.0
2018-11-23,13,ets,82440.9260537216,82525.0,-84.07394627839676
2018-11-23,26,naive,83159.0,82707.0,452.0
2018-11-23,26,drift52,81674.0,82707.0,-1033.0
2018-11-23,26,seasonal_naive,83430.0,82707.0,723.0
2018-11-23,26,seasonal_delta,80460.0,82707.0,-2247.0
2018-11-23,26,ets,82108.90561950572,82707.0,-598.0943804942799
2018-11-23,52,naive,83159.0,83482.0,-323.0
2018-11-23,52,drift52,80189.0,83482.0,-3293.0
2018-11-23,52,seasonal_naive,83159.0,83482.0,-323.0
2018-11-23,52,seasonal_delta,80189.0,83482.0,-3293.0
2018-11-23,52,ets,82896.30569150117,83482.0,-585.6943084988307
2018-11-30,13,naive,83146.0,82543.0,603.0
2018-11-30,13,drift52,82413.75,82543.0,-129.25
2018-11-30,13,seasonal_naive,84178.0,82543.0,1635.0
2018-11-30,13,seasonal_delta,81249.0,82543.0,-1294.0
2018-11-30,13,ets,82894.41795566608,82543.0,351.417955666082
2018-11-30,26,naive,83146.0,82617.0,529.0
2018-11-30,26,drift52,81681.5,82617.0,-935.5
2018-11-30,26,seasonal_naive,83254.0,82617.0,637.0
2018-11-30,26,seasonal_delta,80325.0,82617.0,-2292.0
2018-11-30,26,ets,82505.62297947292,82617.0,-111.37702052708482
2018-11-30,52,naive,83146.0,83516.0,-370.0
2018-11-30,52,drift52,80217.0,83516.0,-3299.0
2018-11-30,52,seasonal_naive,83146.0,83516.0,-370.0
2018-11-30,52,seasonal_delta,80217.0,83516.0,-3299.0
2018-11-30,52,ets,83267.1289268181,83516.0,-248.871073181901
2018-12-07,13,naive,83068.0,82477.0,591.0
2018-12-07,13,drift52,82348.0,82477.0,-129.0
2018-12-07,13,seasonal_naive,83899.0,82477.0,1422.0
2018-12-07,13,seasonal_delta,81019.0,82477.0,-1458.0
2018-12-07,13,ets,82905.80852205884,82477.0,428.80852205884
2018-12-07,26,naive,83068.0,82608.0,460.0
2018-12-07,26,drift52,81628.0,82608.0,-980.0
2018-12-07,26,seasonal_naive,83154.0,82608.0,546.0
2018-12-07,26,seasonal_delta,80274.0,82608.0,-2334.0
2018-12-07,26,ets,82505.83048369846,82608.0,-102.16951630153926
2018-12-07,52,naive,83068.0,83484.0,-416.0
2018-12-07,52,drift52,80188.0,83484.0,-3296.0
2018-12-07,52,seasonal_naive,83068.0,83484.0,-416.0
2018-12-07,52,seasonal_delta,80188.0,83484.0,-3296.0
2018-12-07,52,ets,83021.98198110801,83484.0,-462.01801889199123
2018-12-14,13,naive,82964.0,82486.0,478.0
2018-12-14,13,drift52,82310.75,82486.0,-175.25
2018-12-14,13,seasonal_naive,83921.0,82486.0,1435.0
2018-12-14,13,seasonal_delta,81308.0,82486.0,-1178.0
2018-12-14,13,ets,82897.21468229897,82486.0,411.21468229897437
2018-12-14,26,naive,82964.0,82700.0,264.0
2018-12-14,26,drift52,81657.5,82700.0,-1042.5
2018-12-14,26,seasonal_naive,83064.0,82700.0,364.0
2018-12-14,26,seasonal_delta,80451.0,82700.0,-2249.0
2018-12-14,26,ets,82463.56694831919,82700.0,-236.43305168081133
2018-12-14,52,naive,82964.0,83376.0,-412.0
2018-12-14,52,drift52,80351.0,83376.0,-3025.0
2018-12-14,52,seasonal_naive,82964.0,83376.0,-412.0
2018-12-14,52,seasonal_delta,80351.0,83376.0,-3025.0
2018-12-14,52,ets,82584.49787280537,83376.0,-791.5021271946316
2018-12-21,13,naive,82764.0,82521.0,243.0
2018-12-21,13,drift52,82138.25,82521.0,-382.75
2018-12-21,13,seasonal_naive,83875.0,82521.0,1354.0
2018-12-21,13,seasonal_delta,81372.0,82521.0,-1149.0
2018-12-21,13,ets,82855.18385535598,82521.0,334.1838553559792
2018-12-21,26,naive,82764.0,82683.0,81.0
2018-12-21,26,drift52,81512.5,82683.0,-1170.5
2018-12-21,26,seasonal_naive,82989.0,82683.0,306.0
2018-12-21,26,seasonal_delta,80486.0,82683.0,-2197.0
2018-12-21,26,ets,82542.49225209512,82683.0,-140.50774790487776
2018-12-21,52,naive,82764.0,83353.0,-589.0
2018-12-21,52,drift52,80261.0,83353.0,-3092.0
2018-12-21,52,seasonal_naive,82764.0,83353.0,-589.0
2018-12-21,52,seasonal_delta,80261.0,83353.0,-3092.0
2018-12-21,52,ets,82039.01642075826,83353.0,-1313.9835792417434
2018-12-28,13,naive,82384.0,82643.0,-259.0
2018-12-28,13,drift52,81793.5,82643.0,-849.5
2018-12-28,13,seasonal_naive,83746.0,82643.0,1103.0
2018-12-28,13,seasonal_delta,81384.0,82643.0,-1259.0
2018-12-28,13,ets,83744.56004740194,82643.0,1101.5600474019448
2018-12-28,26,naive,82384.0,82676.0,-292.0
2018-12-28,26,drift52,81203.0,82676.0,-1473.0
2018-12-28,26,seasonal_naive,82961.0,82676.0,285.0
2018-12-28,26,seasonal_delta,80599.0,82676.0,-2077.0
2018-12-28,26,ets,83641.92730532488,82676.0,965.9273053248762
2018-12-28,52,naive,82384.0,83023.0,-639.0
2018-12-28,52,drift52,80022.0,83023.0,-3001.0
2018-12-28,52,seasonal_naive,82384.0,83023.0,-639.0
2018-12-28,52,seasonal_delta,80022.0,83023.0,-3001.0
2018-12-28,52,ets,82745.24352496576,83023.0,-277.7564750342426
2019-01-04,13,naive,82202.0,82706.0,-504.0
2019-01-04,13,drift52,81615.0,82706.0,-1091.0
2019-01-04,13,seasonal_naive,83617.0,82706.0,911.0
2019-01-04,13,seasonal_delta,81269.0,82706.0,-1437.0
2019-01-04,13,ets,83711.17488175002,82706.0,1005.1748817500193
2019-01-04,26,naive,82202.0,82819.0,-617.0
2019-01-04,26,drift52,81028.0,82819.0,-1791.0
2019-01-04,26,seasonal_naive,82901.0,82819.0,82.0
2019-01-04,26,seasonal_delta,80553.0,82819.0,-2266.0
2019-01-04,26,ets,83712.47670309285,82819.0,893.4767030928488
2019-01-04,52,naive,82202.0,82784.0,-582.0
2019-01-04,52,drift52,79854.0,82784.0,-2930.0
2019-01-04,52,seasonal_naive,82202.0,82784.0,-582.0
2019-01-04,52,seasonal_delta,79854.0,82784.0,-2930.0
2019-01-04,52,ets,82863.33623995609,82784.0,79.3362399560865
2019-01-11,13,naive,82321.0,82769.0,-448.0
2019-01-11,13,drift52,81739.75,82769.0,-1029.25
2019-01-11,13,seasonal_naive,83568.0,82769.0,799.0
2019-01-11,13,seasonal_delta,81243.0,82769.0,-1526.0
2019-01-11,13,ets,83609.29853596943,82769.0,840.2985359694285
2019-01-11,26,naive,82321.0,82962.0,-641.0
2019-01-11,26,drift52,81158.5,82962.0,-1803.5
2019-01-11,26,seasonal_naive,82822.0,82962.0,-140.0
2019-01-11,26,seasonal_delta,80497.0,82962.0,-2465.0
2019-01-11,26,ets,83718.45338073483,82962.0,756.4533807348344
2019-01-11,52,naive,82321.0,82954.0,-633.0
2019-01-11,52,drift52,79996.0,82954.0,-2958.0
2019-01-11,52,seasonal_naive,82321.0,82954.0,-633.0
2019-01-11,52,seasonal_delta,79996.0,82954.0,-2958.0
2019-01-11,52,ets,83119.25653660504,82954.0,165.2565366050403
2019-01-18,26,naive,82460.0,82894.0,-434.0
2019-01-18,26,drift52,81403.0,82894.0,-1491.0
2019-01-18,26,seasonal_naive,82956.0,82894.0,62.0
2019-01-18,26,seasonal_delta,80842.0,82894.0,-2052.0
2019-01-18,26,ets,83777.8661170367,82894.0,883.8661170366977
2019-01-18,52,naive,82460.0,83167.0,-707.0
2019-01-18,52,drift52,80346.0,83167.0,-2821.0
2019-01-18,52,seasonal_naive,82460.0,83167.0,-707.0
2019-01-18,52,seasonal_delta,80346.0,83167.0,-2821.0
2019-01-18,52,ets,83282.03186801793,83167.0,115.03186801793345
2019-01-25,13,naive,82472.0,82538.0,-66.0
2019-01-25,13,drift52,81955.75,82538.0,-582.25
2019-01-25,13,seasonal_naive,83673.0,82538.0,1135.0
2019-01-25,13,seasonal_delta,81608.0,82538.0,-930.0
2019-01-25,13,ets,82239.46916343921,82538.0,-298.5308365607925
2019-01-25,26,naive,82472.0,83042.0,-570.0
2019-01-25,26,drift52,81439.5,83042.0,-1602.5
2019-01-25,26,seasonal_naive,82967.0,83042.0,-75.0
2019-01-25,26,seasonal_delta,80902.0,83042.0,-2140.0
2019-01-25,26,ets,82395.44864645958,83042.0,-646.551353540417
2019-01-25,52,naive,82472.0,83201.0,-729.0
2019-01-25,52,drift52,80407.0,83201.0,-2794.0
2019-01-25,52,seasonal_naive,82472.0,83201.0,-729.0
2019-01-25,52,seasonal_delta,80407.0,83201.0,-2794.0
2019-01-25,52,ets,82093.81481182718,83201.0,-1107.1851881728217
2019-02-01,13,naive,82507.0,82649.0,-142.0
2019-02-01,13,drift52,82006.0,82649.0,-643.0
2019-02-01,13,seasonal_naive,83705.0,82649.0,1056.0
2019-02-01,13,seasonal_delta,81701.0,82649.0,-948.0
2019-02-01,13,ets,82184.03054529938,82649.0,-464.969454700622
2019-02-01,26,naive,82507.0,83007.0,-500.0
2019-02-01,26,drift52,81505.0,83007.0,-1502.0
2019-02-01,26,seasonal_naive,83017.0,83007.0,10.0
2019-02-01,26,seasonal_delta,81013.0,83007.0,-1994.0
2019-02-01,26,ets,82504.84756701443,83007.0,-502.1524329855747
2019-02-01,52,naive,82507.0,83329.0,-822.0
2019-02-01,52,drift52,80503.0,83329.0,-2826.0
2019-02-01,52,seasonal_naive,82507.0,83329.0,-822.0
2019-02-01,52,seasonal_delta,80503.0,83329.0,-2826.0
2019-02-01,52,ets,82280.37210213329,83329.0,-1048.6278978667106
2019-02-08,13,naive,82549.0,82599.0,-50.0
2019-02-08,13,drift52,82067.75,82599.0,-531.25
2019-02-08,13,seasonal_naive,83534.0,82599.0,935.0
2019-02-08,13,seasonal_delta,81609.0,82599.0,-990.0
2019-02-08,13,ets,82232.26816502113,82599.0,-366.7318349788693
2019-02-08,26,naive,82549.0,83119.0,-570.0
2019-02-08,26,drift52,81586.5,83119.0,-1532.5
2019-02-08,26,seasonal_naive,83110.0,83119.0,-9.0
2019-02-08,26,seasonal_delta,81185.0,83119.0,-1934.0
2019-02-08,26,ets,82612.19986613808,83119.0,-506.8001338619215
2019-02-08,52,naive,82549.0,83497.0,-948.0
2019-02-08,52,drift52,80624.0,83497.0,-2873.0
2019-02-08,52,seasonal_naive,82549.0,83497.0,-948.0
2019-02-08,52,seasonal_delta,80624.0,83497.0,-2873.0
2019-02-08,52,ets,82437.41643855609,83497.0,-1059.583561443913
2019-02-15,13,naive,82567.0,82560.0,7.0
2019-02-15,13,drift52,82145.0,82560.0,-415.0
2019-02-15,13,seasonal_naive,83564.0,82560.0,1004.0
2019-02-15,13,seasonal_delta,81876.0,82560.0,-684.0
2019-02-15,13,ets,82284.03468528781,82560.0,-275.9653147121862
2019-02-15,26,naive,82567.0,83136.0,-569.0
2019-02-15,26,drift52,81723.0,83136.0,-1413.0
2019-02-15,26,seasonal_naive,83165.0,83136.0,29.0
2019-02-15,26,seasonal_delta,81477.0,83136.0,-1659.0
2019-02-15,26,ets,82601.16512503257,83136.0,-534.8348749674333
2019-02-15,52,naive,82567.0,83626.0,-1059.0
2019-02-15,52,drift52,80879.0,83626.0,-2747.0
2019-02-15,52,seasonal_naive,82567.0,83626.0,-1059.0
2019-02-15,52,seasonal_delta,80879.0,83626.0,-2747.0
2019-02-15,52,ets,82484.66540623429,83626.0,-1141.334593765714
2019-02-22,13,naive,82525.0,82707.0,-182.0
2019-02-22,13,drift52,82097.5,82707.0,-609.5
2019-02-22,13,seasonal_naive,83430.0,82707.0,723.0
2019-02-22,13,seasonal_delta,81720.0,82707.0,-987.0
2019-02-22,13,ets,81982.35683701503,82707.0,-724.6431629849685
2019-02-22,26,naive,82525.0,83116.0,-591.0
2019-02-22,26,drift52,81670.0,83116.0,-1446.0
2019-02-22,26,seasonal_naive,83064.0,83116.0,-52.0
2019-02-22,26,seasonal_delta,81354.0,83116.0,-1762.0
2019-02-22,26,ets,82297.1200164421,83116.0,-818.8799835578975
2019-02-22,52,naive,82525.0,83695.0,-1170.0
2019-02-22,52,drift52,80815.0,83695.0,-2880.0
2019-02-22,52,seasonal_naive,82525.0,83695.0,-1170.0
2019-02-22,52,seasonal_delta,80815.0,83695.0,-2880.0
2019-02-22,52,ets,82287.14852193075,83695.0,-1407.8514780692494
2019-03-01,13,naive,82543.0,82617.0,-74.0
2019-03-01,13,drift52,82134.25,82617.0,-482.75
2019-03-01,13,seasonal_naive,83254.0,82617.0,637.0
2019-03-01,13,seasonal_delta,81619.0,82617.0,-998.0
2019-03-01,13,ets,81917.67971245965,82617.0,-699.3202875403513
2019-03-01,26,naive,82543.0,83175.0,-632.0
2019-03-01,26,drift52,81725.5,83175.0,-1449.5
2019-03-01,26,seasonal_naive,83052.0,83175.0,-123.0
2019-03-01,26,seasonal_delta,81417.0,83175.0,-1758.0
2019-03-01,26,ets,82242.17389709075,83175.0,-932.8261029092537
2019-03-01,52,naive,82543.0,83868.0,-1325.0
2019-03-01,52,drift52,80908.0,83868.0,-2960.0
2019-03-01,52,seasonal_naive,82543.0,83868.0,-1325.0
2019-03-01,52,seasonal_delta,80908.0,83868.0,-2960.0
2019-03-01,52,ets,82290.57213726168,83868.0,-1577.4278627383173
2019-03-08,13,naive,82477.0,82608.0,-131.0
2019-03-08,13,drift52,82121.5,82608.0,-486.5
2019-03-08,13,seasonal_naive,83154.0,82608.0,546.0
2019-03-08,13,seasonal_delta,81732.0,82608.0,-876.0
2019-03-08,13,ets,81920.51943125538,82608.0,-687.4805687446205
2019-03-08,26,naive,82477.0,83327.0,-850.0
2019-03-08,26,drift52,81766.0,83327.0,-1561.0
2019-03-08,26,seasonal_naive,83123.0,83327.0,-204.0
2019-03-08,26,seasonal_delta,81701.0,83327.0,-1626.0
2019-03-08,26,ets,82303.95023645082,83327.0,-1023.0497635491774
2019-03-08,52,naive,82477.0,83957.0,-1480.0
2019-03-08,52,drift52,81055.0,83957.0,-2902.0
2019-03-08,52,seasonal_naive,82477.0,83957.0,-1480.0
2019-03-08,52,seasonal_delta,81055.0,83957.0,-2902.0
2019-03-08,52,ets,82311.00580750588,83957.0,-1645.9941924941231
2019-03-15,13,naive,82486.0,82700.0,-214.0
2019-03-15,13,drift52,82127.25,82700.0,-572.75
2019-03-15,13,seasonal_naive,83064.0,82700.0,364.0
2019-03-15,13,seasonal_delta,81629.0,82700.0,-1071.0
2019-03-15,13,ets,81874.49623616811,82700.0,-825.50376383189
2019-03-15,26,naive,82486.0,83433.0,-947.0
2019-03-15,26,drift52,81768.5,83433.0,-1664.5
2019-03-15,26,seasonal_naive,83137.0,83433.0,-296.0
2019-03-15,26,seasonal_delta,81702.0,83433.0,-1731.0
2019-03-15,26,ets,82381.66009298469,83433.0,-1051.33990701531
2019-03-15,52,naive,82486.0,83917.0,-1431.0
2019-03-15,52,drift52,81051.0,83917.0,-2866.0
2019-03-15,52,seasonal_naive,82486.0,83917.0,-1431.0
2019-03-15,52,seasonal_delta,81051.0,83917.0,-2866.0
2019-03-15,52,ets,82302.39079349159,83917.0,-1614.6092065084085
2019-03-22,13,naive,82521.0,82683.0,-162.0
2019-03-22,13,drift52,82182.5,82683.0,-500.5
2019-03-22,13,seasonal_naive,82989.0,82683.0,306.0
2019-03-22,13,seasonal_delta,81635.0,82683.0,-1048.0
2019-03-22,13,ets,82276.22692243231,82683.0,-406.77307756769005
2019-03-22,26,naive,82521.0,83596.0,-1075.0
2019-03-22,26,drift52,81844.0,83596.0,-1752.0
2019-03-22,26,seasonal_naive,83157.0,83596.0,-439.0
2019-03-22,26,seasonal_delta,81803.0,83596.0,-1793.0
2019-03-22,26,ets,82846.06401085899,83596.0,-749.9359891410131
2019-03-22,52,naive,82521.0,83709.0,-1188.0
2019-03-22,52,drift52,81167.0,83709.0,-2542.0
2019-03-22,52,seasonal_naive,82521.0,83709.0,-1188.0
2019-03-22,52,seasonal_delta,81167.0,83709.0,-2542.0
2019-03-22,52,ets,82595.71485305775,83709.0,-1113.2851469422458
2019-03-29,13,naive,82643.0,82676.0,-33.0
2019-03-29,13,drift52,82367.25,82676.0,-308.75
2019-03-29,13,seasonal_naive,82961.0,82676.0,285.0
2019-03-29,13,seasonal_delta,81858.0,82676.0,-818.0
2019-03-29,13,ets,82319.16508380897,82676.0,-356.83491619103006
2019-03-29,26,naive,82643.0,83766.0,-1123.0
2019-03-29,26,drift52,82091.5,83766.0,-1674.5
2019-03-29,26,seasonal_naive,83014.0,83766.0,-752.0
2019-03-29,26,seasonal_delta,81911.0,83766.0,-1855.0
2019-03-29,26,ets,82947.04397561113,83766.0,-818.95602438887
2019-03-29,52,naive,82643.0,83189.0,-546.0
2019-03-29,52,drift52,81540.0,83189.0,-1649.0
2019-03-29,52,seasonal_naive,82643.0,83189.0,-546.0
2019-03-29,52,seasonal_delta,81540.0,83189.0,-1649.0
2019-03-29,52,ets,82467.81808256636,83189.0,-721.1819174336415
2019-04-05,13,naive,82706.0,82819.0,-113.0
2019-04-05,13,drift52,82478.25,82819.0,-340.75
2019-04-05,13,seasonal_naive,82901.0,82819.0,82.0
2019-04-05,13,seasonal_delta,81990.0,82819.0,-829.0
2019-04-05,13,ets,82421.73108355905,82819.0,-397.26891644095303
2019-04-05,26,naive,82706.0,83801.0,-1095.0
2019-04-05,26,drift52,82250.5,83801.0,-1550.5
2019-04-05,26,seasonal_naive,83186.0,83801.0,-615.0
2019-04-05,26,seasonal_delta,82275.0,83801.0,-1526.0
2019-04-05,26,ets,83021.47648899005,83801.0,-779.5235110099457
2019-04-05,52,naive,82706.0,82589.0,117.0
2019-04-05,52,drift52,81795.0,82589.0,-794.0
2019-04-05,52,seasonal_naive,82706.0,82589.0,117.0
2019-04-05,52,seasonal_delta,81795.0,82589.0,-794.0
2019-04-05,52,ets,82435.21984932691,82589.0,-153.78015067309025
2019-04-12,13,naive,82769.0,82962.0,-193.0
2019-04-12,13,drift52,82569.25,82962.0,-392.75
2019-04-12,13,seasonal_naive,82822.0,82962.0,-140.0
2019-04-12,13,seasonal_delta,82023.0,82962.0,-939.0
2019-04-12,13,ets,82449.25859092631,82962.0,-512.7414090736856
2019-04-12,26,naive,82769.0,83772.0,-1003.0
2019-04-12,26,drift52,82369.5,83772.0,-1402.5
2019-04-12,26,seasonal_naive,83232.0,83772.0,-540.0
2019-04-12,26,seasonal_delta,82433.0,83772.0,-1339.0
2019-04-12,26,ets,83082.04422012233,83772.0,-689.9557798776659
2019-04-26,13,naive,82538.0,83042.0,-504.0
2019-04-26,13,drift52,82254.25,83042.0,-787.75
2019-04-26,13,seasonal_naive,82967.0,83042.0,-75.0
2019-04-26,13,seasonal_delta,81832.0,83042.0,-1210.0
2019-04-26,13,ets,82470.9935853231,83042.0,-571.0064146769
2019-04-26,26,naive,82538.0,83795.0,-1257.0
2019-04-26,26,drift52,81970.5,83795.0,-1824.5
2019-04-26,26,seasonal_naive,83309.0,83795.0,-486.0
2019-04-26,26,seasonal_delta,82174.0,83795.0,-1621.0
2019-04-26,26,ets,83172.09694187653,83795.0,-622.9030581234692
2019-04-26,52,naive,82538.0,81124.0,1414.0
2019-04-26,52,drift52,81403.0,81124.0,279.0
2019-04-26,52,seasonal_naive,82538.0,81124.0,1414.0
2019-04-26,52,seasonal_delta,81403.0,81124.0,279.0
2019-05-03,13,naive,82649.0,83007.0,-358.0
2019-05-03,13,drift52,82385.0,83007.0,-622.0
2019-05-03,13,seasonal_naive,83017.0,83007.0,10.0
2019-05-03,13,seasonal_delta,81961.0,83007.0,-1046.0
2019-05-03,13,ets,82566.27248574332,83007.0,-440.72751425667957
2019-05-03,26,naive,82649.0,83665.0,-1016.0
2019-05-03,26,drift52,82121.0,83665.0,-1544.0
2019-05-03,26,seasonal_naive,83169.0,83665.0,-496.0
2019-05-03,26,seasonal_delta,82113.0,83665.0,-1552.0
2019-05-03,26,ets,83151.06203752452,83665.0,-513.9379624754802
2019-05-03,52,naive,82649.0,80827.0,1822.0
2019-05-03,52,drift52,81593.0,80827.0,766.0
2019-05-03,52,seasonal_naive,82649.0,80827.0,1822.0
2019-05-03,52,seasonal_delta,81593.0,80827.0,766.0
2019-05-10,13,naive,82599.0,83119.0,-520.0
2019-05-10,13,drift52,82365.25,83119.0,-753.75
2019-05-10,13,seasonal_naive,83110.0,83119.0,-9.0
2019-05-10,13,seasonal_delta,82175.0,83119.0,-944.0
2019-05-10,13,ets,82700.33961004233,83119.0,-418.66038995767303
2019-05-10,26,naive,82599.0,83617.0,-1018.0
2019-05-10,26,drift52,82131.5,83617.0,-1485.5
2019-05-10,26,seasonal_naive,83190.0,83617.0,-427.0
2019-05-10,26,seasonal_delta,82255.0,83617.0,-1362.0
2019-05-10,26,ets,83159.8687391356,83617.0,-457.13126086439297
2019-05-17,13,naive,82560.0,83136.0,-576.0
2019-05-17,13,drift52,82309.0,83136.0,-827.0
2019-05-17,13,seasonal_naive,83165.0,83136.0,29.0
2019-05-17,13,seasonal_delta,82161.0,83136.0,-975.0
2019-05-17,13,ets,82733.98648129865,83136.0,-402.01351870135113
2019-05-17,26,naive,82560.0,83599.0,-1039.0
2019-05-17,26,drift52,82058.0,83599.0,-1541.0
2019-05-17,26,seasonal_naive,83163.0,83599.0,-436.0
2019-05-17,26,seasonal_delta,82159.0,83599.0,-1440.0
2019-05-17,26,ets,83171.28880625285,83599.0,-427.7111937471491
2019-05-17,52,naive,82560.0,80422.0,2138.0
2019-05-17,52,drift52,81556.0,80422.0,1134.0
2019-05-17,52,seasonal_naive,82560.0,80422.0,2138.0
2019-05-17,52,seasonal_delta,81556.0,80422.0,1134.0
2019-05-17,52,ets,82403.3997243594,80422.0,1981.3997243594058
2019-05-24,13,naive,82707.0,83116.0,-409.0
2019-05-24,13,drift52,82526.25,83116.0,-589.75
2019-05-24,13,seasonal_naive,83064.0,83116.0,-52.0
2019-05-24,13,seasonal_delta,82341.0,83116.0,-775.0
2019-05-24,13,ets,82676.95547866874,83116.0,-439.04452133126324
2019-05-24,26,naive,82707.0,83482.0,-775.0
2019-05-24,26,drift52,82345.5,83482.0,-1136.5
2019-05-24,26,seasonal_naive,83159.0,83482.0,-323.0
2019-05-24,26,seasonal_delta,82436.0,83482.0,-1046.0
2019-05-24,26,ets,83103.551697014,83482.0,-378.44830298599845
2019-05-24,52,naive,82707.0,80180.0,2527.0
2019-05-24,52,drift52,81984.0,80180.0,1804.0
2019-05-24,52,seasonal_naive,82707.0,80180.0,2527.0
2019-05-24,52,seasonal_delta,81984.0,80180.0,1804.0
2019-05-24,52,ets,82348.3639332498,80180.0,2168.3639332497987
2019-05-31,13,naive,82617.0,83175.0,-558.0
2019-05-31,13,drift52,82457.75,83175.0,-717.25
2019-05-31,13,seasonal_naive,83052.0,83175.0,-123.0
2019-05-31,13,seasonal_delta,82415.0,83175.0,-760.0
2019-05-31,13,ets,82630.20005997246,83175.0,-544.7999400275439
2019-05-31,26,naive,82617.0,83516.0,-899.0
2019-05-31,26,drift52,82298.5,83516.0,-1217.5
2019-05-31,26,seasonal_naive,83146.0,83516.0,-370.0
2019-05-31,26,seasonal_delta,82509.0,83516.0,-1007.0
2019-05-31,26,ets,82986.69530001504,83516.0,-529.3046999849612
2019-05-31,52,naive,82617.0,80032.0,2585.0
2019-05-31,52,drift52,81980.0,80032.0,1948.0
2019-05-31,52,seasonal_naive,82617.0,80032.0,2585.0
2019-05-31,52,seasonal_delta,81980.0,80032.0,1948.0
2019-05-31,52,ets,82275.23984999035,80032.0,2243.23984999035
2019-06-07,13,naive,82608.0,83327.0,-719.0
2019-06-07,13,drift52,82471.5,83327.0,-855.5
2019-06-07,13,seasonal_naive,83123.0,83327.0,-204.0
2019-06-07,13,seasonal_delta,82577.0,83327.0,-750.0
2019-06-07,13,ets,82689.77256223728,83327.0,-637.2274377627182
2019-06-07,26,naive,82608.0,83484.0,-876.0
2019-06-07,26,drift52,82335.0,83484.0,-1149.0
2019-06-07,26,seasonal_naive,83068.0,83484.0,-416.0
2019-06-07,26,seasonal_delta,82522.0,83484.0,-962.0
2019-06-07,26,ets,82761.42096437175,83484.0,-722.5790356282523
2019-06-07,52,naive,82608.0,79878.0,2730.0
2019-06-07,52,drift52,82062.0,79878.0,2184.0
2019-06-07,52,seasonal_naive,82608.0,79878.0,2730.0
2019-06-07,52,seasonal_delta,82062.0,79878.0,2184.0
2019-06-07,52,ets,82272.28829058453,79878.0,2394.2882905845327
2019-06-14,13,naive,82700.0,83433.0,-733.0
2019-06-14,13,drift52,82609.0,83433.0,-824.0
2019-06-14,13,seasonal_naive,83137.0,83433.0,-296.0
2019-06-14,13,seasonal_delta,82773.0,83433.0,-660.0
2019-06-14,13,ets,83381.3793254741,83433.0,-51.6206745258969
2019-06-14,26,naive,82700.0,83376.0,-676.0
2019-06-14,26,drift52,82518.0,83376.0,-858.0
2019-06-14,26,seasonal_naive,82964.0,83376.0,-412.0
2019-06-14,26,seasonal_delta,82600.0,83376.0,-776.0
2019-06-14,26,ets,83006.30912713154,83376.0,-369.6908728684648
2019-06-14,52,naive,82700.0,79713.0,2987.0
2019-06-14,52,drift52,82336.0,79713.0,2623.0
2019-06-14,52,seasonal_naive,82700.0,79713.0,2987.0
2019-06-14,52,seasonal_delta,82336.0,79713.0,2623.0
2019-06-14,52,ets,82882.56924548281,79713.0,3169.5692454828095
2019-06-21,13,naive,82683.0,83596.0,-913.0
2019-06-21,13,drift52,82606.5,83596.0,-989.5
2019-06-21,13,seasonal_naive,83157.0,83596.0,-439.0
2019-06-21,13,seasonal_delta,82851.0,83596.0,-745.0
2019-06-21,13,ets,83530.7105145116,83596.0,-65.28948548840708
2019-06-21,26,naive,82683.0,83353.0,-670.0
2019-06-21,26,drift52,82530.0,83353.0,-823.0
2019-06-21,26,seasonal_naive,82764.0,83353.0,-589.0
2019-06-21,26,seasonal_delta,82458.0,83353.0,-895.0
2019-06-21,26,ets,82506.71422201753,83353.0,-846.2857779824699
2019-06-21,52,naive,82683.0,79605.0,3078.0
2019-06-21,52,drift52,82377.0,79605.0,2772.0
2019-06-21,52,seasonal_naive,82683.0,79605.0,3078.0
2019-06-21,52,seasonal_delta,82377.0,79605.0,2772.0
2019-06-21,52,ets,82969.86462550958,79605.0,3364.864625509581
2019-06-28,13,naive,82676.0,83766.0,-1090.0
2019-06-28,13,drift52,82604.75,83766.0,-1161.25
2019-06-28,13,seasonal_naive,83014.0,83766.0,-752.0
2019-06-28,13,seasonal_delta,82729.0,83766.0,-1037.0
2019-06-28,13,ets,83620.42394594914,83766.0,-145.5760540508636
2019-06-28,26,naive,82676.0,83023.0,-347.0
2019-06-28,26,drift52,82533.5,83023.0,-489.5
2019-06-28,26,seasonal_naive,82384.0,83023.0,-639.0
2019-06-28,26,seasonal_delta,82099.0,83023.0,-924.0
2019-06-28,26,ets,82142.37153052287,83023.0,-880.6284694771311
2019-06-28,52,naive,82676.0,79453.0,3223.0
2019-06-28,52,drift52,82391.0,79453.0,2938.0
2019-06-28,52,seasonal_naive,82676.0,79453.0,3223.0
2019-06-28,52,seasonal_delta,82391.0,79453.0,2938.0
2019-06-28,52,ets,83016.51655960875,79453.0,3563.5165596087463
2019-07-05,13,naive,82819.0,83801.0,-982.0
2019-07-05,13,drift52,82798.5,83801.0,-1002.5
2019-07-05,13,seasonal_naive,83186.0,83801.0,-615.0
2019-07-05,13,seasonal_delta,83104.0,83801.0,-697.0
2019-07-05,13,ets,83678.33740359466,83801.0,-122.66259640533826
2019-07-05,26,naive,82819.0,82784.0,35.0
2019-07-05,26,drift52,82778.0,82784.0,-6.0
2019-07-05,26,seasonal_naive,82202.0,82784.0,-582.0
2019-07-05,26,seasonal_delta,82120.0,82784.0,-664.0
2019-07-05,26,ets,82223.35500677877,82784.0,-560.6449932212272
2019-07-05,52,naive,82819.0,79522.0,3297.0
2019-07-05,52,drift52,82737.0,79522.0,3215.0
2019-07-05,52,seasonal_naive,82819.0,79522.0,3297.0
2019-07-05,52,seasonal_delta,82737.0,79522.0,3215.0
2019-07-05,52,ets,83099.40061000845,79522.0,3577.4006100084516
2019-07-12,13,naive,82962.0,83772.0,-810.0
2019-07-12,13,drift52,82997.0,83772.0,-775.0
2019-07-12,13,seasonal_naive,83232.0,83772.0,-540.0
2019-07-12,13,seasonal_delta,83372.0,83772.0,-400.0
2019-07-12,13,ets,83771.54087617323,83772.0,-0.45912382677488495
2019-07-12,26,naive,82962.0,82954.0,8.0
2019-07-12,26,drift52,83032.0,82954.0,78.0
2019-07-12,26,seasonal_naive,82321.0,82954.0,-633.0
2019-07-12,26,seasonal_delta,82461.0,82954.0,-493.0
2019-07-12,26,ets,82494.82695538166,82954.0,-459.17304461833555
2019-07-12,52,naive,82962.0,79537.0,3425.0
2019-07-12,52,drift52,83102.0,79537.0,3565.0
2019-07-12,52,seasonal_naive,82962.0,79537.0,3425.0
2019-07-12,52,seasonal_delta,83102.0,79537.0,3565.0
2019-07-12,52,ets,83140.86624538309,79537.0,3603.866245383091
2019-07-19,13,naive,82894.0,83787.0,-893.0
2019-07-19,13,drift52,82878.5,83787.0,-908.5
2019-07-19,13,seasonal_naive,83364.0,83787.0,-423.0
2019-07-19,13,seasonal_delta,83302.0,83787.0,-485.0
2019-07-19,13,ets,83862.19307531614,83787.0,75.19307531614322
2019-07-19,26,naive,82894.0,83167.0,-273.0
2019-07-19,26,drift52,82863.0,83167.0,-304.0
2019-07-19,26,seasonal_naive,82460.0,83167.0,-707.0
2019-07-19,26,seasonal_delta,82398.0,83167.0,-769.0
2019-07-19,26,ets,82675.19012139757,83167.0,-491.80987860243476
2019-07-19,52,naive,82894.0,79557.0,3337.0
2019-07-19,52,drift52,82832.0,79557.0,3275.0
2019-07-19,52,seasonal_naive,82894.0,79557.0,3337.0
2019-07-19,52,seasonal_delta,82832.0,79557.0,3275.0
2019-07-19,52,ets,83188.35223874696,79557.0,3631.3522387469566
2019-07-26,13,naive,83042.0,83795.0,-753.0
2019-07-26,13,drift52,83060.75,83795.0,-734.25
2019-07-26,13,seasonal_naive,83309.0,83795.0,-486.0
2019-07-26,13,seasonal_delta,83384.0,83795.0,-411.0
2019-07-26,13,ets,83858.07665485548,83795.0,63.07665485548205
2019-07-26,26,naive,83042.0,83201.0,-159.0
2019-07-26,26,drift52,83079.5,83201.0,-121.5
2019-07-26,26,seasonal_naive,82472.0,83201.0,-729.0
2019-07-26,26,seasonal_delta,82547.0,83201.0,-654.0
2019-07-26,26,ets,82909.10290207679,83201.0,-291.8970979232108
2019-07-26,52,naive,83042.0,79620.0,3422.0
2019-07-26,52,drift52,83117.0,79620.0,3497.0
2019-07-26,52,seasonal_naive,83042.0,79620.0,3422.0
2019-07-26,52,seasonal_delta,83117.0,79620.0,3497.0
2019-07-26,52,ets,83196.58279747474,79620.0,3576.582797474737
2019-08-02,13,naive,83007.0,83665.0,-658.0
2019-08-02,13,drift52,83004.5,83665.0,-660.5
2019-08-02,13,seasonal_naive,83169.0,83665.0,-496.0
2019-08-02,13,seasonal_delta,83159.0,83665.0,-506.0
2019-08-02,13,ets,83842.10808850563,83665.0,177.10808850562898
2019-08-02,26,naive,83007.0,83329.0,-322.0
2019-08-02,26,drift52,83002.0,83329.0,-327.0
2019-08-02,26,seasonal_naive,82507.0,83329.0,-822.0
2019-08-02,26,seasonal_delta,82497.0,83329.0,-832.0
2019-08-02,26,ets,83102.42259025115,83329.0,-226.57740974884655
2019-08-02,52,naive,83007.0,79643.0,3364.0
2019-08-02,52,drift52,82997.0,79643.0,3354.0
2019-08-02,52,seasonal_naive,83007.0,79643.0,3364.0
2019-08-02,52,seasonal_delta,82997.0,79643.0,3354.0
2019-08-02,52,ets,83293.17612133098,79643.0,3650.17612133098
2019-08-09,13,naive,83119.0,83617.0,-498.0
2019-08-09,13,drift52,83121.25,83617.0,-495.75
2019-08-09,13,seasonal_naive,83190.0,83617.0,-427.0
2019-08-09,13,seasonal_delta,83199.0,83617.0,-418.0
2019-08-09,13,ets,83546.13367332633,83617.0,-70.86632667366939
2019-08-09,26,naive,83119.0,83497.0,-378.0
2019-08-09,26,drift52,83123.5,83497.0,-373.5
2019-08-09,26,seasonal_naive,82549.0,83497.0,-948.0
2019-08-09,26,seasonal_delta,82558.0,83497.0,-939.0
2019-08-09,26,ets,82931.08595329199,83497.0,-565.9140467080142
2019-08-09,52,naive,83119.0,79564.0,3555.0
2019-08-09,52,drift52,83128.0,79564.0,3564.0
2019-08-09,52,seasonal_naive,83119.0,79564.0,3555.0
2019-08-09,52,seasonal_delta,83128.0,79564.0,3564.0
2019-08-09,52,ets,83067.73447260019,79564.0,3503.73447260019
2019-08-16,13,naive,83136.0,83599.0,-463.0
2019-08-16,13,drift52,83128.75,83599.0,-470.25
2019-08-16,13,seasonal_naive,83163.0,83599.0,-436.0
2019-08-16,13,seasonal_delta,83134.0,83599.0,-465.0
2019-08-16,13,ets,83523.62320324019,83599.0,-75.37679675981053
2019-08-16,26,naive,83136.0,83626.0,-490.0
2019-08-16,26,drift52,83121.5,83626.0,-504.5
2019-08-16,26,seasonal_naive,82567.0,83626.0,-1059.0
2019-08-16,26,seasonal_delta,82538.0,83626.0,-1088.0
2019-08-16,26,ets,82948.24725771612,83626.0,-677.7527422838757
2019-08-16,52,naive,83136.0,79531.0,3605.0
2019-08-16,52,drift52,83107.0,79531.0,3576.0
2019-08-16,52,seasonal_naive,83136.0,79531.0,3605.0
2019-08-16,52,seasonal_delta,83107.0,79531.0,3576.0
2019-08-16,52,ets,83064.82012775117,79531.0,3533.820127751169
2019-08-23,13,naive,83116.0,83482.0,-366.0
2019-08-23,13,drift52,83129.0,83482.0,-353.0
2019-08-23,13,seasonal_naive,83159.0,83482.0,-323.0
2019-08-23,13,seasonal_delta,83211.0,83482.0,-271.0
2019-08-23,13,ets,83458.76085486829,83482.0,-23.239145131708938
2019-08-23,26,naive,83116.0,83695.0,-579.0
2019-08-23,26,drift52,83142.0,83695.0,-553.0
2019-08-23,26,seasonal_naive,82525.0,83695.0,-1170.0
2019-08-23,26,seasonal_delta,82577.0,83695.0,-1118.0
2019-08-23,26,ets,82991.80552125086,83695.0,-703.1944787491375
2019-08-23,52,naive,83116.0,79493.0,3623.0
2019-08-23,52,drift52,83168.0,79493.0,3675.0
2019-08-23,52,seasonal_naive,83116.0,79493.0,3623.0
2019-08-23,52,seasonal_delta,83168.0,79493.0,3675.0
2019-08-23,52,ets,83015.14315526174,79493.0,3522.1431552617432
2019-08-30,13,naive,83175.0,83516.0,-341.0
2019-08-30,13,drift52,83205.75,83516.0,-310.25
2019-08-30,13,seasonal_naive,83146.0,83516.0,-370.0
2019-08-30,13,seasonal_delta,83269.0,83516.0,-247.0
2019-08-30,13,ets,83362.98316488996,83516.0,-153.01683511004376
2019-08-30,26,naive,83175.0,83868.0,-693.0
2019-08-30,26,drift52,83236.5,83868.0,-631.5
2019-08-30,26,seasonal_naive,82543.0,83868.0,-1325.0
2019-08-30,26,seasonal_delta,82666.0,83868.0,-1202.0
2019-08-30,26,ets,83000.5577820975,83868.0,-867.4422179024987
2019-08-30,52,naive,83175.0,79433.0,3742.0
2019-08-30,52,drift52,83298.0,79433.0,3865.0
2019-08-30,52,seasonal_naive,83175.0,79433.0,3742.0
2019-08-30,52,seasonal_delta,83298.0,79433.0,3865.0
2019-08-30,52,ets,82977.17881508196,79433.0,3544.178815081963
2019-09-06,13,naive,83327.0,83484.0,-157.0
2019-09-06,13,drift52,83378.0,83484.0,-106.0
2019-09-06,13,seasonal_naive,83068.0,83484.0,-416.0
2019-09-06,13,seasonal_delta,83272.0,83484.0,-212.0
2019-09-06,13,ets,83533.84875311406,83484.0,49.84875311405631
2019-09-06,26,naive,83327.0,83957.0,-630.0
2019-09-06,26,drift52,83429.0,83957.0,-528.0
2019-09-06,26,seasonal_naive,82477.0,83957.0,-1480.0
2019-09-06,26,seasonal_delta,82681.0,83957.0,-1276.0
2019-09-06,26,ets,83528.33855168262,83957.0,-428.6614483173762
2019-09-06,52,naive,83327.0,79285.0,4042.0
2019-09-06,52,drift52,83531.0,79285.0,4246.0
2019-09-06,52,seasonal_naive,83327.0,79285.0,4042.0
2019-09-06,52,seasonal_delta,83531.0,79285.0,4246.0
2019-09-06,52,ets,83524.58245342955,79285.0,4239.582453429553
2019-09-13,13,naive,83433.0,83376.0,57.0
2019-09-13,13,drift52,83507.0,83376.0,131.0
2019-09-13,13,seasonal_naive,82964.0,83376.0,-412.0
2019-09-13,13,seasonal_delta,83260.0,83376.0,-116.0
2019-09-13,13,ets,83174.46354365324,83376.0,-201.53645634675922
2019-09-13,26,naive,83433.0,83917.0,-484.0
2019-09-13,26,drift52,83581.0,83917.0,-336.0
2019-09-13,26,seasonal_naive,82486.0,83917.0,-1431.0
2019-09-13,26,seasonal_delta,82782.0,83917.0,-1135.0
2019-09-13,26,ets,83526.67669278594,83917.0,-390.3233072140574
2019-09-13,52,naive,83433.0,79263.0,4170.0
2019-09-13,52,drift52,83729.0,79263.0,4466.0
2019-09-13,52,seasonal_naive,83433.0,79263.0,4170.0
2019-09-13,52,seasonal_delta,83729.0,79263.0,4466.0
2019-09-13,52,ets,83601.91547075292,79263.0,4338.915470752923
2019-09-20,13,naive,83596.0,83353.0,243.0
2019-09-20,13,drift52,83705.75,83353.0,352.75
2019-09-20,13,seasonal_naive,82764.0,83353.0,-589.0
2019-09-20,13,seasonal_delta,83203.0,83353.0,-150.0
2019-09-20,13,ets,82715.8161018139,83353.0,-637.1838981860928
2019-09-20,26,naive,83596.0,83709.0,-113.0
2019-09-20,26,drift52,83815.5,83709.0,106.5
2019-09-20,26,seasonal_naive,82521.0,83709.0,-1188.0
2019-09-20,26,seasonal_delta,82960.0,83709.0,-749.0
2019-09-20,26,ets,83467.96688362295,83709.0,-241.0331163770461
2019-09-20,52,naive,83596.0,79185.0,4411.0
2019-09-20,52,drift52,84035.0,79185.0,4850.0
2019-09-20,52,seasonal_naive,83596.0,79185.0,4411.0
2019-09-20,52,seasonal_delta,84035.0,79185.0,4850.0
2019-09-20,52,ets,83751.7714933283,79185.0,4566.771493328299
2019-09-27,13,naive,83766.0,83023.0,743.0
2019-09-27,13,drift52,83954.0,83023.0,931.0
2019-09-27,13,seasonal_naive,82384.0,83023.0,-639.0
2019-09-27,13,seasonal_delta,83136.0,83023.0,113.0
2019-09-27,13,ets,82380.18484676539,83023.0,-642.8151532346092
2019-09-27,26,naive,83766.0,83189.0,577.0
2019-09-27,26,drift52,84142.0,83189.0,953.0
2019-09-27,26,seasonal_naive,82643.0,83189.0,-546.0
2019-09-27,26,seasonal_delta,83395.0,83189.0,206.0
2019-09-27,26,ets,83344.86401017092,83189.0,155.86401017091703
2019-09-27,52,naive,83766.0,79263.0,4503.0
2019-09-27,52,drift52,84518.0,79263.0,5255.0
2019-09-27,52,seasonal_naive,83766.0,79263.0,4503.0
2019-09-27,52,seasonal_delta,84518.0,79263.0,5255.0
2019-09-27,52,ets,83853.83908431017,79263.0,4590.839084310166
2019-10-04,13,naive,83801.0,82784.0,1017.0
2019-10-04,13,drift52,83954.75,82784.0,1170.75
2019-10-04,13,seasonal_naive,82202.0,82784.0,-582.0
2019-10-04,13,seasonal_delta,82817.0,82784.0,33.0
2019-10-04,13,ets,82393.37944924904,82784.0,-390.6205507509585
2019-10-04,26,naive,83801.0,82589.0,1212.0
2019-10-04,26,drift52,84108.5,82589.0,1519.5
2019-10-04,26,seasonal_naive,82706.0,82589.0,117.0
2019-10-04,26,seasonal_delta,83321.0,82589.0,732.0
2019-10-04,26,ets,83254.26423188698,82589.0,665.2642318869766
2019-10-04,52,naive,83801.0,79245.0,4556.0
2019-10-04,52,drift52,84416.0,79245.0,5171.0
2019-10-04,52,seasonal_naive,83801.0,79245.0,4556.0
2019-10-04,52,seasonal_delta,84416.0,79245.0,5171.0
2019-10-04,52,ets,83851.97975461974,79245.0,4606.979754619737
2019-10-11,13,naive,83772.0,82954.0,818.0
2019-10-11,13,drift52,83907.0,82954.0,953.0
2019-10-11,13,seasonal_naive,82321.0,82954.0,-633.0
2019-10-11,13,seasonal_delta,82861.0,82954.0,-93.0
2019-10-11,13,ets,82644.1403097678,82954.0,-309.8596902322024
2019-10-11,52,naive,83772.0,79187.0,4585.0
2019-10-11,52,drift52,84312.0,79187.0,5125.0
2019-10-11,52,seasonal_naive,83772.0,79187.0,4585.0
2019-10-11,52,seasonal_delta,84312.0,79187.0,5125.0
2019-10-11,52,ets,83898.88799041488,79187.0,4711.887990414878
2019-10-18,13,naive,83787.0,83167.0,620.0
2019-10-18,13,drift52,83892.75,83167.0,725.75
2019-10-18,13,seasonal_naive,82460.0,83167.0,-707.0
2019-10-18,13,seasonal_delta,82883.0,83167.0,-284.0
2019-10-18,13,ets,82810.3530873228,83167.0,-356.646912677199
2019-10-18,26,naive,83787.0,81454.0,2333.0
2019-10-18,26,drift52,83998.5,81454.0,2544.5
2019-10-18,26,seasonal_naive,82653.5,81454.0,1199.5
2019-10-18,26,seasonal_delta,83076.5,81454.0,1622.5
2019-10-18,26,ets,83143.24661890202,81454.0,1689.2466189020197
2019-10-18,52,naive,83787.0,79175.0,4612.0
2019-10-18,52,drift52,84210.0,79175.0,5035.0
2019-10-18,52,seasonal_naive,83787.0,79175.0,4612.0
2019-10-18,52,seasonal_delta,84210.0,79175.0,5035.0
2019-10-18,52,ets,83971.38342208728,79175.0,4796.383422087281
2019-10-25,13,naive,83795.0,83201.0,594.0
2019-10-25,13,drift52,83916.5,83201.0,715.5
2019-10-25,13,seasonal_naive,82472.0,83201.0,-729.0
2019-10-25,13,seasonal_delta,82958.0,83201.0,-243.0
2019-10-25,13,ets,83018.77969147169,83201.0,-182.22030852831085
2019-10-25,26,naive,83795.0,81124.0,2671.0
2019-10-25,26,drift52,84038.0,81124.0,2914.0
2019-10-25,26,seasonal_naive,82538.0,81124.0,1414.0
2019-10-25,26,seasonal_delta,83024.0,81124.0,1900.0
2019-10-25,26,ets,83156.25519685971,81124.0,2032.2551968597108
2019-10-25,52,naive,83795.0,79164.0,4631.0
2019-10-25,52,drift52,84281.0,79164.0,5117.0
2019-10-25,52,seasonal_naive,83795.0,79164.0,4631.0
2019-10-25,52,seasonal_delta,84281.0,79164.0,5117.0
2019-10-25,52,ets,83960.27753524526,79164.0,4796.277535245259
2019-11-01,13,naive,83665.0,83329.0,336.0
2019-11-01,13,drift52,83789.0,83329.0,460.0
2019-11-01,13,seasonal_naive,82507.0,83329.0,-822.0
2019-11-01,13,seasonal_delta,83003.0,83329.0,-326.0
2019-11-01,13,ets,82775.7557487206,83329.0,-553.2442512793932
2019-11-01,26,naive,83665.0,80827.0,2838.0
2019-11-01,26,drift52,83913.0,80827.0,3086.0
2019-11-01,26,seasonal_naive,82649.0,80827.0,1822.0
2019-11-01,26,seasonal_delta,83145.0,80827.0,2318.0
2019-11-01,26,ets,82622.20536896755,80827.0,1795.2053689675522
2019-11-01,52,naive,83665.0,79083.0,4582.0
2019-11-01,52,drift52,84161.0,79083.0,5078.0
2019-11-01,52,seasonal_naive,83665.0,79083.0,4582.0
2019-11-01,52,seasonal_delta,84161.0,79083.0,5078.0
2019-11-01,52,ets,83496.98325213001,79083.0,4413.983252130012
2019-11-08,13,naive,83617.0,83497.0,120.0
2019-11-08,13,drift52,83723.75,83497.0,226.75
2019-11-08,13,seasonal_naive,82549.0,83497.0,-948.0
2019-11-08,13,seasonal_delta,82976.0,83497.0,-521.0
2019-11-08,13,ets,82920.63584000444,83497.0,-576.364159995559
2019-11-08,52,naive,83617.0,78988.0,4629.0
2019-11-08,52,drift52,84044.0,78988.0,5056.0
2019-11-08,52,seasonal_naive,83617.0,78988.0,4629.0
2019-11-08,52,seasonal_delta,84044.0,78988.0,5056.0
2019-11-08,52,ets,83512.30862080348,78988.0,4524.30862080348
2019-11-15,13,naive,83599.0,83626.0,-27.0
2019-11-15,13,drift52,83708.0,83626.0,82.0
2019-11-15,13,seasonal_naive,82567.0,83626.0,-1059.0
2019-11-15,13,seasonal_delta,83003.0,83626.0,-623.0
2019-11-15,13,ets,82946.72519720293,83626.0,-679.2748027970665
2019-11-15,26,naive,83599.0,80422.0,3177.0
2019-11-15,26,drift52,83817.0,80422.0,3395.0
2019-11-15,26,seasonal_naive,82560.0,80422.0,2138.0
2019-11-15,26,seasonal_delta,82996.0,80422.0,2574.0
2019-11-15,26,ets,82721.12974205479,80422.0,2299.1297420547926
2019-11-15,52,naive,83599.0,78977.0,4622.0
2019-11-15,52,drift52,84035.0,78977.0,5058.0
2019-11-15,52,seasonal_naive,83599.0,78977.0,4622.0
2019-11-15,52,seasonal_delta,84035.0,78977.0,5058.0
2019-11-15,52,ets,83484.70472396193,78977.0,4507.704723961928
2019-11-22,13,naive,83482.0,83695.0,-213.0
2019-11-22,13,drift52,83562.75,83695.0,-132.25
2019-11-22,13,seasonal_naive,82525.0,83695.0,-1170.0
2019-11-22,13,seasonal_delta,82848.0,83695.0,-847.0
2019-11-22,13,ets,82980.67450694036,83695.0,-714.3254930596449
2019-11-22,26,naive,83482.0,80180.0,3302.0
2019-11-22,26,drift52,83643.5,80180.0,3463.5
2019-11-22,26,seasonal_naive,82707.0,80180.0,2527.0
2019-11-22,26,seasonal_delta,83030.0,80180.0,2850.0
2019-11-22,26,ets,82678.9318808368,80180.0,2498.931880836797
2019-11-22,52,naive,83482.0,78838.0,4644.0
2019-11-22,52,drift52,83805.0,78838.0,4967.0
2019-11-22,52,seasonal_naive,83482.0,78838.0,4644.0
2019-11-22,52,seasonal_delta,83805.0,78838.0,4967.0
2019-11-22,52,ets,83425.42751416874,78838.0,4587.427514168739
2019-11-29,13,naive,83516.0,83868.0,-352.0
2019-11-29,13,drift52,83608.5,83868.0,-259.5
2019-11-29,13,seasonal_naive,82543.0,83868.0,-1325.0
2019-11-29,13,seasonal_delta,82913.0,83868.0,-955.0
2019-11-29,13,ets,83297.40625300509,83868.0,-570.5937469949131
2019-11-29,26,naive,83516.0,80032.0,3484.0
2019-11-29,26,drift52,83701.0,80032.0,3669.0
2019-11-29,26,seasonal_naive,82617.0,80032.0,2585.0
2019-11-29,26,seasonal_delta,82987.0,80032.0,2955.0
2019-11-29,26,ets,82923.11186766949,80032.0,2891.1118676694896
2019-11-29,52,naive,83516.0,78832.0,4684.0
2019-11-29,52,drift52,83886.0,78832.0,5054.0
2019-11-29,52,seasonal_naive,83516.0,78832.0,4684.0
2019-11-29,52,seasonal_delta,83886.0,78832.0,5054.0
2019-11-29,52,ets,83632.52027047666,78832.0,4800.520270476656
2019-12-06,13,naive,83484.0,83957.0,-473.0
2019-12-06,13,drift52,83588.0,83957.0,-369.0
2019-12-06,13,seasonal_naive,82477.0,83957.0,-1480.0
2019-12-06,13,seasonal_delta,82893.0,83957.0,-1064.0
2019-12-06,13,ets,83300.77931606272,83957.0,-656.2206839372811
2019-12-06,26,naive,83484.0,79878.0,3606.0
2019-12-06,26,drift52,83692.0,79878.0,3814.0
2019-12-06,26,seasonal_naive,82608.0,79878.0,2730.0
2019-12-06,26,seasonal_delta,83024.0,79878.0,3146.0
2019-12-06,26,ets,82920.6140707272,79878.0,3042.614070727199
2019-12-06,52,naive,83484.0,78878.0,4606.0
2019-12-06,52,drift52,83900.0,78878.0,5022.0
2019-12-06,52,seasonal_naive,83484.0,78878.0,4606.0
2019-12-06,52,seasonal_delta,83900.0,78878.0,5022.0
2019-12-06,52,ets,83410.02654331461,78878.0,4532.026543314612
2019-12-13,13,naive,83376.0,83917.0,-541.0
2019-12-13,13,drift52,83479.0,83917.0,-438.0
2019-12-13,13,seasonal_naive,82486.0,83917.0,-1431.0
2019-12-13,13,seasonal_delta,82898.0,83917.0,-1019.0
2019-12-13,13,ets,83297.56826613605,83917.0,-619.4317338639521
2019-12-13,26,naive,83376.0,79713.0,3663.0
2019-12-13,26,drift52,83582.0,79713.0,3869.0
2019-12-13,26,seasonal_naive,82700.0,79713.0,2987.0
2019-12-13,26,seasonal_delta,83112.0,79713.0,3399.0
2019-12-13,26,ets,82901.58501240982,79713.0,3188.5850124098215
2019-12-13,52,naive,83376.0,78722.0,4654.0
2019-12-13,52,drift52,83788.0,78722.0,5066.0
2019-12-13,52,seasonal_naive,83376.0,78722.0,4654.0
2019-12-13,52,seasonal_delta,83788.0,78722.0,5066.0
2019-12-13,52,ets,83021.4425983266,78722.0,4299.442598326597
2019-12-20,13,naive,83353.0,83709.0,-356.0
2019-12-20,13,drift52,83500.25,83709.0,-208.75
2019-12-20,13,seasonal_naive,82521.0,83709.0,-1188.0
2019-12-20,13,seasonal_delta,83110.0,83709.0,-599.0
2019-12-20,13,ets,83256.47715514193,83709.0,-452.5228448580747
2019-12-20,26,naive,83353.0,79605.0,3748.0
2019-12-20,26,drift52,83647.5,79605.0,4042.5
2019-12-20,26,seasonal_naive,82683.0,79605.0,3078.0
2019-12-20,26,seasonal_delta,83272.0,79605.0,3667.0
2019-12-20,26,ets,82961.21834118721,79605.0,3356.21834118721
2019-12-20,52,naive,83353.0,78700.0,4653.0
2019-12-20,52,drift52,83942.0,78700.0,5242.0
2019-12-20,52,seasonal_naive,83353.0,78700.0,4653.0
2019-12-20,52,seasonal_delta,83942.0,78700.0,5242.0
2019-12-20,52,ets,82524.3740699114,78700.0,3824.3740699113987
2019-12-27,13,naive,83023.0,83189.0,-166.0
2019-12-27,13,drift52,83182.75,83189.0,-6.25
2019-12-27,13,seasonal_naive,82643.0,83189.0,-546.0
2019-12-27,13,seasonal_delta,83282.0,83189.0,93.0
2019-12-27,13,ets,84485.62616841278,83189.0,1296.6261684127821
2019-12-27,26,naive,83023.0,79453.0,3570.0
2019-12-27,26,drift52,83342.5,79453.0,3889.5
2019-12-27,26,seasonal_naive,82676.0,79453.0,3223.0
2019-12-27,26,seasonal_delta,83315.0,79453.0,3862.0
2019-12-27,26,ets,84380.2635865629,79453.0,4927.263586562898
2020-01-03,13,naive,82784.0,82589.0,195.0
2020-01-03,13,drift52,82929.5,82589.0,340.5
2020-01-03,13,seasonal_naive,82706.0,82589.0,117.0
2020-01-03,13,seasonal_delta,83288.0,82589.0,699.0
2020-01-03,13,ets,84468.74939990991,82589.0,1879.7493999099097
2020-01-03,26,naive,82784.0,79522.0,3262.0
2020-01-03,26,drift52,83075.0,79522.0,3553.0
2020-01-03,26,seasonal_naive,82819.0,79522.0,3297.0
2020-01-03,26,seasonal_delta,83401.0,79522.0,3879.0
2020-01-03,26,ets,84464.885215882,79522.0,4942.885215881994
2020-01-10,26,naive,82954.0,79537.0,3417.0
2020-01-10,26,drift52,83270.5,79537.0,3733.5
2020-01-10,26,seasonal_naive,82962.0,79537.0,3425.0
2020-01-10,26,seasonal_delta,83595.0,79537.0,4058.0
2020-01-10,26,ets,84477.6522538319,79537.0,4940.652253831897
2020-01-10,52,naive,82954.0,78029.0,4925.0
2020-01-10,52,drift52,83587.0,78029.0,5558.0
2020-01-10,52,seasonal_naive,82954.0,78029.0,4925.0
2020-01-10,52,seasonal_delta,83587.0,78029.0,5558.0
2020-01-10,52,ets,83873.39664979116,78029.0,5844.396649791161
2020-01-17,13,naive,83167.0,81454.0,1713.0
2020-01-17,13,drift52,83343.75,81454.0,1889.75
2020-01-17,13,seasonal_naive,82653.5,81454.0,1199.5
2020-01-17,13,seasonal_delta,83360.5,81454.0,1906.5
2020-01-17,13,ets,84356.59757970608,81454.0,2902.597579706082
2020-01-17,26,naive,83167.0,79557.0,3610.0
2020-01-17,26,drift52,83520.5,79557.0,3963.5
2020-01-17,26,seasonal_naive,82894.0,79557.0,3337.0
2020-01-17,26,seasonal_delta,83601.0,79557.0,4044.0
2020-01-17,26,ets,84517.88987799932,79557.0,4960.889877999318
2020-01-17,52,naive,83167.0,78032.0,5135.0
2020-01-17,52,drift52,83874.0,78032.0,5842.0
2020-01-17,52,seasonal_naive,83167.0,78032.0,5135.0
2020-01-17,52,seasonal_delta,83874.0,78032.0,5842.0
2020-01-17,52,ets,84039.20866478726,78032.0,6007.208664787264
2020-01-24,13,naive,83201.0,81124.0,2077.0
2020-01-24,13,drift52,83383.25,81124.0,2259.25
2020-01-24,13,seasonal_naive,82538.0,81124.0,1414.0
2020-01-24,13,seasonal_delta,83267.0,81124.0,2143.0
2020-01-24,13,ets,83126.42202327147,81124.0,2002.4220232714724
2020-01-24,26,naive,83201.0,79620.0,3581.0
2020-01-24,26,drift52,83565.5,79620.0,3945.5
2020-01-24,26,seasonal_naive,83042.0,79620.0,3422.0
2020-01-24,26,seasonal_delta,83771.0,79620.0,4151.0
2020-01-24,26,ets,83285.32213576359,79620.0,3665.322135763592
2020-01-24,52,naive,83201.0,78030.0,5171.0
2020-01-24,52,drift52,83930.0,78030.0,5900.0
2020-01-24,52,seasonal_naive,83201.0,78030.0,5171.0
2020-01-24,52,seasonal_delta,83930.0,78030.0,5900.0
2020-01-24,52,ets,82962.31578892522,78030.0,4932.315788925218
2020-01-31,13,naive,83329.0,80827.0,2502.0
2020-01-31,13,drift52,83534.5,80827.0,2707.5
2020-01-31,13,seasonal_naive,82649.0,80827.0,1822.0
2020-01-31,13,seasonal_delta,83471.0,80827.0,2644.0
2020-01-31,13,ets,83075.60203750273,80827.0,2248.602037502729
2020-01-31,26,naive,83329.0,79643.0,3686.0
2020-01-31,26,drift52,83740.0,79643.0,4097.0
2020-01-31,26,seasonal_naive,83007.0,79643.0,3364.0
2020-01-31,26,seasonal_delta,83829.0,79643.0,4186.0
2020-01-31,26,ets,83380.36422132858,79643.0,3737.3642213285784
2020-01-31,52,naive,83329.0,78065.0,5264.0
2020-01-31,52,drift52,84151.0,78065.0,6086.0
2020-01-31,52,seasonal_naive,83329.0,78065.0,5264.0
2020-01-31,52,seasonal_delta,84151.0,78065.0,6086.0
2020-01-31,52,ets,83141.5087539495,78065.0,5076.5087539495
2020-02-07,26,naive,83497.0,79564.0,3933.0
2020-02-07,26,drift52,83971.0,79564.0,4407.0
2020-02-07,26,seasonal_naive,83119.0,79564.0,3555.0
2020-02-07,26,seasonal_delta,84067.0,79564.0,4503.0
2020-02-07,26,ets,83493.54361025861,79564.0,3929.54361025861
2020-02-07,52,naive,83497.0,78114.0,5383.0
2020-02-07,52,drift52,84445.0,78114.0,6331.0
2020-02-07,52,seasonal_naive,83497.0,78114.0,5383.0
2020-02-07,52,seasonal_delta,84445.0,78114.0,6331.0
2020-02-07,52,ets,83292.08872976442,78114.0,5178.088729764422
2020-02-14,13,naive,83626.0,80422.0,3204.0
2020-02-14,13,drift52,83890.75,80422.0,3468.75
2020-02-14,13,seasonal_naive,82560.0,80422.0,2138.0
2020-02-14,13,seasonal_delta,83619.0,80422.0,3197.0
2020-02-14,13,ets,83136.06965126512,80422.0,2714.0696512651193
2020-02-14,26,naive,83626.0,79531.0,4095.0
2020-02-14,26,drift52,84155.5,79531.0,4624.5
2020-02-14,26,seasonal_naive,83136.0,79531.0,3605.0
2020-02-14,26,seasonal_delta,84195.0,79531.0,4664.0
2020-02-14,26,ets,83463.61099703437,79531.0,3932.6109970343678
2020-02-14,52,naive,83626.0,78118.0,5508.0
2020-02-14,52,drift52,84685.0,78118.0,6567.0
2020-02-14,52,seasonal_naive,83626.0,78118.0,5508.0
2020-02-14,52,seasonal_delta,84685.0,78118.0,6567.0
2020-02-14,52,ets,83338.87253896531,78118.0,5220.872538965312
2020-02-21,13,naive,83695.0,80180.0,3515.0
2020-02-21,13,drift52,83987.5,80180.0,3807.5
2020-02-21,13,seasonal_naive,82707.0,80180.0,2527.0
2020-02-21,13,seasonal_delta,83877.0,80180.0,3697.0
2020-02-21,13,ets,83441.02211820199,80180.0,3261.0221182019886
2020-02-21,26,naive,83695.0,79493.0,4202.0
2020-02-21,26,drift52,84280.0,79493.0,4787.0
2020-02-21,26,seasonal_naive,83116.0,79493.0,3623.0
2020-02-21,26,seasonal_delta,84286.0,79493.0,4793.0
2020-02-21,26,ets,83742.03335755132,79493.0,4249.033357551321
2020-02-21,52,naive,83695.0,77992.0,5703.0
2020-02-21,52,drift52,84865.0,77992.0,6873.0
2020-02-21,52,seasonal_naive,83695.0,77992.0,5703.0
2020-02-21,52,seasonal_delta,84865.0,77992.0,6873.0
2020-02-21,52,ets,83740.29382757282,77992.0,5748.293827572823
2020-02-28,13,naive,83868.0,80032.0,3836.0
2020-02-28,13,drift52,84199.25,80032.0,4167.25
2020-02-28,13,seasonal_naive,82617.0,80032.0,2585.0
2020-02-28,13,seasonal_delta,83942.0,80032.0,3910.0
2020-02-28,13,ets,83359.02196915507,80032.0,3327.0219691550737
2020-02-28,26,naive,83868.0,79433.0,4435.0
2020-02-28,26,drift52,84530.5,79433.0,5097.5
2020-02-28,26,seasonal_naive,83175.0,79433.0,3742.0
2020-02-28,26,seasonal_delta,84500.0,79433.0,5067.0
2020-02-28,26,ets,83705.54607007164,79433.0,4272.546070071636
2020-02-28,52,naive,83868.0,78015.0,5853.0
2020-02-28,52,drift52,85193.0,78015.0,7178.0
2020-02-28,52,seasonal_naive,83868.0,78015.0,5853.0
2020-02-28,52,seasonal_delta,85193.0,78015.0,7178.0
2020-02-28,52,ets,83767.9602482323,78015.0,5752.960248232295
2020-03-06,13,naive,83957.0,79878.0,4079.0
2020-03-06,13,drift52,84327.0,79878.0,4449.0
2020-03-06,13,seasonal_naive,82608.0,79878.0,2730.0
2020-03-06,13,seasonal_delta,84088.0,79878.0,4210.0
2020-03-06,13,ets,83368.3592150371,79878.0,3490.359215037097
2020-03-06,26,naive,83957.0,79285.0,4672.0
2020-03-06,26,drift52,84697.0,79285.0,5412.0
2020-03-06,26,seasonal_naive,83327.0,79285.0,4042.0
2020-03-06,26,seasonal_delta,84807.0,79285.0,5522.0
2020-03-06,26,ets,83780.82984078593,79285.0,4495.829840785926
2020-03-06,52,naive,83957.0,78037.0,5920.0
2020-03-06,52,drift52,85437.0,78037.0,7400.0
2020-03-06,52,seasonal_naive,83957.0,78037.0,5920.0
2020-03-06,52,seasonal_delta,85437.0,78037.0,7400.0
2020-03-06,52,ets,83772.56235863995,78037.0,5735.562358639945
2020-03-13,13,naive,83917.0,79713.0,4204.0
2020-03-13,13,drift52,84274.75,79713.0,4561.75
2020-03-13,13,seasonal_naive,82700.0,79713.0,2987.0
2020-03-13,13,seasonal_delta,84131.0,79713.0,4418.0
2020-03-13,13,ets,83360.29195937492,79713.0,3647.2919593749248
2020-03-13,26,naive,83917.0,79263.0,4654.0
2020-03-13,26,drift52,84632.5,79263.0,5369.5
2020-03-13,26,seasonal_naive,83433.0,79263.0,4170.0
2020-03-13,26,seasonal_delta,84864.0,79263.0,5601.0
2020-03-13,26,ets,83860.21184608742,79263.0,4597.211846087419
2020-03-13,52,naive,83917.0,78044.0,5873.0
2020-03-13,52,drift52,85348.0,78044.0,7304.0
2020-03-13,52,seasonal_naive,83917.0,78044.0,5873.0
2020-03-13,52,seasonal_delta,85348.0,78044.0,7304.0
2020-03-13,52,ets,83766.51003145293,78044.0,5722.510031452926
2020-03-20,13,naive,83709.0,79605.0,4104.0
2020-03-20,13,drift52,84006.0,79605.0,4401.0
2020-03-20,13,seasonal_naive,82683.0,79605.0,3078.0
2020-03-20,13,seasonal_delta,83871.0,79605.0,4266.0
2020-03-20,13,ets,83264.25162306575,79605.0,3659.2516230657493
2020-03-20,26,naive,83709.0,79185.0,4524.0
2020-03-20,26,drift52,84303.0,79185.0,5118.0
2020-03-20,26,seasonal_naive,83596.0,79185.0,4411.0
2020-03-20,26,seasonal_delta,84784.0,79185.0,5599.0
2020-03-20,26,ets,83847.2974678959,79185.0,4662.2974678959
2020-03-20,52,naive,83709.0,78081.0,5628.0
2020-03-20,52,drift52,84897.0,78081.0,6816.0
2020-03-20,52,seasonal_naive,83709.0,78081.0,5628.0
2020-03-20,52,seasonal_delta,84897.0,78081.0,6816.0
2020-03-20,52,ets,83556.60619947057,78081.0,5475.606199470567
2020-03-27,13,naive,83189.0,79453.0,3736.0
2020-03-27,13,drift52,83325.5,79453.0,3872.5
2020-03-27,13,seasonal_naive,82676.0,79453.0,3223.0
2020-03-27,13,seasonal_delta,83222.0,79453.0,3769.0
2020-03-27,13,ets,83316.13524188813,79453.0,3863.135241888129
2020-03-27,26,naive,83189.0,79263.0,3926.0
2020-03-27,26,drift52,83462.0,79263.0,4199.0
2020-03-27,26,seasonal_naive,83766.0,79263.0,4503.0
2020-03-27,26,seasonal_delta,84312.0,79263.0,5049.0
2020-03-27,26,ets,83954.89016504932,79263.0,4691.890165049321
2020-03-27,52,naive,83189.0,78081.0,5108.0
2020-03-27,52,drift52,83735.0,78081.0,5654.0
2020-03-27,52,seasonal_naive,83189.0,78081.0,5108.0
2020-03-27,52,seasonal_delta,83735.0,78081.0,5654.0
2020-03-27,52,ets,83440.15225373543,78081.0,5359.152253735432
2020-04-03,13,naive,82589.0,79522.0,3067.0
2020-04-03,13,drift52,82559.75,79522.0,3037.75
2020-04-03,13,seasonal_naive,82819.0,79522.0,3297.0
2020-04-03,13,seasonal_delta,82702.0,79522.0,3180.0
2020-04-03,13,ets,83401.96735113654,79522.0,3879.96735113654
2020-04-03,26,naive,82589.0,79245.0,3344.0
2020-04-03,26,drift52,82530.5,79245.0,3285.5
2020-04-03,26,seasonal_naive,83801.0,79245.0,4556.0
2020-04-03,26,seasonal_delta,83684.0,79245.0,4439.0
2020-04-03,26,ets,84014.11710964412,79245.0,4769.117109644125
2020-04-17,13,naive,81454.0,79557.0,1897.0
2020-04-17,13,drift52,81154.125,79557.0,1597.125
2020-04-17,13,seasonal_naive,82894.0,79557.0,3337.0
2020-04-17,13,seasonal_delta,81694.5,79557.0,2137.5
2020-04-17,13,ets,80237.57715401612,79557.0,680.5771540161222
2020-04-17,26,naive,81454.0,79175.0,2279.0
2020-04-17,26,drift52,80854.25,79175.0,1679.25
2020-04-17,26,seasonal_naive,83787.0,79175.0,4612.0
2020-04-17,26,seasonal_delta,82587.5,79175.0,3412.5
2020-04-17,26,ets,80848.96640770652,79175.0,1673.9664077065245
2020-04-17,52,naive,81454.0,77761.0,3693.0
2020-04-17,52,drift52,80254.5,77761.0,2493.5
2020-04-17,52,seasonal_naive,81454.0,77761.0,3693.0
2020-04-17,52,seasonal_delta,80254.5,77761.0,2493.5
2020-04-17,52,ets,79932.95845704516,77761.0,2171.9584570451552
2020-04-24,13,naive,81124.0,79620.0,1504.0
2020-04-24,13,drift52,80770.5,79620.0,1150.5
2020-04-24,13,seasonal_naive,83042.0,79620.0,3422.0
2020-04-24,13,seasonal_delta,81628.0,79620.0,2008.0
2020-04-24,13,ets,80209.43165590474,79620.0,589.4316559047438
2020-04-24,26,naive,81124.0,79164.0,1960.0
2020-04-24,26,drift52,80417.0,79164.0,1253.0
2020-04-24,26,seasonal_naive,83795.0,79164.0,4631.0
2020-04-24,26,seasonal_delta,82381.0,79164.0,3217.0
2020-04-24,26,ets,80854.85896905175,79164.0,1690.8589690517547
2020-04-24,52,naive,81124.0,77738.0,3386.0
2020-04-24,52,drift52,79710.0,77738.0,1972.0
2020-04-24,52,seasonal_naive,81124.0,77738.0,3386.0
2020-04-24,52,seasonal_delta,79710.0,77738.0,1972.0
2020-04-24,52,ets,79910.12456922657,77738.0,2172.1245692265657
2020-05-01,13,naive,80827.0,79643.0,1184.0
2020-05-01,13,drift52,80371.5,79643.0,728.5
2020-05-01,13,seasonal_naive,83007.0,79643.0,3364.0
2020-05-01,13,seasonal_delta,81185.0,79643.0,1542.0
2020-05-01,13,ets,80259.06915659313,79643.0,616.0691565931338
2020-05-01,26,naive,80827.0,79083.0,1744.0
2020-05-01,26,drift52,79916.0,79083.0,833.0
2020-05-01,26,seasonal_naive,83665.0,79083.0,4582.0
2020-05-01,26,seasonal_delta,81843.0,79083.0,2760.0
2020-05-01,26,ets,80810.93579812541,79083.0,1727.9357981254143
2020-05-01,52,naive,80827.0,77859.0,2968.0
2020-05-01,52,drift52,79005.0,77859.0,1146.0
2020-05-01,52,seasonal_naive,80827.0,77859.0,2968.0
2020-05-01,52,seasonal_delta,79005.0,77859.0,1146.0
2020-05-01,52,ets,79860.1875564893,77859.0,2001.187556489298
2020-05-15,13,naive,80422.0,79531.0,891.0
2020-05-15,13,drift52,79887.5,79531.0,356.5
2020-05-15,13,seasonal_naive,83136.0,79531.0,3605.0
2020-05-15,13,seasonal_delta,80998.0,79531.0,1467.0
2020-05-15,13,ets,79937.88673061918,79531.0,406.88673061918234
2020-05-15,26,naive,80422.0,78977.0,1445.0
2020-05-15,26,drift52,79353.0,78977.0,376.0
2020-05-15,26,seasonal_naive,83599.0,78977.0,4622.0
2020-05-15,26,seasonal_delta,81461.0,78977.0,2484.0
2020-05-15,26,ets,80326.12136858712,78977.0,1349.121368587119
2020-05-15,52,naive,80422.0,77916.0,2506.0
2020-05-15,52,drift52,78284.0,77916.0,368.0
2020-05-15,52,seasonal_naive,80422.0,77916.0,2506.0
2020-05-15,52,seasonal_delta,78284.0,77916.0,368.0
2020-05-15,52,ets,79556.59436592403,77916.0,1640.5943659240293
2020-05-22,13,naive,80180.0,79493.0,687.0
2020-05-22,13,drift52,79548.25,79493.0,55.25
2020-05-22,13,seasonal_naive,83116.0,79493.0,3623.0
2020-05-22,13,seasonal_delta,80589.0,79493.0,1096.0
2020-05-22,13,ets,79882.56172143058,79493.0,389.5617214305821
2020-05-22,26,naive,80180.0,78838.0,1342.0
2020-05-22,26,drift52,78916.5,78838.0,78.5
2020-05-22,26,seasonal_naive,83482.0,78838.0,4644.0
2020-05-22,26,seasonal_delta,80955.0,78838.0,2117.0
2020-05-22,26,ets,80238.21857796992,78838.0,1400.2185779699212
2020-05-22,52,naive,80180.0,78049.0,2131.0
2020-05-22,52,drift52,77653.0,78049.0,-396.0
2020-05-22,52,seasonal_naive,80180.0,78049.0,2131.0
2020-05-22,52,seasonal_delta,77653.0,78049.0,-396.0
2020-05-22,52,ets,79537.23652402566,78049.0,1488.2365240256622
2020-05-29,13,naive,80032.0,79433.0,599.0
2020-05-29,13,drift52,79385.75,79433.0,-47.25
2020-05-29,13,seasonal_naive,83175.0,79433.0,3742.0
2020-05-29,13,seasonal_delta,80590.0,79433.0,1157.0
2020-05-29,13,ets,79838.48823877565,79433.0,405.48823877565155
2020-05-29,26,naive,80032.0,78832.0,1200.0
2020-05-29,26,drift52,78739.5,78832.0,-92.5
2020-05-29,26,seasonal_naive,83516.0,78832.0,4684.0
2020-05-29,26,seasonal_delta,80931.0,78832.0,2099.0
2020-05-29,26,ets,80132.49103612007,78832.0,1300.4910361200746
2020-05-29,52,naive,80032.0,78104.0,1928.0
2020-05-29,52,drift52,77447.0,78104.0,-657.0
2020-05-29,52,seasonal_naive,80032.0,78104.0,1928.0
2020-05-29,52,seasonal_delta,77447.0,78104.0,-657.0
2020-05-29,52,ets,79459.74679625533,78104.0,1355.7467962553346
2020-06-05,13,naive,79878.0,79285.0,593.0
2020-06-05,13,drift52,79195.5,79285.0,-89.5
2020-06-05,13,seasonal_naive,83327.0,79285.0,4042.0
2020-06-05,13,seasonal_delta,80597.0,79285.0,1312.0
2020-06-05,13,ets,79898.85183618864,79285.0,613.8518361886381
2020-06-05,26,naive,79878.0,78878.0,1000.0
2020-06-05,26,drift52,78513.0,78878.0,-365.0
2020-06-05,26,seasonal_naive,83484.0,78878.0,4606.0
2020-06-05,26,seasonal_delta,80754.0,78878.0,1876.0
2020-06-05,26,ets,79911.29102345252,78878.0,1033.2910234525189
2020-06-05,52,naive,79878.0,78006.0,1872.0
2020-06-05,52,drift52,77148.0,78006.0,-858.0
2020-06-05,52,seasonal_naive,79878.0,78006.0,1872.0
2020-06-05,52,seasonal_delta,77148.0,78006.0,-858.0
2020-06-05,52,ets,79458.49294301361,78006.0,1452.4929430136108
2020-06-12,13,naive,79713.0,79263.0,450.0
2020-06-12,13,drift52,78966.25,79263.0,-296.75
2020-06-12,13,seasonal_naive,83433.0,79263.0,4170.0
2020-06-12,13,seasonal_delta,80446.0,79263.0,1183.0
2020-06-12,13,ets,79750.08342895714,79263.0,487.08342895713577
2020-06-12,26,naive,79713.0,78722.0,991.0
2020-06-12,26,drift52,78219.5,78722.0,-502.5
2020-06-12,26,seasonal_naive,83376.0,78722.0,4654.0
2020-06-12,26,seasonal_delta,80389.0,78722.0,1667.0
2020-06-12,26,ets,79310.08856773473,78722.0,588.0885677347251
2020-06-12,52,naive,79713.0,78132.0,1581.0
2020-06-12,52,drift52,76726.0,78132.0,-1406.0
2020-06-12,52,seasonal_naive,79713.0,78132.0,1581.0
2020-06-12,52,seasonal_delta,76726.0,78132.0,-1406.0
2020-06-12,52,ets,79225.3816634866,78132.0,1093.3816634865943
2020-06-19,13,naive,79605.0,79185.0,420.0
2020-06-19,13,drift52,78835.5,79185.0,-349.5
2020-06-19,13,seasonal_naive,83596.0,79185.0,4411.0
2020-06-19,13,seasonal_delta,80518.0,79185.0,1333.0
2020-06-19,13,ets,79897.11190729617,79185.0,712.1119072961737
2020-06-19,26,naive,79605.0,78700.0,905.0
2020-06-19,26,drift52,78066.0,78700.0,-634.0
2020-06-19,26,seasonal_naive,83353.0,78700.0,4653.0
2020-06-19,26,seasonal_delta,80275.0,78700.0,1575.0
2020-06-19,26,ets,78867.214677523,78700.0,167.21467752300669
2020-06-19,52,naive,79605.0,78172.0,1433.0
2020-06-19,52,drift52,76527.0,78172.0,-1645.0
2020-06-19,52,seasonal_naive,79605.0,78172.0,1433.0
2020-06-19,52,seasonal_delta,76527.0,78172.0,-1645.0
2020-06-19,52,ets,79294.74772537373,78172.0,1122.7477253737306
2020-06-26,13,naive,79453.0,79263.0,190.0
2020-06-26,13,drift52,78647.25,79263.0,-615.75
2020-06-26,13,seasonal_naive,83766.0,79263.0,4503.0
2020-06-26,13,seasonal_delta,80543.0,79263.0,1280.0
2020-06-26,13,ets,80003.40534562433,79263.0,740.4053456243273
2020-06-26,52,naive,79453.0,78250.0,1203.0
2020-06-26,52,drift52,76230.0,78250.0,-2020.0
2020-06-26,52,seasonal_naive,79453.0,78250.0,1203.0
2020-06-26,52,seasonal_delta,76230.0,78250.0,-2020.0
2020-06-26,52,ets,79325.11585614315,78250.0,1075.1158561431512
2020-07-03,13,naive,79522.0,79245.0,277.0
2020-07-03,13,drift52,78697.75,79245.0,-547.25
2020-07-03,13,seasonal_naive,83801.0,79245.0,4556.0
2020-07-03,13,seasonal_delta,80504.0,79245.0,1259.0
2020-07-03,13,ets,80054.81012017601,79245.0,809.8101201760146
2020-07-03,52,naive,79522.0,78362.0,1160.0
2020-07-03,52,drift52,76225.0,78362.0,-2137.0
2020-07-03,52,seasonal_naive,79522.0,78362.0,1160.0
2020-07-03,52,seasonal_delta,76225.0,78362.0,-2137.0
2020-07-03,52,ets,79392.4967649801,78362.0,1030.4967649800965
2020-07-10,13,naive,79537.0,79187.0,350.0
2020-07-10,13,drift52,78680.75,79187.0,-506.25
2020-07-10,13,seasonal_naive,83772.0,79187.0,4585.0
2020-07-10,13,seasonal_delta,80347.0,79187.0,1160.0
2020-07-10,13,ets,80076.93911213547,79187.0,889.9391121354711
2020-07-10,26,naive,79537.0,78029.0,1508.0
2020-07-10,26,drift52,77824.5,78029.0,-204.5
2020-07-10,26,seasonal_naive,82954.0,78029.0,4925.0
2020-07-10,26,seasonal_delta,79529.0,78029.0,1500.0
2020-07-10,26,ets,78771.427058113,78029.0,742.4270581129967
2020-07-10,52,naive,79537.0,78489.0,1048.0
2020-07-10,52,drift52,76112.0,78489.0,-2377.0
2020-07-10,52,seasonal_naive,79537.0,78489.0,1048.0
2020-07-10,52,seasonal_delta,76112.0,78489.0,-2377.0
2020-07-10,52,ets,79402.3605321394,78489.0,913.3605321393989
2020-07-17,13,naive,79557.0,79175.0,382.0
2020-07-17,13,drift52,78722.75,79175.0,-452.25
2020-07-17,13,seasonal_naive,83787.0,79175.0,4612.0
2020-07-17,13,seasonal_delta,80450.0,79175.0,1275.0
2020-07-17,13,ets,80162.97542006959,79175.0,987.9754200695897
2020-07-17,26,naive,79557.0,78032.0,1525.0
2020-07-17,26,drift52,77888.5,78032.0,-143.5
2020-07-17,26,seasonal_naive,83167.0,78032.0,5135.0
2020-07-17,26,seasonal_delta,79830.0,78032.0,1798.0
2020-07-17,26,ets,78955.50975989815,78032.0,923.509759898152
2020-07-17,52,naive,79557.0,78445.0,1112.0
2020-07-17,52,drift52,76220.0,78445.0,-2225.0
2020-07-17,52,seasonal_naive,79557.0,78445.0,1112.0
2020-07-17,52,seasonal_delta,76220.0,78445.0,-2225.0
2020-07-17,52,ets,79437.63127640521,78445.0,992.6312764052127
2020-07-24,13,naive,79620.0,79164.0,456.0
2020-07-24,13,drift52,78764.5,79164.0,-399.5
2020-07-24,13,seasonal_naive,83795.0,79164.0,4631.0
2020-07-24,13,seasonal_delta,80373.0,79164.0,1209.0
2020-07-24,13,ets,80156.44091102539,79164.0,992.440911025391
2020-07-24,26,naive,79620.0,78030.0,1590.0
2020-07-24,26,drift52,77909.0,78030.0,-121.0
2020-07-24,26,seasonal_naive,83201.0,78030.0,5171.0
2020-07-24,26,seasonal_delta,79779.0,78030.0,1749.0
2020-07-24,26,ets,79161.74691677993,78030.0,1131.7469167799281
2020-07-24,52,naive,79620.0,78353.0,1267.0
2020-07-24,52,drift52,76198.0,78353.0,-2155.0
2020-07-24,52,seasonal_naive,79620.0,78353.0,1267.0
2020-07-24,52,seasonal_delta,76198.0,78353.0,-2155.0
2020-07-24,52,ets,79473.41532289106,78353.0,1120.4153228910582
2020-07-31,13,naive,79643.0,79083.0,560.0
2020-07-31,13,drift52,78802.0,79083.0,-281.0
2020-07-31,13,seasonal_naive,83665.0,79083.0,4582.0
2020-07-31,13,seasonal_delta,80301.0,79083.0,1218.0
2020-07-31,13,ets,80118.36551219478,79083.0,1035.3655121947813
2020-07-31,26,naive,79643.0,78065.0,1578.0
2020-07-31,26,drift52,77961.0,78065.0,-104.0
2020-07-31,26,seasonal_naive,83329.0,78065.0,5264.0
2020-07-31,26,seasonal_delta,79965.0,78065.0,1900.0
2020-07-31,26,ets,79337.52405874638,78065.0,1272.5240587463777
2020-07-31,52,naive,79643.0,78488.0,1155.0
2020-07-31,52,drift52,76279.0,78488.0,-2209.0
2020-07-31,52,seasonal_naive,79643.0,78488.0,1155.0
2020-07-31,52,seasonal_delta,76279.0,78488.0,-2209.0
2020-07-31,52,ets,79562.83981522381,78488.0,1074.8398152238078
2020-08-07,13,naive,79564.0,78988.0,576.0
2020-08-07,13,drift52,78675.25,78988.0,-312.75
2020-08-07,13,seasonal_naive,83617.0,78988.0,4629.0
2020-08-07,13,seasonal_delta,80062.0,78988.0,1074.0
2020-08-07,13,ets,79670.42975059008,78988.0,682.4297505900759
2020-08-07,26,naive,79564.0,78114.0,1450.0
2020-08-07,26,drift52,77786.5,78114.0,-327.5
2020-08-07,26,seasonal_naive,83497.0,78114.0,5383.0
2020-08-07,26,seasonal_delta,79942.0,78114.0,1828.0
2020-08-07,26,ets,79017.90034908276,78114.0,903.9003490827599
2020-08-07,52,naive,79564.0,78616.0,948.0
2020-08-07,52,drift52,76009.0,78616.0,-2607.0
2020-08-07,52,seasonal_naive,79564.0,78616.0,948.0
2020-08-07,52,seasonal_delta,76009.0,78616.0,-2607.0
2020-08-07,52,ets,79198.24259758217,78616.0,582.242597582168
2020-08-14,13,naive,79531.0,78977.0,554.0
2020-08-14,13,drift52,78629.75,78977.0,-347.25
2020-08-14,13,seasonal_naive,83599.0,78977.0,4622.0
2020-08-14,13,seasonal_delta,79994.0,78977.0,1017.0
2020-08-14,13,ets,79639.77142019942,78977.0,662.771420199424
2020-08-14,26,naive,79531.0,78118.0,1413.0
2020-08-14,26,drift52,77728.5,78118.0,-389.5
2020-08-14,26,seasonal_naive,83626.0,78118.0,5508.0
2020-08-14,26,seasonal_delta,80021.0,78118.0,1903.0
2020-08-14,26,ets,79078.59681223202,78118.0,960.5968122320191
2020-08-14,52,naive,79531.0,78793.0,738.0
2020-08-14,52,drift52,75926.0,78793.0,-2867.0
2020-08-14,52,seasonal_naive,79531.0,78793.0,738.0
2020-08-14,52,seasonal_delta,75926.0,78793.0,-2867.0
2020-08-14,52,ets,79175.28845405762,78793.0,382.2884540576197
2020-08-21,13,naive,79493.0,78838.0,655.0
2020-08-21,13,drift52,78587.25,78838.0,-250.75
2020-08-21,13,seasonal_naive,83482.0,78838.0,4644.0
2020-08-21,13,seasonal_delta,79859.0,78838.0,1021.0
2020-08-21,13,ets,79542.63125918662,78838.0,704.6312591866154
2020-08-21,26,naive,79493.0,77992.0,1501.0
2020-08-21,26,drift52,77681.5,77992.0,-310.5
2020-08-21,26,seasonal_naive,83695.0,77992.0,5703.0
2020-08-21,26,seasonal_delta,80072.0,77992.0,2080.0
2020-08-21,26,ets,79137.2817309253,77992.0,1145.2817309253005
2020-08-21,52,naive,79493.0,78832.0,661.0
2020-08-21,52,drift52,75870.0,78832.0,-2962.0
2020-08-21,52,seasonal_naive,79493.0,78832.0,661.0
2020-08-21,52,seasonal_delta,75870.0,78832.0,-2962.0
2020-08-21,52,ets,79116.06152796916,78832.0,284.0615279691556
2020-08-28,13,naive,79433.0,78832.0,601.0
2020-08-28,13,drift52,78497.5,78832.0,-334.5
2020-08-28,13,seasonal_naive,83516.0,78832.0,4684.0
2020-08-28,13,seasonal_delta,79774.0,78832.0,942.0
2020-08-28,13,ets,79412.31769520052,78832.0,580.317695200516
2020-08-28,26,naive,79433.0,78015.0,1418.0
2020-08-28,26,drift52,77562.0,78015.0,-453.0
2020-08-28,26,seasonal_naive,83868.0,78015.0,5853.0
2020-08-28,26,seasonal_delta,80126.0,78015.0,2111.0
2020-08-28,26,ets,79165.10560003789,78015.0,1150.1056000378885
2020-08-28,52,naive,79433.0,78750.0,683.0
2020-08-28,52,drift52,75691.0,78750.0,-3059.0
2020-08-28,52,seasonal_naive,79433.0,78750.0,683.0
2020-08-28,52,seasonal_delta,75691.0,78750.0,-3059.0
2020-08-28,52,ets,79085.91660050534,78750.0,335.9166005053412
2020-09-04,13,naive,79285.0,78878.0,407.0
2020-09-04,13,drift52,78274.5,78878.0,-603.5
2020-09-04,13,seasonal_naive,83484.0,78878.0,4606.0
2020-09-04,13,seasonal_delta,79442.0,78878.0,564.0
2020-09-04,13,ets,78966.13596020018,78878.0,88.13596020017576
2020-09-04,26,naive,79285.0,78037.0,1248.0
2020-09-04,26,drift52,77264.0,78037.0,-773.0
2020-09-04,26,seasonal_naive,83957.0,78037.0,5920.0
2020-09-04,26,seasonal_delta,79915.0,78037.0,1878.0
2020-09-04,26,ets,78900.0063208671,78037.0,863.0063208671054
2020-09-04,52,naive,79285.0,78711.0,574.0
2020-09-04,52,drift52,75243.0,78711.0,-3468.0
2020-09-04,52,seasonal_naive,79285.0,78711.0,574.0
2020-09-04,52,seasonal_delta,75243.0,78711.0,-3468.0
2020-09-04,52,ets,78879.55242030002,78711.0,168.5524203000241
2020-09-11,13,naive,79263.0,78722.0,541.0
2020-09-11,13,drift52,78220.5,78722.0,-501.5
2020-09-11,13,seasonal_naive,83376.0,78722.0,4654.0
2020-09-11,13,seasonal_delta,79206.0,78722.0,484.0
2020-09-11,13,ets,78570.94312671832,78722.0,-151.0568732816755
2020-09-11,26,naive,79263.0,78044.0,1219.0
2020-09-11,26,drift52,77178.0,78044.0,-866.0
2020-09-11,26,seasonal_naive,83917.0,78044.0,5873.0
2020-09-11,26,seasonal_delta,79747.0,78044.0,1703.0
2020-09-11,26,ets,78911.24708475186,78044.0,867.2470847518562
2020-09-11,52,naive,79263.0,78743.0,520.0
2020-09-11,52,drift52,75093.0,78743.0,-3650.0
2020-09-11,52,seasonal_naive,79263.0,78743.0,520.0
2020-09-11,52,seasonal_delta,75093.0,78743.0,-3650.0
2020-09-11,52,ets,78954.65899982686,78743.0,211.65899982686096
2020-09-18,13,naive,79185.0,78700.0,485.0
2020-09-18,13,drift52,78082.25,78700.0,-617.75
2020-09-18,13,seasonal_naive,83353.0,78700.0,4653.0
2020-09-18,13,seasonal_delta,78942.0,78700.0,242.0
2020-09-18,13,ets,78092.55877863441,78700.0,-607.4412213655887
2020-09-18,26,naive,79185.0,78081.0,1104.0
2020-09-18,26,drift52,76979.5,78081.0,-1101.5
2020-09-18,26,seasonal_naive,83709.0,78081.0,5628.0
2020-09-18,26,seasonal_delta,79298.0,78081.0,1217.0
2020-09-18,26,ets,78873.7432040643,78081.0,792.7432040643034
2020-09-18,52,naive,79185.0,78768.0,417.0
2020-09-18,52,drift52,74774.0,78768.0,-3994.0
2020-09-18,52,seasonal_naive,79185.0,78768.0,417.0
2020-09-18,52,seasonal_delta,74774.0,78768.0,-3994.0
2020-09-18,52,ets,79089.84942127552,78768.0,321.84942127551767
2020-09-25,26,naive,79263.0,78081.0,1182.0
2020-09-25,26,drift52,77011.5,78081.0,-1069.5
2020-09-25,26,seasonal_naive,83189.0,78081.0,5108.0
2020-09-25,26,seasonal_delta,78686.0,78081.0,605.0
2020-09-25,26,ets,78741.08020477435,78081.0,660.0802047743491
2020-09-25,52,naive,79263.0,78830.0,433.0
2020-09-25,52,drift52,74760.0,78830.0,-4070.0
2020-09-25,52,seasonal_naive,79263.0,78830.0,433.0
2020-09-25,52,seasonal_delta,74760.0,78830.0,-4070.0
2020-09-25,52,ets,79183.18922721216,78830.0,353.1892272121622
2020-10-02,52,naive,79245.0,78789.0,456.0
2020-10-02,52,drift52,74689.0,78789.0,-4100.0
2020-10-02,52,seasonal_naive,79245.0,78789.0,456.0
2020-10-02,52,seasonal_delta,74689.0,78789.0,-4100.0
2020-10-02,52,ets,78970.85808232606,78789.0,181.85808232605632
2020-10-09,13,naive,79187.0,78029.0,1158.0
2020-10-09,13,drift52,78040.75,78029.0,11.75
2020-10-09,13,seasonal_naive,82954.0,78029.0,4925.0
2020-10-09,13,seasonal_delta,78369.0,78029.0,340.0
2020-10-09,13,ets,77739.44711076784,78029.0,-289.55288923215994
2020-10-09,26,naive,79187.0,77727.0,1460.0
2020-10-09,26,drift52,76894.5,77727.0,-832.5
2020-10-09,26,seasonal_naive,82021.5,77727.0,4294.5
2020-10-09,26,seasonal_delta,77436.5,77727.0,-290.5
2020-10-09,26,ets,78306.64418456046,77727.0,579.6441845604568
2020-10-09,52,naive,79187.0,78930.0,257.0
2020-10-09,52,drift52,74602.0,78930.0,-4328.0
2020-10-09,52,seasonal_naive,79187.0,78930.0,257.0
2020-10-09,52,seasonal_delta,74602.0,78930.0,-4328.0
2020-10-09,52,ets,79037.54199112025,78930.0,107.54199112024799
2020-10-16,13,naive,79175.0,78032.0,1143.0
2020-10-16,13,drift52,78022.0,78032.0,-10.0
2020-10-16,13,seasonal_naive,83167.0,78032.0,5135.0
2020-10-16,13,seasonal_delta,78555.0,78032.0,523.0
2020-10-16,13,ets,77926.30071475694,78032.0,-105.69928524305578
2020-10-16,26,naive,79175.0,77761.0,1414.0
2020-10-16,26,drift52,76869.0,77761.0,-892.0
2020-10-16,26,seasonal_naive,81454.0,77761.0,3693.0
2020-10-16,26,seasonal_delta,76842.0,77761.0,-919.0
2020-10-16,26,ets,78235.07839014915,77761.0,474.07839014915226
2020-10-16,52,naive,79175.0,79033.0,142.0
2020-10-16,52,drift52,74563.0,79033.0,-4470.0
2020-10-16,52,seasonal_naive,79175.0,79033.0,142.0
2020-10-16,52,seasonal_delta,74563.0,79033.0,-4470.0
2020-10-16,52,ets,79124.26730731473,79033.0,91.26730731473072
2020-10-23,13,naive,79164.0,78030.0,1134.0
2020-10-23,13,drift52,78006.25,78030.0,-23.75
2020-10-23,13,seasonal_naive,83201.0,78030.0,5171.0
2020-10-23,13,seasonal_delta,78570.0,78030.0,540.0
2020-10-23,13,ets,78144.90367154528,78030.0,114.90367154528212
2020-10-23,26,naive,79164.0,77738.0,1426.0
2020-10-23,26,drift52,76848.5,77738.0,-889.5
2020-10-23,26,seasonal_naive,81124.0,77738.0,3386.0
2020-10-23,26,seasonal_delta,76493.0,77738.0,-1245.0
2020-10-23,26,ets,78221.67286248204,77738.0,483.6728624820389
2020-10-23,52,naive,79164.0,79221.0,-57.0
2020-10-23,52,drift52,74533.0,79221.0,-4688.0
2020-10-23,52,seasonal_naive,79164.0,79221.0,-57.0
2020-10-23,52,seasonal_delta,74533.0,79221.0,-4688.0
2020-10-23,52,ets,79138.01843673829,79221.0,-82.98156326171011
2020-10-30,13,naive,79083.0,78065.0,1018.0
2020-10-30,13,drift52,77937.5,78065.0,-127.5
2020-10-30,13,seasonal_naive,83329.0,78065.0,5264.0
2020-10-30,13,seasonal_delta,78747.0,78065.0,682.0
2020-10-30,13,ets,78156.99486037366,78065.0,91.99486037365568
2020-10-30,26,naive,79083.0,77859.0,1224.0
2020-10-30,26,drift52,76792.0,77859.0,-1067.0
2020-10-30,26,seasonal_naive,80827.0,77859.0,2968.0
2020-10-30,26,seasonal_delta,76245.0,77859.0,-1614.0
2020-10-30,26,ets,78027.89238781368,77859.0,168.89238781368476
2020-10-30,52,naive,79083.0,79380.0,-297.0
2020-10-30,52,drift52,74501.0,79380.0,-4879.0
2020-10-30,52,seasonal_naive,79083.0,79380.0,-297.0
2020-10-30,52,seasonal_delta,74501.0,79380.0,-4879.0
2020-10-30,52,ets,78926.31390787405,79380.0,-453.6860921259504
2020-11-06,13,naive,78988.0,78114.0,874.0
2020-11-06,13,drift52,77830.75,78114.0,-283.25
2020-11-06,13,seasonal_naive,83497.0,78114.0,5383.0
2020-11-06,13,seasonal_delta,78868.0,78114.0,754.0
2020-11-06,13,ets,78307.00321294475,78114.0,193.00321294474998
2020-11-06,26,naive,78988.0,77773.0,1215.0
2020-11-06,26,drift52,76673.5,77773.0,-1099.5
2020-11-06,26,seasonal_naive,80624.5,77773.0,2851.5
2020-11-06,26,seasonal_delta,75995.5,77773.0,-1777.5
2020-11-06,26,ets,78067.85775906037,77773.0,294.85775906036724
2020-11-06,52,naive,78988.0,79284.0,-296.0
2020-11-06,52,drift52,74359.0,79284.0,-4925.0
2020-11-06,52,seasonal_naive,78988.0,79284.0,-296.0
2020-11-06,52,seasonal_delta,74359.0,79284.0,-4925.0
2020-11-06,52,ets,78929.96322685199,79284.0,-354.03677314800734
2020-11-13,13,naive,78977.0,78118.0,859.0
2020-11-13,13,drift52,77821.5,78118.0,-296.5
2020-11-13,13,seasonal_naive,83626.0,78118.0,5508.0
2020-11-13,13,seasonal_delta,79004.0,78118.0,886.0
2020-11-13,13,ets,78362.84136768806,78118.0,244.8413676880591
2020-11-13,26,naive,78977.0,77916.0,1061.0
2020-11-13,26,drift52,76666.0,77916.0,-1250.0
2020-11-13,26,seasonal_naive,80422.0,77916.0,2506.0
2020-11-13,26,seasonal_delta,75800.0,77916.0,-2116.0
2020-11-13,26,ets,78129.40049286452,77916.0,213.4004928645154
2020-11-13,52,naive,78977.0,79401.0,-424.0
2020-11-13,52,drift52,74355.0,79401.0,-5046.0
2020-11-13,52,seasonal_naive,78977.0,79401.0,-424.0
2020-11-13,52,seasonal_delta,74355.0,79401.0,-5046.0
2020-11-13,52,ets,78897.95138583732,79401.0,-503.0486141626752
2020-11-20,13,naive,78838.0,77992.0,846.0
2020-11-20,13,drift52,77677.0,77992.0,-315.0
2020-11-20,13,seasonal_naive,83695.0,77992.0,5703.0
2020-11-20,13,seasonal_delta,79051.0,77992.0,1059.0
2020-11-20,13,ets,78417.89856823187,77992.0,425.8985682318744
2020-11-20,26,naive,78838.0,78049.0,789.0
2020-11-20,26,drift52,76516.0,78049.0,-1533.0
2020-11-20,26,seasonal_naive,80180.0,78049.0,2131.0
2020-11-20,26,seasonal_delta,75536.0,78049.0,-2513.0
2020-11-20,26,ets,78081.31827004676,78049.0,32.3182700467587
2020-11-20,52,naive,78838.0,79580.0,-742.0
2020-11-20,52,drift52,74194.0,79580.0,-5386.0
2020-11-20,52,seasonal_naive,78838.0,79580.0,-742.0
2020-11-20,52,seasonal_delta,74194.0,79580.0,-5386.0
2020-11-20,52,ets,78806.83029270777,79580.0,-773.1697072922252
2020-11-27,13,naive,78832.0,78015.0,817.0
2020-11-27,13,drift52,77661.0,78015.0,-354.0
2020-11-27,13,seasonal_naive,83868.0,78015.0,5853.0
2020-11-27,13,seasonal_delta,79184.0,78015.0,1169.0
2020-11-27,13,ets,78637.51226846715,78015.0,622.5122684671514
2020-11-27,26,naive,78832.0,78104.0,728.0
2020-11-27,26,drift52,76490.0,78104.0,-1614.0
2020-11-27,26,seasonal_naive,80032.0,78104.0,1928.0
2020-11-27,26,seasonal_delta,75348.0,78104.0,-2756.0
2020-11-27,26,ets,78261.64223217039,78104.0,157.6422321703867
2020-11-27,52,naive,78832.0,79685.0,-853.0
2020-11-27,52,drift52,74148.0,79685.0,-5537.0
2020-11-27,52,seasonal_naive,78832.0,79685.0,-853.0
2020-11-27,52,seasonal_delta,74148.0,79685.0,-5537.0
2020-11-27,52,ets,78928.19375606895,79685.0,-756.8062439310452
2020-12-04,13,naive,78878.0,78037.0,841.0
2020-12-04,13,drift52,77726.5,78037.0,-310.5
2020-12-04,13,seasonal_naive,83957.0,78037.0,5920.0
2020-12-04,13,seasonal_delta,79351.0,78037.0,1314.0
2020-12-04,13,ets,78667.59871815001,78037.0,630.5987181500095
2020-12-04,26,naive,78878.0,78006.0,872.0
2020-12-04,26,drift52,76575.0,78006.0,-1431.0
2020-12-04,26,seasonal_naive,79878.0,78006.0,1872.0
2020-12-04,26,seasonal_delta,75272.0,78006.0,-2734.0
2020-12-04,26,ets,78241.356691551,78006.0,235.35669155100186
2020-12-04,52,naive,78878.0,79643.0,-765.0
2020-12-04,52,drift52,74272.0,79643.0,-5371.0
2020-12-04,52,seasonal_naive,78878.0,79643.0,-765.0
2020-12-04,52,seasonal_delta,74272.0,79643.0,-5371.0
2020-12-04,52,ets,78705.26626784448,79643.0,-937.7337321555242
2020-12-11,13,naive,78722.0,78044.0,678.0
2020-12-11,13,drift52,77558.5,78044.0,-485.5
2020-12-11,13,seasonal_naive,83917.0,78044.0,5873.0
2020-12-11,13,seasonal_delta,79263.0,78044.0,1219.0
2020-12-11,13,ets,78676.69849658251,78044.0,632.6984965825104
2020-12-11,26,naive,78722.0,78132.0,590.0
2020-12-11,26,drift52,76395.0,78132.0,-1737.0
2020-12-11,26,seasonal_naive,79713.0,78132.0,1581.0
2020-12-11,26,seasonal_delta,75059.0,78132.0,-3073.0
2020-12-11,26,ets,78205.41819828498,78132.0,73.4181982849841
2020-12-11,52,naive,78722.0,79545.0,-823.0
2020-12-11,52,drift52,74068.0,79545.0,-5477.0
2020-12-11,52,seasonal_naive,78722.0,79545.0,-823.0
2020-12-11,52,seasonal_delta,74068.0,79545.0,-5477.0
2020-12-11,52,ets,78342.55228215775,79545.0,-1202.447717842253
2020-12-18,13,naive,78700.0,78081.0,619.0
2020-12-18,13,drift52,77536.75,78081.0,-544.25
2020-12-18,13,seasonal_naive,83709.0,78081.0,5628.0
2020-12-18,13,seasonal_delta,79056.0,78081.0,975.0
2020-12-18,13,ets,78631.8489278929,78081.0,550.8489278929046
2020-12-18,26,naive,78700.0,78172.0,528.0
2020-12-18,26,drift52,76373.5,78172.0,-1798.5
2020-12-18,26,seasonal_naive,79605.0,78172.0,1433.0
2020-12-18,26,seasonal_delta,74952.0,78172.0,-3220.0
2020-12-18,26,ets,78265.3176486531,78172.0,93.31764865310106
2020-12-18,52,naive,78700.0,79446.0,-746.0
2020-12-18,52,drift52,74047.0,79446.0,-5399.0
2020-12-18,52,seasonal_naive,78700.0,79446.0,-746.0
2020-12-18,52,seasonal_delta,74047.0,79446.0,-5399.0
2020-12-18,52,ets,77868.85308654759,79446.0,-1577.1469134524086
2021-01-08,13,naive,78029.0,77727.0,302.0
2021-01-08,13,drift52,76797.75,77727.0,-929.25
2021-01-08,13,seasonal_naive,82021.5,77727.0,4294.5
2021-01-08,13,seasonal_delta,77096.5,77727.0,-630.5
2021-01-08,13,ets,78339.31009991512,77727.0,612.3100999151211
2021-01-08,26,naive,78029.0,78489.0,-460.0
2021-01-08,26,drift52,75566.5,78489.0,-2922.5
2021-01-08,26,seasonal_naive,79537.0,78489.0,1048.0
2021-01-08,26,seasonal_delta,74612.0,78489.0,-3877.0
2021-01-08,26,ets,78427.33305186316,78489.0,-61.66694813684444
2021-01-08,52,naive,78029.0,79086.0,-1057.0
2021-01-08,52,drift52,73104.0,79086.0,-5982.0
2021-01-08,52,seasonal_naive,78029.0,79086.0,-1057.0
2021-01-08,52,seasonal_delta,73104.0,79086.0,-5982.0
2021-01-15,13,naive,78032.0,77761.0,271.0
2021-01-15,13,drift52,76748.25,77761.0,-1012.75
2021-01-15,13,seasonal_naive,81454.0,77761.0,3693.0
2021-01-15,13,seasonal_delta,76319.0,77761.0,-1442.0
2021-01-15,13,ets,78278.35642491252,77761.0,517.3564249125193
2021-01-15,26,naive,78032.0,78445.0,-413.0
2021-01-15,26,drift52,75464.5,78445.0,-2980.5
2021-01-15,26,seasonal_naive,79557.0,78445.0,1112.0
2021-01-15,26,seasonal_delta,74422.0,78445.0,-4023.0
2021-01-15,26,ets,78458.65366944388,78445.0,13.6536694438837
2021-01-15,52,naive,78032.0,79193.0,-1161.0
2021-01-15,52,drift52,72897.0,79193.0,-6296.0
2021-01-15,52,seasonal_naive,78032.0,79193.0,-1161.0
2021-01-15,52,seasonal_delta,72897.0,79193.0,-6296.0
2021-01-22,13,naive,78030.0,77738.0,292.0
2021-01-22,13,drift52,76737.25,77738.0,-1000.75
2021-01-22,13,seasonal_naive,81124.0,77738.0,3386.0
2021-01-22,13,seasonal_delta,75953.0,77738.0,-1785.0
2021-01-22,13,ets,77363.9952425577,77738.0,-374.00475744229334
2021-01-22,26,naive,78030.0,78353.0,-323.0
2021-01-22,26,drift52,75444.5,78353.0,-2908.5
2021-01-22,26,seasonal_naive,79620.0,78353.0,1267.0
2021-01-22,26,seasonal_delta,74449.0,78353.0,-3904.0
2021-01-22,26,ets,77570.96150111528,78353.0,-782.0384988847218
2021-01-22,52,naive,78030.0,79303.0,-1273.0
2021-01-22,52,drift52,72859.0,79303.0,-6444.0
2021-01-22,52,seasonal_naive,78030.0,79303.0,-1273.0
2021-01-22,52,seasonal_delta,72859.0,79303.0,-6444.0
2021-01-22,52,ets,77231.62637152482,79303.0,-2071.3736284751794
2021-01-29,13,naive,78065.0,77859.0,206.0
2021-01-29,13,drift52,76749.0,77859.0,-1110.0
2021-01-29,13,seasonal_naive,80827.0,77859.0,2968.0
2021-01-29,13,seasonal_delta,75563.0,77859.0,-2296.0
2021-01-29,13,ets,77293.60378535239,77859.0,-565.3962146476115
2021-01-29,26,naive,78065.0,78488.0,-423.0
2021-01-29,26,drift52,75433.0,78488.0,-3055.0
2021-01-29,26,seasonal_naive,79643.0,78488.0,1155.0
2021-01-29,26,seasonal_delta,74379.0,78488.0,-4109.0
2021-01-29,26,ets,77606.21055990394,78488.0,-881.7894400960649
2021-01-29,52,naive,78065.0,79412.0,-1347.0
2021-01-29,52,drift52,72801.0,79412.0,-6611.0
2021-01-29,52,seasonal_naive,78065.0,79412.0,-1347.0
2021-01-29,52,seasonal_delta,72801.0,79412.0,-6611.0
2021-01-29,52,ets,77444.97511710139,79412.0,-1967.0248828986078
2021-02-05,13,naive,78114.0,77773.0,341.0
2021-02-05,13,drift52,76768.25,77773.0,-1004.75
2021-02-05,13,seasonal_naive,80624.5,77773.0,2851.5
2021-02-05,13,seasonal_delta,75241.5,77773.0,-2531.5
2021-02-05,13,ets,77356.65462387427,77773.0,-416.34537612572603
2021-02-05,26,naive,78114.0,78616.0,-502.0
2021-02-05,26,drift52,75422.5,78616.0,-3193.5
2021-02-05,26,seasonal_naive,79564.0,78616.0,948.0
2021-02-05,26,seasonal_delta,74181.0,78616.0,-4435.0
2021-02-05,26,ets,77691.70938245689,78616.0,-924.2906175431126
2021-02-05,52,naive,78114.0,79623.0,-1509.0
2021-02-05,52,drift52,72731.0,79623.0,-6892.0
2021-02-05,52,seasonal_naive,78114.0,79623.0,-1509.0
2021-02-05,52,seasonal_delta,72731.0,79623.0,-6892.0
2021-02-05,52,ets,77602.02986255984,79623.0,-2020.970137440163
2021-02-12,13,naive,78118.0,77916.0,202.0
2021-02-12,13,drift52,76741.0,77916.0,-1175.0
2021-02-12,13,seasonal_naive,80422.0,77916.0,2506.0
2021-02-12,13,seasonal_delta,74914.0,77916.0,-3002.0
2021-02-12,13,ets,77453.90818720413,77916.0,-462.0918127958721
2021-02-12,26,naive,78118.0,78793.0,-675.0
2021-02-12,26,drift52,75364.0,78793.0,-3429.0
2021-02-12,26,seasonal_naive,79531.0,78793.0,738.0
2021-02-12,26,seasonal_delta,74023.0,78793.0,-4770.0
2021-02-12,26,ets,77719.47687660666,78793.0,-1073.5231233933446
2021-02-12,52,naive,78118.0,79765.0,-1647.0
2021-02-12,52,drift52,72610.0,79765.0,-7155.0
2021-02-12,52,seasonal_naive,78118.0,79765.0,-1647.0
2021-02-12,52,seasonal_delta,72610.0,79765.0,-7155.0
2021-02-12,52,ets,77645.2897907095,79765.0,-2119.710209290497
2021-02-19,13,naive,77992.0,78049.0,-57.0
2021-02-19,13,drift52,76566.25,78049.0,-1482.75
2021-02-19,13,seasonal_naive,80180.0,78049.0,2131.0
2021-02-19,13,seasonal_delta,74477.0,78049.0,-3572.0
2021-02-19,13,ets,77285.7888589801,78049.0,-763.2111410198995
2021-02-19,26,naive,77992.0,78832.0,-840.0
2021-02-19,26,drift52,75140.5,78832.0,-3691.5
2021-02-19,26,seasonal_naive,79493.0,78832.0,661.0
2021-02-19,26,seasonal_delta,73790.0,78832.0,-5042.0
2021-02-19,26,ets,77563.18904277649,78832.0,-1268.8109572235117
2021-02-19,52,naive,77992.0,79721.0,-1729.0
2021-02-19,52,drift52,72289.0,79721.0,-7432.0
2021-02-19,52,seasonal_naive,77992.0,79721.0,-1729.0
2021-02-19,52,seasonal_delta,72289.0,79721.0,-7432.0
2021-02-19,52,ets,77552.78590569265,79721.0,-2168.2140943073464
2021-02-26,13,naive,78015.0,78104.0,-89.0
2021-02-26,13,drift52,76551.75,78104.0,-1552.25
2021-02-26,13,seasonal_naive,80032.0,78104.0,1928.0
2021-02-26,13,seasonal_delta,74179.0,78104.0,-3925.0
2021-02-26,13,ets,77212.07607818437,78104.0,-891.923921815629
2021-02-26,26,naive,78015.0,78750.0,-735.0
2021-02-26,26,drift52,75088.5,78750.0,-3661.5
2021-02-26,26,seasonal_naive,79433.0,78750.0,683.0
2021-02-26,26,seasonal_delta,73580.0,78750.0,-5170.0
2021-02-26,26,ets,77540.57797406495,78750.0,-1209.422025935055
2021-02-26,52,naive,78015.0,79724.0,-1709.0
2021-02-26,52,drift52,72162.0,79724.0,-7562.0
2021-02-26,52,seasonal_naive,78015.0,79724.0,-1709.0
2021-02-26,52,seasonal_delta,72162.0,79724.0,-7562.0
2021-02-26,52,ets,77575.22602270622,79724.0,-2148.7739772937784
2021-03-05,13,naive,78037.0,78006.0,31.0
2021-03-05,13,drift52,76557.0,78006.0,-1449.0
2021-03-05,13,seasonal_naive,79878.0,78006.0,1872.0
2021-03-05,13,seasonal_delta,73958.0,78006.0,-4048.0
2021-03-05,13,ets,77188.04497805164,78006.0,-817.9550219483644
2021-03-05,26,naive,78037.0,78711.0,-674.0
2021-03-05,26,drift52,75077.0,78711.0,-3634.0
2021-03-05,26,seasonal_naive,79285.0,78711.0,574.0
2021-03-05,26,seasonal_delta,73365.0,78711.0,-5346.0
2021-03-05,26,ets,77599.63386419446,78711.0,-1111.3661358055397
2021-03-05,52,naive,78037.0,79715.0,-1678.0
2021-03-05,52,drift52,72117.0,79715.0,-7598.0
2021-03-05,52,seasonal_naive,78037.0,79715.0,-1678.0
2021-03-05,52,seasonal_delta,72117.0,79715.0,-7598.0
2021-03-05,52,ets,77594.72514753063,79715.0,-2120.2748524693743
2021-03-12,13,naive,78044.0,78132.0,-88.0
2021-03-12,13,drift52,76575.75,78132.0,-1556.25
2021-03-12,13,seasonal_naive,79713.0,78132.0,1581.0
2021-03-12,13,seasonal_delta,73840.0,78132.0,-4292.0
2021-03-12,13,ets,77149.16746389832,78132.0,-982.8325361016759
2021-03-12,26,naive,78044.0,78743.0,-699.0
2021-03-12,26,drift52,75107.5,78743.0,-3635.5
2021-03-12,26,seasonal_naive,79263.0,78743.0,520.0
2021-03-12,26,seasonal_delta,73390.0,78743.0,-5353.0
2021-03-12,26,ets,77659.17114880147,78743.0,-1083.8288511985302
2021-03-12,52,naive,78044.0,79679.0,-1635.0
2021-03-12,52,drift52,72171.0,79679.0,-7508.0
2021-03-12,52,seasonal_naive,78044.0,79679.0,-1635.0
2021-03-12,52,seasonal_delta,72171.0,79679.0,-7508.0
2021-03-12,52,ets,77601.31406070488,79679.0,-2077.6859392951155
2021-03-19,13,naive,78081.0,78172.0,-91.0
2021-03-19,13,drift52,76674.0,78172.0,-1498.0
2021-03-19,13,seasonal_naive,79605.0,78172.0,1433.0
2021-03-19,13,seasonal_delta,73977.0,78172.0,-4195.0
2021-03-19,13,ets,77823.84786408431,78172.0,-348.15213591569045
2021-03-19,26,naive,78081.0,78768.0,-687.0
2021-03-19,26,drift52,75267.0,78768.0,-3501.0
2021-03-19,26,seasonal_naive,79185.0,78768.0,417.0
2021-03-19,26,seasonal_delta,73557.0,78768.0,-5211.0
2021-03-19,26,ets,78426.94040260531,78768.0,-341.0595973946911
2021-03-19,52,naive,78081.0,79808.0,-1727.0
2021-03-19,52,drift52,72453.0,79808.0,-7355.0
2021-03-19,52,seasonal_naive,78081.0,79808.0,-1727.0
2021-03-19,52,seasonal_delta,72453.0,79808.0,-7355.0
2021-03-19,52,ets,78207.85990298542,79808.0,-1600.140097014577
2021-03-26,13,naive,78081.0,78250.0,-169.0
2021-03-26,13,drift52,76804.0,78250.0,-1446.0
2021-03-26,13,seasonal_naive,79453.0,78250.0,1203.0
2021-03-26,13,seasonal_delta,74345.0,78250.0,-3905.0
2021-03-26,13,ets,77870.82363270427,78250.0,-379.1763672957313
2021-03-26,26,naive,78081.0,78830.0,-749.0
2021-03-26,26,drift52,75527.0,78830.0,-3303.0
2021-03-26,26,seasonal_naive,79263.0,78830.0,433.0
2021-03-26,26,seasonal_delta,74155.0,78830.0,-4675.0
2021-03-26,26,ets,78537.30885608753,78830.0,-292.69114391246694
2021-03-26,52,naive,78081.0,79744.0,-1663.0
2021-03-26,52,drift52,72973.0,79744.0,-6771.0
2021-03-26,52,seasonal_naive,78081.0,79744.0,-1663.0
2021-03-26,52,seasonal_delta,72973.0,79744.0,-6771.0
2021-03-26,52,ets,78079.76220745778,79744.0,-1664.2377925422188
2021-04-09,13,naive,77727.0,78489.0,-762.0
2021-04-09,13,drift52,76653.375,78489.0,-1835.625
2021-04-09,13,seasonal_naive,79537.0,78489.0,1048.0
2021-04-09,13,seasonal_delta,75242.5,78489.0,-3246.5
2021-04-09,13,ets,77982.84240461697,78489.0,-506.15759538303246
2021-04-09,26,naive,77727.0,78930.0,-1203.0
2021-04-09,26,drift52,75579.75,78930.0,-3350.25
2021-04-09,26,seasonal_naive,79187.0,78930.0,257.0
2021-04-09,26,seasonal_delta,74892.5,78930.0,-4037.5
2021-04-09,26,ets,78653.24507169632,78930.0,-276.75492830367875
2021-04-09,52,naive,77727.0,79742.0,-2015.0
2021-04-09,52,drift52,73432.5,79742.0,-6309.5
2021-04-09,52,seasonal_naive,77727.0,79742.0,-2015.0
2021-04-09,52,seasonal_delta,73432.5,79742.0,-6309.5
2021-04-09,52,ets,77914.06429501927,79742.0,-1827.9357049807295
2021-04-16,13,naive,77761.0,78445.0,-684.0
2021-04-16,13,drift52,76837.75,78445.0,-1607.25
2021-04-16,13,seasonal_naive,79557.0,78445.0,1112.0
2021-04-16,13,seasonal_delta,75864.0,78445.0,-2581.0
2021-04-16,13,ets,78051.98675806043,78445.0,-393.0132419395668
2021-04-16,26,naive,77761.0,79033.0,-1272.0
2021-04-16,26,drift52,75914.5,79033.0,-3118.5
2021-04-16,26,seasonal_naive,79175.0,79033.0,142.0
2021-04-16,26,seasonal_delta,75482.0,79033.0,-3551.0
2021-04-16,26,ets,78768.59557789899,79033.0,-264.40442210101173
2021-04-23,13,naive,77738.0,78353.0,-615.0
2021-04-23,13,drift52,76891.5,78353.0,-1461.5
2021-04-23,13,seasonal_naive,79620.0,78353.0,1267.0
2021-04-23,13,seasonal_delta,76234.0,78353.0,-2119.0
2021-04-23,13,ets,78076.06805911745,78353.0,-276.93194088255404
2021-04-23,26,naive,77738.0,79221.0,-1483.0
2021-04-23,26,drift52,76045.0,79221.0,-3176.0
2021-04-23,26,seasonal_naive,79164.0,79221.0,-57.0
2021-04-23,26,seasonal_delta,75778.0,79221.0,-3443.0
2021-04-23,26,ets,78777.3582283022,79221.0,-443.64177169780305
2021-04-23,52,naive,77738.0,79569.0,-1831.0
2021-04-23,52,drift52,74352.0,79569.0,-5217.0
2021-04-23,52,seasonal_naive,77738.0,79569.0,-1831.0
2021-04-23,52,seasonal_delta,74352.0,79569.0,-5217.0
2021-04-23,52,ets,77853.29363011941,79569.0,-1715.7063698805869
2021-04-30,13,naive,77859.0,78488.0,-629.0
2021-04-30,13,drift52,77117.0,78488.0,-1371.0
2021-04-30,13,seasonal_naive,79643.0,78488.0,1155.0
2021-04-30,13,seasonal_delta,76675.0,78488.0,-1813.0
2021-04-30,13,ets,78142.46932516158,78488.0,-345.5306748384173
2021-04-30,26,naive,77859.0,79380.0,-1521.0
2021-04-30,26,drift52,76375.0,79380.0,-3005.0
2021-04-30,26,seasonal_naive,79083.0,79380.0,-297.0
2021-04-30,26,seasonal_delta,76115.0,79380.0,-3265.0
2021-04-30,26,ets,78736.04329292793,79380.0,-643.9567070720659
2021-04-30,52,naive,77859.0,79729.0,-1870.0
2021-04-30,52,drift52,74891.0,79729.0,-4838.0
2021-04-30,52,seasonal_naive,77859.0,79729.0,-1870.0
2021-04-30,52,seasonal_delta,74891.0,79729.0,-4838.0
2021-04-30,52,ets,77801.38260030173,79729.0,-1927.6173996982689
2021-05-07,13,naive,77773.0,78616.0,-843.0
2021-05-07,13,drift52,77060.125,78616.0,-1555.875
2021-05-07,13,seasonal_naive,79564.0,78616.0,948.0
2021-05-07,13,seasonal_delta,76712.5,78616.0,-1903.5
2021-05-07,13,ets,78242.28320386929,78616.0,-373.7167961307132
2021-05-07,26,naive,77773.0,79284.0,-1511.0
2021-05-07,26,drift52,76347.25,79284.0,-2936.75
2021-05-07,26,seasonal_naive,78988.0,79284.0,-296.0
2021-05-07,26,seasonal_delta,76136.5,79284.0,-3147.5
2021-05-07,26,ets,78706.83167309356,79284.0,-577.1683269064379
2021-05-07,52,naive,77773.0,79746.0,-1973.0
2021-05-07,52,drift52,74921.5,79746.0,-4824.5
2021-05-07,52,seasonal_naive,77773.0,79746.0,-1973.0
2021-05-07,52,seasonal_delta,74921.5,79746.0,-4824.5
2021-05-07,52,ets,77864.40892395537,79746.0,-1881.5910760446277
2021-05-14,13,naive,77916.0,78793.0,-877.0
2021-05-14,13,drift52,77289.5,78793.0,-1503.5
2021-05-14,13,seasonal_naive,79531.0,78793.0,738.0
2021-05-14,13,seasonal_delta,77025.0,78793.0,-1768.0
2021-05-14,13,ets,78250.18000111035,78793.0,-542.8199988896522
2021-05-14,26,naive,77916.0,79401.0,-1485.0
2021-05-14,26,drift52,76663.0,79401.0,-2738.0
2021-05-14,26,seasonal_naive,78977.0,79401.0,-424.0
2021-05-14,26,seasonal_delta,76471.0,79401.0,-2930.0
2021-05-14,26,ets,78718.68581371904,79401.0,-682.3141862809571
2021-05-14,52,naive,77916.0,79927.0,-2011.0
2021-05-14,52,drift52,75410.0,79927.0,-4517.0
2021-05-14,52,seasonal_naive,77916.0,79927.0,-2011.0
2021-05-14,52,seasonal_delta,75410.0,79927.0,-4517.0
2021-05-14,52,ets,77951.17699272683,79927.0,-1975.8230072731676
2021-05-21,13,naive,78049.0,78832.0,-783.0
2021-05-21,13,drift52,77516.25,78832.0,-1315.75
2021-05-21,13,seasonal_naive,79493.0,78832.0,661.0
2021-05-21,13,seasonal_delta,77362.0,78832.0,-1470.0
2021-05-21,13,ets,78233.26744036737,78832.0,-598.7325596326264
2021-05-21,26,naive,78049.0,79580.0,-1531.0
2021-05-21,26,drift52,76983.5,79580.0,-2596.5
2021-05-21,26,seasonal_naive,78838.0,79580.0,-742.0
2021-05-21,26,seasonal_delta,76707.0,79580.0,-2873.0
2021-05-21,26,ets,78599.76626224745,79580.0,-980.2337377525546
2021-05-21,52,naive,78049.0,80030.0,-1981.0
2021-05-21,52,drift52,75918.0,80030.0,-4112.0
2021-05-21,52,seasonal_naive,78049.0,80030.0,-1981.0
2021-05-21,52,seasonal_delta,75918.0,80030.0,-4112.0
2021-05-21,52,ets,77965.68739644198,80030.0,-2064.312603558021
2021-05-28,13,naive,78104.0,78750.0,-646.0
2021-05-28,13,drift52,77622.0,78750.0,-1128.0
2021-05-28,13,seasonal_naive,79433.0,78750.0,683.0
2021-05-28,13,seasonal_delta,77505.0,78750.0,-1245.0
2021-05-28,13,ets,78223.1400486475,78750.0,-526.8599513524969
2021-05-28,26,naive,78104.0,79685.0,-1581.0
2021-05-28,26,drift52,77140.0,79685.0,-2545.0
2021-05-28,26,seasonal_naive,78832.0,79685.0,-853.0
2021-05-28,26,seasonal_delta,76904.0,79685.0,-2781.0
2021-05-28,26,ets,78506.40407790216,79685.0,-1178.5959220978402
2021-05-28,52,naive,78104.0,80185.0,-2081.0
2021-05-28,52,drift52,76176.0,80185.0,-4009.0
2021-05-28,52,seasonal_naive,78104.0,80185.0,-2081.0
2021-05-28,52,seasonal_delta,76176.0,80185.0,-4009.0
2021-05-28,52,ets,77862.05142591023,80185.0,-2322.9485740897653
2021-06-04,13,naive,78006.0,78711.0,-705.0
2021-06-04,13,drift52,77538.0,78711.0,-1173.0
2021-06-04,13,seasonal_naive,79285.0,78711.0,574.0
2021-06-04,13,seasonal_delta,77413.0,78711.0,-1298.0
2021-06-04,13,ets,78267.7180251351,78711.0,-443.28197486490535
2021-06-04,26,naive,78006.0,79643.0,-1637.0
2021-06-04,26,drift52,77070.0,79643.0,-2573.0
2021-06-04,26,seasonal_naive,78878.0,79643.0,-765.0
2021-06-04,26,seasonal_delta,77006.0,79643.0,-2637.0
2021-06-04,26,ets,78338.05390659819,79643.0,-1304.9460934018134
2021-06-11,13,naive,78132.0,78743.0,-611.0
2021-06-11,13,drift52,77736.75,78743.0,-1006.25
2021-06-11,13,seasonal_naive,79263.0,78743.0,520.0
2021-06-11,13,seasonal_delta,77682.0,78743.0,-1061.0
2021-06-11,13,ets,78923.72436122324,78743.0,180.72436122324143
2021-06-11,26,naive,78132.0,79545.0,-1413.0
2021-06-11,26,drift52,77341.5,79545.0,-2203.5
2021-06-11,26,seasonal_naive,78722.0,79545.0,-823.0
2021-06-11,26,seasonal_delta,77141.0,79545.0,-2404.0
2021-06-11,26,ets,78551.16918035985,79545.0,-993.8308196401485
2021-06-11,52,naive,78132.0,80115.0,-1983.0
2021-06-11,52,drift52,76551.0,80115.0,-3564.0
2021-06-11,52,seasonal_naive,78132.0,80115.0,-1983.0
2021-06-11,52,seasonal_delta,76551.0,80115.0,-3564.0
2021-06-11,52,ets,78423.41309212419,80115.0,-1691.5869078758114
2021-06-18,13,naive,78172.0,78768.0,-596.0
2021-06-18,13,drift52,77813.75,78768.0,-954.25
2021-06-18,13,seasonal_naive,79185.0,78768.0,417.0
2021-06-18,13,seasonal_delta,77752.0,78768.0,-1016.0
2021-06-18,13,ets,79062.65545378593,78768.0,294.6554537859338
2021-06-18,26,naive,78172.0,79446.0,-1274.0
2021-06-18,26,drift52,77455.5,79446.0,-1990.5
2021-06-18,26,seasonal_naive,78700.0,79446.0,-746.0
2021-06-18,26,seasonal_delta,77267.0,79446.0,-2179.0
2021-06-18,26,ets,78127.17985061723,79446.0,-1318.8201493827655
2021-06-18,52,naive,78172.0,80360.0,-2188.0
2021-06-18,52,drift52,76739.0,80360.0,-3621.0
2021-06-18,52,seasonal_naive,78172.0,80360.0,-2188.0
2021-06-18,52,seasonal_delta,76739.0,80360.0,-3621.0
2021-06-18,52,ets,78486.82963944254,80360.0,-1873.1703605574585
2021-06-25,13,naive,78250.0,78830.0,-580.0
2021-06-25,13,drift52,77949.25,78830.0,-880.75
2021-06-25,13,seasonal_naive,79263.0,78830.0,433.0
2021-06-25,13,seasonal_delta,78060.0,78830.0,-770.0
2021-06-25,13,ets,79166.59802854652,78830.0,336.59802854651934
2021-06-25,26,naive,78250.0,79249.0,-999.0
2021-06-25,26,drift52,77648.5,79249.0,-1600.5
2021-06-25,26,seasonal_naive,78476.33333333333,79249.0,-772.6666666666715
2021-06-25,26,seasonal_delta,77273.33333333333,79249.0,-1975.6666666666715
2021-06-25,26,ets,77764.17458086762,79249.0,-1484.8254191323795
2021-06-25,52,naive,78250.0,80476.0,-2226.0
2021-06-25,52,drift52,77047.0,80476.0,-3429.0
2021-06-25,52,seasonal_naive,78250.0,80476.0,-2226.0
2021-06-25,52,seasonal_delta,77047.0,80476.0,-3429.0
2021-06-25,52,ets,78524.18853117074,80476.0,-1951.8114688292553
2021-07-02,13,naive,78362.0,78789.0,-427.0
2021-07-02,13,drift52,78072.0,78789.0,-717.0
2021-07-02,13,seasonal_naive,79245.0,78789.0,456.0
2021-07-02,13,seasonal_delta,78085.0,78789.0,-704.0
2021-07-02,13,ets,79226.92126342969,78789.0,437.9212634296855
2021-07-02,26,naive,78362.0,79092.0,-730.0
2021-07-02,26,drift52,77782.0,79092.0,-1310.0
2021-07-02,26,seasonal_naive,78252.66666666667,79092.0,-839.3333333333285
2021-07-02,26,seasonal_delta,77092.66666666667,79092.0,-1999.3333333333285
2021-07-02,26,ets,77797.82839604813,79092.0,-1294.171603951865
2021-07-02,52,naive,78362.0,80726.0,-2364.0
2021-07-02,52,drift52,77202.0,80726.0,-3524.0
2021-07-02,52,seasonal_naive,78362.0,80726.0,-2364.0
2021-07-02,52,seasonal_delta,77202.0,80726.0,-3524.0
2021-07-02,52,ets,78617.43459670908,80726.0,-2108.5654032909224
2021-07-09,13,naive,78489.0,78930.0,-441.0
2021-07-09,13,drift52,78227.0,78930.0,-703.0
2021-07-09,13,seasonal_naive,79187.0,78930.0,257.0
2021-07-09,13,seasonal_delta,78139.0,78930.0,-791.0
2021-07-09,13,ets,79192.30507660778,78930.0,262.3050766077795
2021-07-09,26,naive,78489.0,79086.0,-597.0
2021-07-09,26,drift52,77965.0,79086.0,-1121.0
2021-07-09,26,seasonal_naive,78029.0,79086.0,-1057.0
2021-07-09,26,seasonal_delta,76981.0,79086.0,-2105.0
2021-07-09,26,ets,77855.55807243283,79086.0,-1230.441927567168
2021-07-09,52,naive,78489.0,80769.0,-2280.0
2021-07-09,52,drift52,77441.0,80769.0,-3328.0
2021-07-09,52,seasonal_naive,78489.0,80769.0,-2280.0
2021-07-09,52,seasonal_delta,77441.0,80769.0,-3328.0
2021-07-09,52,ets,78575.76870344936,80769.0,-2193.2312965506426
2021-07-16,13,naive,78445.0,79033.0,-588.0
2021-07-16,13,drift52,78167.0,79033.0,-866.0
2021-07-16,13,seasonal_naive,79175.0,79033.0,142.0
2021-07-16,13,seasonal_delta,78063.0,79033.0,-970.0
2021-07-16,13,ets,79278.14986410117,79033.0,245.14986410117126
2021-07-16,26,naive,78445.0,79193.0,-748.0
2021-07-16,26,drift52,77889.0,79193.0,-1304.0
2021-07-16,26,seasonal_naive,78032.0,79193.0,-1161.0
2021-07-16,26,seasonal_delta,76920.0,79193.0,-2273.0
2021-07-16,26,ets,78036.22363970605,79193.0,-1156.7763602939522
2021-07-16,52,naive,78445.0,80819.0,-2374.0
2021-07-16,52,drift52,77333.0,80819.0,-3486.0
2021-07-16,52,seasonal_naive,78445.0,80819.0,-2374.0
2021-07-16,52,seasonal_delta,77333.0,80819.0,-3486.0
2021-07-16,52,ets,78581.50315779123,80819.0,-2237.4968422087695
2021-07-23,13,naive,78353.0,79221.0,-868.0
2021-07-23,13,drift52,78036.25,79221.0,-1184.75
2021-07-23,13,seasonal_naive,79164.0,79221.0,-57.0
2021-07-23,13,seasonal_delta,77897.0,79221.0,-1324.0
2021-07-23,13,ets,79280.10849251373,79221.0,59.10849251372565
2021-07-23,26,naive,78353.0,79303.0,-950.0
2021-07-23,26,drift52,77719.5,79303.0,-1583.5
2021-07-23,26,seasonal_naive,78030.0,79303.0,-1273.0
2021-07-23,26,seasonal_delta,76763.0,79303.0,-2540.0
2021-07-23,26,ets,78282.46843096241,79303.0,-1020.5315690375865
2021-07-23,52,naive,78353.0,80784.0,-2431.0
2021-07-23,52,drift52,77086.0,80784.0,-3698.0
2021-07-23,52,seasonal_naive,78353.0,80784.0,-2431.0
2021-07-23,52,seasonal_delta,77086.0,80784.0,-3698.0
2021-07-23,52,ets,78589.14916536085,80784.0,-2194.8508346391463
2021-07-30,13,naive,78488.0,79380.0,-892.0
2021-07-30,13,drift52,78199.25,79380.0,-1180.75
2021-07-30,13,seasonal_naive,79083.0,79380.0,-297.0
2021-07-30,13,seasonal_delta,77928.0,79380.0,-1452.0
2021-07-30,13,ets,79247.41113099018,79380.0,-132.5888690098218
2021-07-30,26,naive,78488.0,79412.0,-924.0
2021-07-30,26,drift52,77910.5,79412.0,-1501.5
2021-07-30,26,seasonal_naive,78065.0,79412.0,-1347.0
2021-07-30,26,seasonal_delta,76910.0,79412.0,-2502.0
2021-07-30,26,ets,78488.88556100048,79412.0,-923.114438999517
2021-07-30,52,naive,78488.0,80984.0,-2496.0
2021-07-30,52,drift52,77333.0,80984.0,-3651.0
2021-07-30,52,seasonal_naive,78488.0,80984.0,-2496.0
2021-07-30,52,seasonal_delta,77333.0,80984.0,-3651.0
2021-07-30,52,ets,78638.264907036,80984.0,-2345.7350929639942
2021-08-06,13,naive,78616.0,79284.0,-668.0
2021-08-06,13,drift52,78379.0,79284.0,-905.0
2021-08-06,13,seasonal_naive,78988.0,79284.0,-296.0
2021-08-06,13,seasonal_delta,78040.0,79284.0,-1244.0
2021-08-06,13,ets,79198.14504126472,79284.0,-85.85495873527543
2021-08-06,26,naive,78616.0,79623.0,-1007.0
2021-08-06,26,drift52,78142.0,79623.0,-1481.0
2021-08-06,26,seasonal_naive,78114.0,79623.0,-1509.0
2021-08-06,26,seasonal_delta,77166.0,79623.0,-2457.0
2021-08-06,26,ets,78617.19255650876,79623.0,-1005.8074434912414
2021-08-06,52,naive,78616.0,81051.0,-2435.0
2021-08-06,52,drift52,77668.0,81051.0,-3383.0
2021-08-06,52,seasonal_naive,78616.0,81051.0,-2435.0
2021-08-06,52,seasonal_delta,77668.0,81051.0,-3383.0
2021-08-06,52,ets,78710.98766075702,81051.0,-2340.0123392429814
2021-08-13,13,naive,78793.0,79401.0,-608.0
2021-08-13,13,drift52,78608.5,79401.0,-792.5
2021-08-13,13,seasonal_naive,78977.0,79401.0,-424.0
2021-08-13,13,seasonal_delta,78239.0,79401.0,-1162.0
2021-08-13,13,ets,79134.82375911014,79401.0,-266.17624088986486
2021-08-13,26,naive,78793.0,79765.0,-972.0
2021-08-13,26,drift52,78424.0,79765.0,-1341.0
2021-08-13,26,seasonal_naive,78118.0,79765.0,-1647.0
2021-08-13,26,seasonal_delta,77380.0,79765.0,-2385.0
2021-08-13,26,ets,78651.60750261763,79765.0,-1113.3924973823741
2021-08-13,52,naive,78793.0,81070.0,-2277.0
2021-08-13,52,drift52,78055.0,81070.0,-3015.0
2021-08-13,52,seasonal_naive,78793.0,81070.0,-2277.0
2021-08-13,52,seasonal_delta,78055.0,81070.0,-3015.0
2021-08-13,52,ets,78736.48059131893,81070.0,-2333.519408681066
2021-08-20,13,naive,78832.0,79580.0,-748.0
2021-08-20,13,drift52,78666.75,79580.0,-913.25
2021-08-20,13,seasonal_naive,78838.0,79580.0,-742.0
2021-08-20,13,seasonal_delta,78177.0,79580.0,-1403.0
2021-08-20,13,ets,79022.94503147004,79580.0,-557.0549685299629
2021-08-20,26,naive,78832.0,79721.0,-889.0
2021-08-20,26,drift52,78501.5,79721.0,-1219.5
2021-08-20,26,seasonal_naive,77992.0,79721.0,-1729.0
2021-08-20,26,seasonal_delta,77331.0,79721.0,-2390.0
2021-08-20,26,ets,78676.45031994404,79721.0,-1044.549680055963
2021-08-20,52,naive,78832.0,81207.0,-2375.0
2021-08-20,52,drift52,78171.0,81207.0,-3036.0
2021-08-20,52,seasonal_naive,78832.0,81207.0,-2375.0
2021-08-20,52,seasonal_delta,78171.0,81207.0,-3036.0
2021-08-20,52,ets,78718.8355131009,81207.0,-2488.164486899099
2021-08-27,13,naive,78750.0,79685.0,-935.0
2021-08-27,13,drift52,78579.25,79685.0,-1105.75
2021-08-27,13,seasonal_naive,78832.0,79685.0,-853.0
2021-08-27,13,seasonal_delta,78149.0,79685.0,-1536.0
2021-08-27,13,ets,78949.67411773701,79685.0,-735.3258822629869
2021-08-27,26,naive,78750.0,79724.0,-974.0
2021-08-27,26,drift52,78408.5,79724.0,-1315.5
2021-08-27,26,seasonal_naive,78015.0,79724.0,-1709.0
2021-08-27,26,seasonal_delta,77332.0,79724.0,-2392.0
2021-08-27,26,ets,78705.86404360257,79724.0,-1018.1359563974256
2021-08-27,52,naive,78750.0,81274.0,-2524.0
2021-08-27,52,drift52,78067.0,81274.0,-3207.0
2021-08-27,52,seasonal_naive,78750.0,81274.0,-2524.0
2021-08-27,52,seasonal_delta,78067.0,81274.0,-3207.0
2021-08-27,52,ets,78692.7741889522,81274.0,-2581.2258110477997
2021-09-03,13,naive,78711.0,79643.0,-932.0
2021-09-03,13,drift52,78567.5,79643.0,-1075.5
2021-09-03,13,seasonal_naive,78878.0,79643.0,-765.0
2021-09-03,13,seasonal_delta,78304.0,79643.0,-1339.0
2021-09-03,13,ets,78590.40428817495,79643.0,-1052.5957118250517
2021-09-03,26,naive,78711.0,79715.0,-1004.0
2021-09-03,26,drift52,78424.0,79715.0,-1291.0
2021-09-03,26,seasonal_naive,78037.0,79715.0,-1678.0
2021-09-03,26,seasonal_delta,77463.0,79715.0,-2252.0
2021-09-03,26,ets,78566.31893605179,79715.0,-1148.6810639482137
2021-09-03,52,naive,78711.0,81245.0,-2534.0
2021-09-03,52,drift52,78137.0,81245.0,-3108.0
2021-09-03,52,seasonal_naive,78711.0,81245.0,-2534.0
2021-09-03,52,seasonal_delta,78137.0,81245.0,-3108.0
2021-09-03,52,ets,78556.00224848057,81245.0,-2688.997751519433
2021-09-10,13,naive,78743.0,79545.0,-802.0
2021-09-10,13,drift52,78613.0,79545.0,-932.0
2021-09-10,13,seasonal_naive,78722.0,79545.0,-823.0
2021-09-10,13,seasonal_delta,78202.0,79545.0,-1343.0
2021-09-10,13,ets,78226.44828292367,79545.0,-1318.5517170763342
2021-09-10,26,naive,78743.0,79679.0,-936.0
2021-09-10,26,drift52,78483.0,79679.0,-1196.0
2021-09-10,26,seasonal_naive,78044.0,79679.0,-1635.0
2021-09-10,26,seasonal_delta,77524.0,79679.0,-2155.0
2021-09-10,26,ets,78580.89611126954,79679.0,-1098.1038887304603
2021-09-10,52,naive,78743.0,81405.0,-2662.0
2021-09-10,52,drift52,78223.0,81405.0,-3182.0
2021-09-10,52,seasonal_naive,78743.0,81405.0,-2662.0
2021-09-10,52,seasonal_delta,78223.0,81405.0,-3182.0
2021-09-10,52,ets,78634.95437679676,81405.0,-2770.0456232032448
2021-09-17,13,naive,78768.0,79446.0,-678.0
2021-09-17,13,drift52,78663.75,79446.0,-782.25
2021-09-17,13,seasonal_naive,78700.0,79446.0,-746.0
2021-09-17,13,seasonal_delta,78283.0,79446.0,-1163.0
2021-09-17,13,ets,77820.3410075795,79446.0,-1625.6589924205036
2021-09-17,26,naive,78768.0,79808.0,-1040.0
2021-09-17,26,drift52,78559.5,79808.0,-1248.5
2021-09-17,26,seasonal_naive,78081.0,79808.0,-1727.0
2021-09-17,26,seasonal_delta,77664.0,79808.0,-2144.0
2021-09-17,26,ets,78554.26004277551,79808.0,-1253.7399572244904
2021-09-17,52,naive,78768.0,81462.0,-2694.0
2021-09-17,52,drift52,78351.0,81462.0,-3111.0
2021-09-17,52,seasonal_naive,78768.0,81462.0,-2694.0
2021-09-17,52,seasonal_delta,78351.0,81462.0,-3111.0
2021-09-17,52,ets,78753.15347964905,81462.0,-2708.846520350955
2021-09-24,13,naive,78830.0,79249.0,-419.0
2021-09-24,13,drift52,78721.75,79249.0,-527.25
2021-09-24,13,seasonal_naive,78476.33333333333,79249.0,-772.6666666666715
2021-09-24,13,seasonal_delta,78043.33333333333,79249.0,-1205.6666666666715
2021-09-24,13,ets,77465.0743046123,79249.0,-1783.9256953877048
2021-09-24,26,naive,78830.0,79744.0,-914.0
2021-09-24,26,drift52,78613.5,79744.0,-1130.5
2021-09-24,26,seasonal_naive,78081.0,79744.0,-1663.0
2021-09-24,26,seasonal_delta,77648.0,79744.0,-2096.0
2021-09-24,26,ets,78440.91885501058,79744.0,-1303.0811449894245
2021-09-24,52,naive,78830.0,81348.0,-2518.0
2021-09-24,52,drift52,78397.0,81348.0,-2951.0
2021-09-24,52,seasonal_naive,78830.0,81348.0,-2518.0
2021-09-24,52,seasonal_delta,78397.0,81348.0,-2951.0
2021-09-24,52,ets,78862.62437111205,81348.0,-2485.375628887952
2021-10-01,13,naive,78789.0,79092.0,-303.0
2021-10-01,13,drift52,78675.0,79092.0,-417.0
2021-10-01,13,seasonal_naive,78252.66666666667,79092.0,-839.3333333333285
2021-10-01,13,seasonal_delta,77796.66666666667,79092.0,-1295.3333333333285
2021-10-01,13,ets,77120.59298683533,79092.0,-1971.4070131646731
2021-10-01,26,naive,78789.0,79790.0,-1001.0
2021-10-01,26,drift52,78561.0,79790.0,-1229.0
2021-10-01,26,seasonal_naive,77904.0,79790.0,-1886.0
2021-10-01,26,seasonal_delta,77448.0,79790.0,-2342.0
2021-10-01,26,ets,77995.13777478662,79790.0,-1794.8622252133791
2021-10-01,52,naive,78789.0,81309.0,-2520.0
2021-10-01,52,drift52,78333.0,81309.0,-2976.0
2021-10-01,52,seasonal_naive,78789.0,81309.0,-2520.0
2021-10-01,52,seasonal_delta,78333.0,81309.0,-2976.0
2021-10-01,52,ets,78539.56313640538,81309.0,-2769.4368635946157
2021-10-08,13,naive,78930.0,79086.0,-156.0
2021-10-08,13,drift52,78865.75,79086.0,-220.25
2021-10-08,13,seasonal_naive,78029.0,79086.0,-1057.0
2021-10-08,13,seasonal_delta,77772.0,79086.0,-1314.0
2021-10-08,13,ets,77312.73260782473,79086.0,-1773.267392175272
2021-10-08,26,naive,78930.0,79742.0,-812.0
2021-10-08,26,drift52,78801.5,79742.0,-940.5
2021-10-08,26,seasonal_naive,77727.0,79742.0,-2015.0
2021-10-08,26,seasonal_delta,77470.0,79742.0,-2272.0
2021-10-08,26,ets,77868.91068293828,79742.0,-1873.08931706172
2021-10-08,52,naive,78930.0,81423.0,-2493.0
2021-10-08,52,drift52,78673.0,81423.0,-2750.0
2021-10-08,52,seasonal_naive,78930.0,81423.0,-2493.0
2021-10-08,52,seasonal_delta,78673.0,81423.0,-2750.0
2021-10-08,52,ets,78610.57437308022,81423.0,-2812.4256269197795
2021-10-15,13,naive,79033.0,79193.0,-160.0
2021-10-15,13,drift52,78997.5,79193.0,-195.5
2021-10-15,13,seasonal_naive,78032.0,79193.0,-1161.0
2021-10-15,13,seasonal_delta,77890.0,79193.0,-1303.0
2021-10-15,13,ets,77473.15654322479,79193.0,-1719.843456775212
2021-10-15,52,naive,79033.0,81636.0,-2603.0
2021-10-15,52,drift52,78891.0,81636.0,-2745.0
2021-10-15,52,seasonal_naive,79033.0,81636.0,-2603.0
2021-10-15,52,seasonal_delta,78891.0,81636.0,-2745.0
2021-10-15,52,ets,78707.08105143756,81636.0,-2928.9189485624374
2021-10-22,13,naive,79221.0,79303.0,-82.0
2021-10-22,13,drift52,79235.25,79303.0,-67.75
2021-10-22,13,seasonal_naive,78030.0,79303.0,-1273.0
2021-10-22,13,seasonal_delta,78087.0,79303.0,-1216.0
2021-10-22,13,ets,77682.58151432585,79303.0,-1620.4184856741485
2021-10-22,26,naive,79221.0,79569.0,-348.0
2021-10-22,26,drift52,79249.5,79569.0,-319.5
2021-10-22,26,seasonal_naive,77738.0,79569.0,-1831.0
2021-10-22,26,seasonal_delta,77795.0,79569.0,-1774.0
2021-10-22,26,ets,77789.08337939807,79569.0,-1779.916620601929
2021-10-22,52,naive,79221.0,81866.0,-2645.0
2021-10-22,52,drift52,79278.0,81866.0,-2588.0
2021-10-22,52,seasonal_naive,79221.0,81866.0,-2645.0
2021-10-22,52,seasonal_delta,79278.0,81866.0,-2588.0
2021-10-22,52,ets,78715.05697444192,81866.0,-3150.943025558081
2021-10-29,13,naive,79380.0,79412.0,-32.0
2021-10-29,13,drift52,79454.25,79412.0,42.25
2021-10-29,13,seasonal_naive,78065.0,79412.0,-1347.0
2021-10-29,13,seasonal_delta,78362.0,79412.0,-1050.0
2021-10-29,13,ets,79012.85350883855,79412.0,-399.14649116144574
2021-10-29,26,naive,79380.0,79729.0,-349.0
2021-10-29,26,drift52,79528.5,79729.0,-200.5
2021-10-29,26,seasonal_naive,77859.0,79729.0,-1870.0
2021-10-29,26,seasonal_delta,78156.0,79729.0,-1573.0
2021-10-29,26,ets,78909.56664943138,79729.0,-819.4333505686227
2021-10-29,52,naive,79380.0,82063.0,-2683.0
2021-10-29,52,drift52,79677.0,82063.0,-2386.0
2021-10-29,52,seasonal_naive,79380.0,82063.0,-2683.0
2021-10-29,52,seasonal_delta,79677.0,82063.0,-2386.0
2021-10-29,52,ets,79849.96667934165,82063.0,-2213.0333206583455
2021-11-05,13,naive,79284.0,79623.0,-339.0
2021-11-05,13,drift52,79358.0,79623.0,-265.0
2021-11-05,13,seasonal_naive,78114.0,79623.0,-1509.0
2021-11-05,13,seasonal_delta,78410.0,79623.0,-1213.0
2021-11-05,13,ets,79189.48236583504,79623.0,-433.51763416496397
2021-11-05,26,naive,79284.0,79746.0,-462.0
2021-11-05,26,drift52,79432.0,79746.0,-314.0
2021-11-05,26,seasonal_naive,77773.0,79746.0,-1973.0
2021-11-05,26,seasonal_delta,78069.0,79746.0,-1677.0
2021-11-05,26,ets,78954.23792428394,79746.0,-791.7620757160621
2021-11-05,52,naive,79284.0,82161.0,-2877.0
2021-11-05,52,drift52,79580.0,82161.0,-2581.0
2021-11-05,52,seasonal_naive,79284.0,82161.0,-2877.0
2021-11-05,52,seasonal_delta,79580.0,82161.0,-2581.0
2021-11-05,52,ets,79823.6757320101,82161.0,-2337.3242679898976
2021-11-12,13,naive,79401.0,79765.0,-364.0
2021-11-12,13,drift52,79507.0,79765.0,-258.0
2021-11-12,13,seasonal_naive,78118.0,79765.0,-1647.0
2021-11-12,13,seasonal_delta,78542.0,79765.0,-1223.0
2021-11-12,13,ets,79239.03866563099,79765.0,-525.9613343690144
2021-11-12,26,naive,79401.0,79927.0,-526.0
2021-11-12,26,drift52,79613.0,79927.0,-314.0
2021-11-12,26,seasonal_naive,77916.0,79927.0,-2011.0
2021-11-12,26,seasonal_delta,78340.0,79927.0,-1587.0
2021-11-12,26,ets,79022.89063567811,79927.0,-904.1093643218919
2021-11-12,52,naive,79401.0,82379.0,-2978.0
2021-11-12,52,drift52,79825.0,82379.0,-2554.0
2021-11-12,52,seasonal_naive,79401.0,82379.0,-2978.0
2021-11-12,52,seasonal_delta,79825.0,82379.0,-2554.0
2021-11-12,52,ets,79764.3239643095,82379.0,-2614.6760356904997
2021-11-19,13,naive,79580.0,79721.0,-141.0
2021-11-19,13,drift52,79765.5,79721.0,44.5
2021-11-19,13,seasonal_naive,77992.0,79721.0,-1729.0
2021-11-19,13,seasonal_delta,78734.0,79721.0,-987.0
2021-11-19,13,ets,79271.50753549808,79721.0,-449.49246450192004
2021-11-19,26,naive,79580.0,80030.0,-450.0
2021-11-19,26,drift52,79951.0,80030.0,-79.0
2021-11-19,26,seasonal_naive,78049.0,80030.0,-1981.0
2021-11-19,26,seasonal_delta,78791.0,80030.0,-1239.0
2021-11-19,26,ets,79004.57924133084,80030.0,-1025.4207586691628
2021-11-19,52,naive,79580.0,82691.0,-3111.0
2021-11-19,52,drift52,80322.0,82691.0,-2369.0
2021-11-19,52,seasonal_naive,79580.0,82691.0,-3111.0
2021-11-19,52,seasonal_delta,80322.0,82691.0,-2369.0
2021-11-19,52,ets,79665.42554674216,82691.0,-3025.574453257839
2021-11-26,13,naive,79685.0,79724.0,-39.0
2021-11-26,13,drift52,79898.25,79724.0,174.25
2021-11-26,13,seasonal_naive,78015.0,79724.0,-1709.0
2021-11-26,13,seasonal_delta,78868.0,79724.0,-856.0
2021-11-26,13,ets,79995.1361771925,79724.0,271.1361771925003
2021-11-26,26,naive,79685.0,80185.0,-500.0
2021-11-26,26,drift52,80111.5,80185.0,-73.5
2021-11-26,26,seasonal_naive,78104.0,80185.0,-2081.0
2021-11-26,26,seasonal_delta,78957.0,80185.0,-1228.0
2021-11-26,26,ets,79656.17497401637,80185.0,-528.825025983635
2021-11-26,52,naive,79685.0,82839.0,-3154.0
2021-11-26,52,drift52,80538.0,82839.0,-2301.0
2021-11-26,52,seasonal_naive,79685.0,82839.0,-3154.0
2021-11-26,52,seasonal_delta,80538.0,82839.0,-2301.0
2021-11-26,52,ets,80295.82033001748,82839.0,-2543.179669982521
2021-12-03,13,naive,79643.0,79715.0,-72.0
2021-12-03,13,drift52,79834.25,79715.0,119.25
2021-12-03,13,seasonal_naive,78037.0,79715.0,-1678.0
2021-12-03,13,seasonal_delta,78802.0,79715.0,-913.0
2021-12-03,13,ets,80033.6642515411,79715.0,318.6642515410931
2021-12-03,52,naive,79643.0,82896.0,-3253.0
2021-12-03,52,drift52,80408.0,82896.0,-2488.0
2021-12-03,52,seasonal_naive,79643.0,82896.0,-3253.0
2021-12-03,52,seasonal_delta,80408.0,82896.0,-2488.0
2021-12-03,52,ets,80099.42515387642,82896.0,-2796.574846123578
2021-12-10,13,naive,79545.0,79679.0,-134.0
2021-12-10,13,drift52,79750.75,79679.0,71.75
2021-12-10,13,seasonal_naive,78044.0,79679.0,-1635.0
2021-12-10,13,seasonal_delta,78867.0,79679.0,-812.0
2021-12-10,13,ets,80062.16527804702,79679.0,383.16527804701764
2021-12-10,26,naive,79545.0,80115.0,-570.0
2021-12-10,26,drift52,79956.5,80115.0,-158.5
2021-12-10,26,seasonal_naive,78132.0,80115.0,-1983.0
2021-12-10,26,seasonal_delta,78955.0,80115.0,-1160.0
2021-12-10,26,ets,79607.33871929311,80115.0,-507.66128070688865
2021-12-10,52,naive,79545.0,82832.0,-3287.0
2021-12-10,52,drift52,80368.0,82832.0,-2464.0
2021-12-10,52,seasonal_naive,79545.0,82832.0,-3287.0
2021-12-10,52,seasonal_delta,80368.0,82832.0,-2464.0
2021-12-10,52,ets,79751.75534907369,82832.0,-3080.24465092631
2021-12-17,13,naive,79446.0,79808.0,-362.0
2021-12-17,13,drift52,79632.5,79808.0,-175.5
2021-12-17,13,seasonal_naive,78081.0,79808.0,-1727.0
2021-12-17,13,seasonal_delta,78827.0,79808.0,-981.0
2021-12-17,13,ets,80022.40421812661,79808.0,214.40421812661225
2021-12-17,26,naive,79446.0,80360.0,-914.0
2021-12-17,26,drift52,79819.0,80360.0,-541.0
2021-12-17,26,seasonal_naive,78172.0,80360.0,-2188.0
2021-12-17,26,seasonal_delta,78918.0,80360.0,-1442.0
2021-12-17,26,ets,79671.27074198883,80360.0,-688.729258011168
2021-12-17,52,naive,79446.0,82668.0,-3222.0
2021-12-17,52,drift52,80192.0,82668.0,-2476.0
2021-12-17,52,seasonal_naive,79446.0,82668.0,-3222.0
2021-12-17,52,seasonal_delta,80192.0,82668.0,-2476.0
2021-12-17,52,ets,79323.76083747872,82668.0,-3344.2391625212767
2021-12-24,13,naive,79249.0,79744.0,-495.0
2021-12-24,13,drift52,79442.16666666667,79744.0,-301.8333333333285
2021-12-24,13,seasonal_naive,78081.0,79744.0,-1663.0
2021-12-24,13,seasonal_delta,78853.66666666667,79744.0,-890.3333333333285
2021-12-24,13,ets,80894.57781392292,79744.0,1150.5778139229224
2021-12-24,26,naive,79249.0,80476.0,-1227.0
2021-12-24,26,drift52,79635.33333333334,80476.0,-840.666666666657
2021-12-24,26,seasonal_naive,78250.0,80476.0,-2226.0
2021-12-24,26,seasonal_delta,79022.66666666667,80476.0,-1453.3333333333285
2021-12-24,26,ets,80696.41436297548,80476.0,220.41436297548353
2021-12-24,52,naive,79249.0,82452.0,-3203.0
2021-12-24,52,drift52,80021.66666666667,82452.0,-2430.3333333333285
2021-12-24,52,seasonal_naive,79249.0,82452.0,-3203.0
2021-12-24,52,seasonal_delta,80021.66666666667,82452.0,-2430.3333333333285
2021-12-24,52,ets,79977.17280831882,82452.0,-2474.827191681179
2021-12-31,13,naive,79092.0,79790.0,-698.0
2021-12-31,13,drift52,79301.83333333333,79790.0,-488.1666666666715
2021-12-31,13,seasonal_naive,77904.0,79790.0,-1886.0
2021-12-31,13,seasonal_delta,78743.33333333333,79790.0,-1046.6666666666715
2021-12-31,13,ets,80837.66725692795,79790.0,1047.6672569279472
2021-12-31,26,naive,79092.0,80726.0,-1634.0
2021-12-31,26,drift52,79511.66666666666,80726.0,-1214.333333333343
2021-12-31,26,seasonal_naive,78362.0,80726.0,-2364.0
2021-12-31,26,seasonal_delta,79201.33333333333,80726.0,-1524.6666666666715
2021-12-31,26,ets,80815.23415783868,80726.0,89.23415783868404
2021-12-31,52,naive,79092.0,82176.0,-3084.0
2021-12-31,52,drift52,79931.33333333333,82176.0,-2244.6666666666715
2021-12-31,52,seasonal_naive,79092.0,82176.0,-3084.0
2021-12-31,52,seasonal_delta,79931.33333333333,82176.0,-2244.6666666666715
2021-12-31,52,ets,79951.10188107679,82176.0,-2224.8981189232145
2022-01-07,13,naive,79086.0,79742.0,-656.0
2022-01-07,13,drift52,79350.25,79742.0,-391.75
2022-01-07,13,seasonal_naive,77727.0,79742.0,-2015.0
2022-01-07,13,seasonal_delta,78784.0,79742.0,-958.0
2022-01-07,13,ets,80732.78346737084,79742.0,990.7834673708421
2022-01-07,26,naive,79086.0,80769.0,-1683.0
2022-01-07,26,drift52,79614.5,80769.0,-1154.5
2022-01-07,26,seasonal_naive,78489.0,80769.0,-2280.0
2022-01-07,26,seasonal_delta,79546.0,80769.0,-1223.0
2022-01-07,26,ets,80874.6568717614,80769.0,105.65687176139909
2022-01-07,52,naive,79086.0,82212.0,-3126.0
2022-01-07,52,drift52,80143.0,82212.0,-2069.0
2022-01-07,52,seasonal_naive,79086.0,82212.0,-3126.0
2022-01-07,52,seasonal_delta,80143.0,82212.0,-2069.0
2022-01-07,52,ets,80156.02520589519,82212.0,-2055.9747941048117
2022-01-14,26,naive,79193.0,80819.0,-1626.0
2022-01-14,26,drift52,79773.5,80819.0,-1045.5
2022-01-14,26,seasonal_naive,78445.0,80819.0,-2374.0
2022-01-14,26,seasonal_delta,79606.0,80819.0,-1213.0
2022-01-14,26,ets,80894.25444235725,80819.0,75.25444235725445
2022-01-14,52,naive,79193.0,82358.0,-3165.0
2022-01-14,52,drift52,80354.0,82358.0,-2004.0
2022-01-14,52,seasonal_naive,79193.0,82358.0,-3165.0
2022-01-14,52,seasonal_delta,80354.0,82358.0,-2004.0
2022-01-14,52,ets,80351.26284860923,82358.0,-2006.737151390771
2022-01-21,13,naive,79303.0,79569.0,-266.0
2022-01-21,13,drift52,79621.25,79569.0,52.25
2022-01-21,13,seasonal_naive,77738.0,79569.0,-1831.0
2022-01-21,13,seasonal_delta,79011.0,79569.0,-558.0
2022-01-21,13,ets,79109.27899931867,79569.0,-459.7210006813257
2022-01-21,26,naive,79303.0,80784.0,-1481.0
2022-01-21,26,drift52,79939.5,80784.0,-844.5
2022-01-21,26,seasonal_naive,78353.0,80784.0,-2431.0
2022-01-21,26,seasonal_delta,79626.0,80784.0,-1158.0
2022-01-21,26,ets,79295.82929889626,80784.0,-1488.170701103736
2022-01-21,52,naive,79303.0,82538.0,-3235.0
2022-01-21,52,drift52,80576.0,82538.0,-1962.0
2022-01-21,52,seasonal_naive,79303.0,82538.0,-3235.0
2022-01-21,52,seasonal_delta,80576.0,82538.0,-1962.0
2022-01-21,52,ets,78980.05156016561,82538.0,-3557.948439834392
2022-01-28,13,naive,79412.0,79729.0,-317.0
2022-01-28,13,drift52,79748.75,79729.0,19.75
2022-01-28,13,seasonal_naive,77859.0,79729.0,-1870.0
2022-01-28,13,seasonal_delta,79206.0,79729.0,-523.0
2022-01-28,13,ets,79023.77962518518,79729.0,-705.2203748148168
2022-01-28,26,naive,79412.0,80984.0,-1572.0
2022-01-28,26,drift52,80085.5,80984.0,-898.5
2022-01-28,26,seasonal_naive,78488.0,80984.0,-2496.0
2022-01-28,26,seasonal_delta,79835.0,80984.0,-1149.0
2022-01-28,26,ets,79341.79059593691,80984.0,-1642.209404063091
2022-01-28,52,naive,79412.0,82792.0,-3380.0
2022-01-28,52,drift52,80759.0,82792.0,-2033.0
2022-01-28,52,seasonal_naive,79412.0,82792.0,-3380.0
2022-01-28,52,seasonal_delta,80759.0,82792.0,-2033.0
2022-01-28,52,ets,79187.10013040174,82792.0,-3604.899869598259
2022-02-04,13,naive,79623.0,79746.0,-123.0
2022-02-04,13,drift52,80000.25,79746.0,254.25
2022-02-04,13,seasonal_naive,77773.0,79746.0,-1973.0
2022-02-04,13,seasonal_delta,79282.0,79746.0,-464.0
2022-02-04,13,ets,79097.19894226293,79746.0,-648.8010577370733
2022-02-04,26,naive,79623.0,81051.0,-1428.0
2022-02-04,26,drift52,80377.5,81051.0,-673.5
2022-02-04,26,seasonal_naive,78616.0,81051.0,-2435.0
2022-02-04,26,seasonal_delta,80125.0,81051.0,-926.0
2022-02-04,26,ets,79455.14129069781,81051.0,-1595.8587093021924
2022-02-04,52,naive,79623.0,83188.0,-3565.0
2022-02-04,52,drift52,81132.0,83188.0,-2056.0
2022-02-04,52,seasonal_naive,79623.0,83188.0,-3565.0
2022-02-04,52,seasonal_delta,81132.0,83188.0,-2056.0
2022-02-04,52,ets,79339.86701860855,83188.0,-3848.132981391449
2022-02-11,13,naive,79765.0,79927.0,-162.0
2022-02-11,13,drift52,80176.75,79927.0,249.75
2022-02-11,13,seasonal_naive,77916.0,79927.0,-2011.0
2022-02-11,13,seasonal_delta,79563.0,79927.0,-364.0
2022-02-11,13,ets,79199.95842186414,79927.0,-727.0415781358606
2022-02-11,26,naive,79765.0,81070.0,-1305.0
2022-02-11,26,drift52,80588.5,81070.0,-481.5
2022-02-11,26,seasonal_naive,78793.0,81070.0,-2277.0
2022-02-11,26,seasonal_delta,80440.0,81070.0,-630.0
2022-02-11,26,ets,79500.11012556241,81070.0,-1569.889874437591
2022-02-11,52,naive,79765.0,83469.0,-3704.0
2022-02-11,52,drift52,81412.0,83469.0,-2057.0
2022-02-11,52,seasonal_naive,79765.0,83469.0,-3704.0
2022-02-11,52,seasonal_delta,81412.0,83469.0,-2057.0
2022-02-11,52,ets,79401.74480031327,83469.0,-4067.255199686726
2022-02-18,13,naive,79721.0,80030.0,-309.0
2022-02-18,13,drift52,80153.25,80030.0,123.25
2022-02-18,13,seasonal_naive,78049.0,80030.0,-1981.0
2022-02-18,13,seasonal_delta,79778.0,80030.0,-252.0
2022-02-18,13,ets,79334.43469378109,80030.0,-695.5653062189085
2022-02-18,26,naive,79721.0,81207.0,-1486.0
2022-02-18,26,drift52,80585.5,81207.0,-621.5
2022-02-18,26,seasonal_naive,78832.0,81207.0,-2375.0
2022-02-18,26,seasonal_delta,80561.0,81207.0,-646.0
2022-02-18,26,ets,79662.360969713,81207.0,-1544.6390302869986
2022-02-18,52,naive,79721.0,83687.0,-3966.0
2022-02-18,52,drift52,81450.0,83687.0,-2237.0
2022-02-18,52,seasonal_naive,79721.0,83687.0,-3966.0
2022-02-18,52,seasonal_delta,81450.0,83687.0,-2237.0
2022-02-18,52,ets,79626.67844101929,83687.0,-4060.321558980708
2022-02-25,13,naive,79724.0,80185.0,-461.0
2022-02-25,13,drift52,80151.25,80185.0,-33.75
2022-02-25,13,seasonal_naive,78104.0,80185.0,-2081.0
2022-02-25,13,seasonal_delta,79813.0,80185.0,-372.0
2022-02-25,13,ets,79287.57666906629,80185.0,-897.4233309337142
2022-02-25,26,naive,79724.0,81274.0,-1550.0
2022-02-25,26,drift52,80578.5,81274.0,-695.5
2022-02-25,26,seasonal_naive,78750.0,81274.0,-2524.0
2022-02-25,26,seasonal_delta,80459.0,81274.0,-815.0
2022-02-25,26,ets,79629.34588428662,81274.0,-1644.654115713376
2022-02-25,52,naive,79724.0,83844.0,-4120.0
2022-02-25,52,drift52,81433.0,83844.0,-2411.0
2022-02-25,52,seasonal_naive,79724.0,83844.0,-4120.0
2022-02-25,52,seasonal_delta,81433.0,83844.0,-2411.0
2022-02-25,52,ets,79652.93920070631,83844.0,-4191.060799293686
2022-03-04,26,naive,79715.0,81245.0,-1530.0
2022-03-04,26,drift52,80554.0,81245.0,-691.0
2022-03-04,26,seasonal_naive,78711.0,81245.0,-2534.0
2022-03-04,26,seasonal_delta,80389.0,81245.0,-856.0
2022-03-04,26,ets,79682.95544008208,81245.0,-1562.044559917922
2022-03-04,52,naive,79715.0,83990.0,-4275.0
2022-03-04,52,drift52,81393.0,83990.0,-2597.0
2022-03-04,52,seasonal_naive,79715.0,83990.0,-4275.0
2022-03-04,52,seasonal_delta,81393.0,83990.0,-2597.0
2022-03-04,52,ets,79683.65331214176,83990.0,-4306.34668785824
2022-03-11,13,naive,79679.0,80115.0,-436.0
2022-03-11,13,drift52,80087.75,80115.0,-27.25
2022-03-11,13,seasonal_naive,78132.0,80115.0,-1983.0
2022-03-11,13,seasonal_delta,79767.0,80115.0,-348.0
2022-03-11,13,ets,79233.97862724827,80115.0,-881.0213727517257
2022-03-11,26,naive,79679.0,81405.0,-1726.0
2022-03-11,26,drift52,80496.5,81405.0,-908.5
2022-03-11,26,seasonal_naive,78743.0,81405.0,-2662.0
2022-03-11,26,seasonal_delta,80378.0,81405.0,-1027.0
2022-03-11,26,ets,79752.44541437211,81405.0,-1652.5545856278914
2022-03-11,52,naive,79679.0,84137.0,-4458.0
2022-03-11,52,drift52,81314.0,84137.0,-2823.0
2022-03-11,52,seasonal_naive,79679.0,84137.0,-4458.0
2022-03-11,52,seasonal_delta,81314.0,84137.0,-2823.0
2022-03-11,52,ets,79692.38438227888,84137.0,-4444.615617721123
2022-03-18,13,naive,79808.0,80360.0,-552.0
2022-03-18,13,drift52,80239.75,80360.0,-120.25
2022-03-18,13,seasonal_naive,78172.0,80360.0,-2188.0
2022-03-18,13,seasonal_delta,79899.0,80360.0,-461.0
2022-03-18,13,ets,79660.6299208496,80360.0,-699.3700791503943
2022-03-18,26,naive,79808.0,81462.0,-1654.0
2022-03-18,26,drift52,80671.5,81462.0,-790.5
2022-03-18,26,seasonal_naive,78768.0,81462.0,-2694.0
2022-03-18,26,seasonal_delta,80495.0,81462.0,-967.0
2022-03-18,26,ets,80256.0909568918,81462.0,-1205.9090431082004
2022-03-18,52,naive,79808.0,84180.0,-4372.0
2022-03-18,52,drift52,81535.0,84180.0,-2645.0
2022-03-18,52,seasonal_naive,79808.0,84180.0,-4372.0
2022-03-18,52,seasonal_delta,81535.0,84180.0,-2645.0
2022-03-18,52,ets,80044.11967254899,84180.0,-4135.880327451014
2022-03-25,13,naive,79744.0,80476.0,-732.0
2022-03-25,13,drift52,80159.75,80476.0,-316.25
2022-03-25,13,seasonal_naive,78250.0,80476.0,-2226.0
2022-03-25,13,seasonal_delta,79913.0,80476.0,-563.0
2022-03-25,13,ets,79711.3963821027,80476.0,-764.6036178973009
2022-03-25,26,naive,79744.0,81348.0,-1604.0
2022-03-25,26,drift52,80575.5,81348.0,-772.5
2022-03-25,26,seasonal_naive,78830.0,81348.0,-2518.0
2022-03-25,26,seasonal_delta,80493.0,81348.0,-855.0
2022-03-25,26,ets,80357.59972855142,81348.0,-990.4002714485832
2022-03-25,52,naive,79744.0,84230.0,-4486.0
2022-03-25,52,drift52,81407.0,84230.0,-2823.0
2022-03-25,52,seasonal_naive,79744.0,84230.0,-4486.0
2022-03-25,52,seasonal_delta,81407.0,84230.0,-2823.0
2022-03-25,52,ets,79929.94066330472,84230.0,-4300.059336695282
2022-04-01,13,naive,79790.0,80726.0,-936.0
2022-04-01,13,drift52,80261.5,80726.0,-464.5
2022-04-01,13,seasonal_naive,78362.0,80726.0,-2364.0
2022-04-01,13,seasonal_delta,80248.0,80726.0,-478.0
2022-04-01,13,ets,79796.12174624519,80726.0,-929.8782537548104
2022-04-01,26,naive,79790.0,81309.0,-1519.0
2022-04-01,26,drift52,80733.0,81309.0,-576.0
2022-04-01,26,seasonal_naive,78789.0,81309.0,-2520.0
2022-04-01,26,seasonal_delta,80675.0,81309.0,-634.0
2022-04-01,26,ets,80411.6841754881,81309.0,-897.3158245118975
2022-04-01,52,naive,79790.0,84372.0,-4582.0
2022-04-01,52,drift52,81676.0,84372.0,-2696.0
2022-04-01,52,seasonal_naive,79790.0,84372.0,-4582.0
2022-04-01,52,seasonal_delta,81676.0,84372.0,-2696.0
2022-04-01,52,ets,79863.23608679608,84372.0,-4508.7639132039185
2022-04-08,13,naive,79742.0,80769.0,-1027.0
2022-04-08,13,drift52,80245.75,80769.0,-523.25
2022-04-08,13,seasonal_naive,78489.0,80769.0,-2280.0
2022-04-08,13,seasonal_delta,80504.0,80769.0,-265.0
2022-04-08,13,ets,79834.06110923854,80769.0,-934.938890761463
2022-04-08,26,naive,79742.0,81423.0,-1681.0
2022-04-08,26,drift52,80749.5,81423.0,-673.5
2022-04-08,26,seasonal_naive,78930.0,81423.0,-2493.0
2022-04-08,26,seasonal_delta,80945.0,81423.0,-478.0
2022-04-08,26,ets,80479.95210851647,81423.0,-943.0478914835257
2022-04-22,13,naive,79569.0,80784.0,-1215.0
2022-04-22,13,drift52,80026.75,80784.0,-757.25
2022-04-22,13,seasonal_naive,78353.0,80784.0,-2431.0
2022-04-22,13,seasonal_delta,80184.0,80784.0,-600.0
2022-04-22,13,ets,79881.14661423845,80784.0,-902.8533857615548
2022-04-22,26,naive,79569.0,81866.0,-2297.0
2022-04-22,26,drift52,80484.5,81866.0,-1381.5
2022-04-22,26,seasonal_naive,79221.0,81866.0,-2645.0
2022-04-22,26,seasonal_delta,81052.0,81866.0,-814.0
2022-04-22,26,ets,80589.57568070781,81866.0,-1276.4243192921858
2022-04-22,52,naive,79569.0,84539.0,-4970.0
2022-04-22,52,drift52,81400.0,84539.0,-3139.0
2022-04-22,52,seasonal_naive,79569.0,84539.0,-4970.0
2022-04-22,52,seasonal_delta,81400.0,84539.0,-3139.0
2022-04-29,13,naive,79729.0,80984.0,-1255.0
2022-04-29,13,drift52,80196.5,80984.0,-787.5
2022-04-29,13,seasonal_naive,78488.0,80984.0,-2496.0
2022-04-29,13,seasonal_delta,80358.0,80984.0,-626.0
2022-04-29,13,ets,79962.87670038447,80984.0,-1021.1232996155304
2022-04-29,26,naive,79729.0,82063.0,-2334.0
2022-04-29,26,drift52,80664.0,82063.0,-1399.0
2022-04-29,26,seasonal_naive,79380.0,82063.0,-2683.0
2022-04-29,26,seasonal_delta,81250.0,82063.0,-813.0
2022-04-29,26,ets,80548.25147515147,82063.0,-1514.7485248485318
2022-04-29,52,naive,79729.0,84658.0,-4929.0
2022-04-29,52,drift52,81599.0,84658.0,-3059.0
2022-04-29,52,seasonal_naive,79729.0,84658.0,-4929.0
2022-04-29,52,seasonal_delta,81599.0,84658.0,-3059.0
2022-05-06,13,naive,79746.0,81051.0,-1305.0
2022-05-06,13,drift52,80239.25,81051.0,-811.75
2022-05-06,13,seasonal_naive,78616.0,81051.0,-2435.0
2022-05-06,13,seasonal_delta,80589.0,81051.0,-462.0
2022-05-06,13,ets,80066.67299170692,81051.0,-984.327008293083
2022-05-06,26,naive,79746.0,82161.0,-2415.0
2022-05-06,26,drift52,80732.5,82161.0,-1428.5
2022-05-06,26,seasonal_naive,79284.0,82161.0,-2877.0
2022-05-06,26,seasonal_delta,81257.0,82161.0,-904.0
2022-05-06,26,ets,80495.64698058875,82161.0,-1665.3530194112536
2022-05-06,52,naive,79746.0,84772.0,-5026.0
2022-05-06,52,drift52,81719.0,84772.0,-3053.0
2022-05-06,52,seasonal_naive,79746.0,84772.0,-5026.0
2022-05-06,52,seasonal_delta,81719.0,84772.0,-3053.0
2022-05-13,13,naive,79927.0,81070.0,-1143.0
2022-05-13,13,drift52,80429.75,81070.0,-640.25
2022-05-13,13,seasonal_naive,78793.0,81070.0,-2277.0
2022-05-13,13,seasonal_delta,80804.0,81070.0,-266.0
2022-05-13,13,ets,80393.94392806216,81070.0,-676.0560719378409
2022-05-13,26,naive,79927.0,82379.0,-2452.0
2022-05-13,26,drift52,80932.5,82379.0,-1446.5
2022-05-13,26,seasonal_naive,79401.0,82379.0,-2978.0
2022-05-13,26,seasonal_delta,81412.0,82379.0,-967.0
2022-05-13,26,ets,80845.27143807679,82379.0,-1533.7285619232134
2022-05-13,52,naive,79927.0,84940.0,-5013.0
2022-05-13,52,drift52,81938.0,84940.0,-3002.0
2022-05-13,52,seasonal_naive,79927.0,84940.0,-5013.0
2022-05-13,52,seasonal_delta,81938.0,84940.0,-3002.0
2022-05-13,52,ets,80093.65053705868,84940.0,-4846.349462941318
2022-05-20,13,naive,80030.0,81207.0,-1177.0
2022-05-20,13,drift52,80525.25,81207.0,-681.75
2022-05-20,13,seasonal_naive,78832.0,81207.0,-2375.0
2022-05-20,13,seasonal_delta,80813.0,81207.0,-394.0
2022-05-20,13,ets,80404.91344923439,81207.0,-802.0865507656126
2022-05-20,26,naive,80030.0,82691.0,-2661.0
2022-05-20,26,drift52,81020.5,82691.0,-1670.5
2022-05-20,26,seasonal_naive,79580.0,82691.0,-3111.0
2022-05-20,26,seasonal_delta,81561.0,82691.0,-1130.0
2022-05-20,26,ets,80729.62916275598,82691.0,-1961.370837244016
2022-05-20,52,naive,80030.0,85193.0,-5163.0
2022-05-20,52,drift52,82011.0,85193.0,-3182.0
2022-05-20,52,seasonal_naive,80030.0,85193.0,-5163.0
2022-05-20,52,seasonal_delta,82011.0,85193.0,-3182.0
2022-05-20,52,ets,80119.63106777861,85193.0,-5073.36893222139
2022-05-27,13,naive,80185.0,81274.0,-1089.0
2022-05-27,13,drift52,80705.25,81274.0,-568.75
2022-05-27,13,seasonal_naive,78750.0,81274.0,-2524.0
2022-05-27,13,seasonal_delta,80831.0,81274.0,-443.0
2022-05-27,13,ets,80395.61965083437,81274.0,-878.380349165629
2022-05-27,26,naive,80185.0,82839.0,-2654.0
2022-05-27,26,drift52,81225.5,82839.0,-1613.5
2022-05-27,26,seasonal_naive,79685.0,82839.0,-3154.0
2022-05-27,26,seasonal_delta,81766.0,82839.0,-1073.0
2022-05-27,26,ets,80628.15122735292,82839.0,-2210.8487726470776
2022-05-27,52,naive,80185.0,85415.0,-5230.0
2022-05-27,52,drift52,82266.0,85415.0,-3149.0
2022-05-27,52,seasonal_naive,80185.0,85415.0,-5230.0
2022-05-27,52,seasonal_delta,82266.0,85415.0,-3149.0
2022-05-27,52,ets,80037.12793340338,85415.0,-5377.872066596625
2022-06-10,13,naive,80115.0,81405.0,-1290.0
2022-06-10,13,drift52,80610.75,81405.0,-794.25
2022-06-10,13,seasonal_naive,78743.0,81405.0,-2662.0
2022-06-10,13,seasonal_delta,80726.0,81405.0,-679.0
2022-06-10,13,ets,80738.0025103241,81405.0,-666.997489675894
2022-06-10,26,naive,80115.0,82832.0,-2717.0
2022-06-10,26,drift52,81106.5,82832.0,-1725.5
2022-06-10,26,seasonal_naive,79545.0,82832.0,-3287.0
2022-06-10,26,seasonal_delta,81528.0,82832.0,-1304.0
2022-06-10,26,ets,80374.98178147856,82832.0,-2457.018218521436
2022-06-10,52,naive,80115.0,85246.0,-5131.0
2022-06-10,52,drift52,82098.0,85246.0,-3148.0
2022-06-10,52,seasonal_naive,80115.0,85246.0,-5131.0
2022-06-10,52,seasonal_delta,82098.0,85246.0,-3148.0
2022-06-10,52,ets,80218.71747842453,85246.0,-5027.282521575471
2022-06-17,13,naive,80360.0,81462.0,-1102.0
2022-06-17,13,drift52,80907.0,81462.0,-555.0
2022-06-17,13,seasonal_naive,78768.0,81462.0,-2694.0
2022-06-17,13,seasonal_delta,80956.0,81462.0,-506.0
2022-06-17,13,ets,80822.32708953993,81462.0,-639.6729104600672
2022-06-17,26,naive,80360.0,82668.0,-2308.0
2022-06-17,26,drift52,81454.0,82668.0,-1214.0
2022-06-17,26,seasonal_naive,79446.0,82668.0,-3222.0
2022-06-17,26,seasonal_delta,81634.0,82668.0,-1034.0
2022-06-17,26,ets,80004.0140341708,82668.0,-2663.985965829197
2022-06-17,52,naive,80360.0,85420.0,-5060.0
2022-06-17,52,drift52,82548.0,85420.0,-2872.0
2022-06-17,52,seasonal_naive,80360.0,85420.0,-5060.0
2022-06-17,52,seasonal_delta,82548.0,85420.0,-2872.0
2022-06-17,52,ets,80242.09755399011,85420.0,-5177.902446009888
2022-06-24,13,naive,80476.0,81348.0,-872.0
2022-06-24,13,drift52,81032.5,81348.0,-315.5
2022-06-24,13,seasonal_naive,78830.0,81348.0,-2518.0
2022-06-24,13,seasonal_delta,81056.0,81348.0,-292.0
2022-06-24,13,ets,80929.69500292637,81348.0,-418.30499707363197
2022-06-24,26,naive,80476.0,82452.0,-1976.0
2022-06-24,26,drift52,81589.0,82452.0,-863.0
2022-06-24,26,seasonal_naive,79249.0,82452.0,-3203.0
2022-06-24,26,seasonal_delta,81475.0,82452.0,-977.0
2022-06-24,26,ets,79627.26102625334,82452.0,-2824.7389737466583
2022-06-24,52,naive,80476.0,85572.0,-5096.0
2022-06-24,52,drift52,82702.0,85572.0,-2870.0
2022-06-24,52,seasonal_naive,80476.0,85572.0,-5096.0
2022-06-24,52,seasonal_delta,82702.0,85572.0,-2870.0
2022-06-24,52,ets,80321.17525225038,85572.0,-5250.824747749619
2022-07-01,13,naive,80726.0,81309.0,-583.0
2022-07-01,13,drift52,81317.0,81309.0,8.0
2022-07-01,13,seasonal_naive,78789.0,81309.0,-2520.0
2022-07-01,13,seasonal_delta,81153.0,81309.0,-156.0
2022-07-01,13,ets,81021.62400496966,81309.0,-287.3759950303356
2022-07-01,26,naive,80726.0,82176.0,-1450.0
2022-07-01,26,drift52,81908.0,82176.0,-268.0
2022-07-01,26,seasonal_naive,79092.0,82176.0,-3084.0
2022-07-01,26,seasonal_delta,81456.0,82176.0,-720.0
2022-07-01,26,ets,79585.66423925397,82176.0,-2590.335760746035
2022-07-01,52,naive,80726.0,85851.0,-5125.0
2022-07-01,52,drift52,83090.0,85851.0,-2761.0
2022-07-01,52,seasonal_naive,80726.0,85851.0,-5125.0
2022-07-01,52,seasonal_delta,83090.0,85851.0,-2761.0
2022-07-01,52,ets,80431.23267730595,85851.0,-5419.767322694053
2022-07-08,13,naive,80769.0,81423.0,-654.0
2022-07-08,13,drift52,81339.0,81423.0,-84.0
2022-07-08,13,seasonal_naive,78930.0,81423.0,-2493.0
2022-07-08,13,seasonal_delta,81210.0,81423.0,-213.0
2022-07-08,13,ets,81420.55418798345,81423.0,-2.445812016550917
2022-07-08,26,naive,80769.0,82212.0,-1443.0
2022-07-08,26,drift52,81909.0,82212.0,-303.0
2022-07-08,26,seasonal_naive,79086.0,82212.0,-3126.0
2022-07-08,26,seasonal_delta,81366.0,82212.0,-846.0
2022-07-08,26,ets,80088.67120511462,82212.0,-2123.328794885383
2022-07-08,52,naive,80769.0,86035.0,-5266.0
2022-07-08,52,drift52,83049.0,86035.0,-2986.0
2022-07-08,52,seasonal_naive,80769.0,86035.0,-5266.0
2022-07-08,52,seasonal_delta,83049.0,86035.0,-2986.0
2022-07-08,52,ets,80846.67096499608,86035.0,-5188.329035003917
2022-07-15,13,naive,80819.0,81636.0,-817.0
2022-07-15,13,drift52,81412.5,81636.0,-223.5
2022-07-15,13,seasonal_naive,79033.0,81636.0,-2603.0
2022-07-15,13,seasonal_delta,81407.0,81636.0,-229.0
2022-07-15,13,ets,81522.12873168004,81636.0,-113.87126831995556
2022-07-15,26,naive,80819.0,82358.0,-1539.0
2022-07-15,26,drift52,82006.0,82358.0,-352.0
2022-07-15,26,seasonal_naive,79193.0,82358.0,-3165.0
2022-07-15,26,seasonal_delta,81567.0,82358.0,-791.0
2022-07-15,26,ets,80225.96105629535,82358.0,-2132.0389437046542
2022-07-15,52,naive,80819.0,86344.0,-5525.0
2022-07-15,52,drift52,83193.0,86344.0,-3151.0
2022-07-15,52,seasonal_naive,80819.0,86344.0,-5525.0
2022-07-15,52,seasonal_delta,83193.0,86344.0,-3151.0
2022-07-15,52,ets,80868.55999915481,86344.0,-5475.440000845192
2022-07-22,13,naive,80784.0,81866.0,-1082.0
2022-07-22,13,drift52,81391.75,81866.0,-474.25
2022-07-22,13,seasonal_naive,79221.0,81866.0,-2645.0
2022-07-22,13,seasonal_delta,81652.0,81866.0,-214.0
2022-07-22,13,ets,81531.32525264664,81866.0,-334.67474735336145
2022-07-22,26,naive,80784.0,82538.0,-1754.0
2022-07-22,26,drift52,81999.5,82538.0,-538.5
2022-07-22,26,seasonal_naive,79303.0,82538.0,-3235.0
2022-07-22,26,seasonal_delta,81734.0,82538.0,-804.0
2022-07-22,26,ets,80444.66000865749,82538.0,-2093.339991342509
2022-07-22,52,naive,80784.0,86498.0,-5714.0
2022-07-22,52,drift52,83215.0,86498.0,-3283.0
2022-07-22,52,seasonal_naive,80784.0,86498.0,-5714.0
2022-07-22,52,seasonal_delta,83215.0,86498.0,-3283.0
2022-07-22,52,ets,80805.71824032719,86498.0,-5692.281759672813
2022-07-29,13,naive,80984.0,82063.0,-1079.0
2022-07-29,13,drift52,81608.0,82063.0,-455.0
2022-07-29,13,seasonal_naive,79380.0,82063.0,-2683.0
2022-07-29,13,seasonal_delta,81876.0,82063.0,-187.0
2022-07-29,13,ets,81482.30567280638,82063.0,-580.6943271936179
2022-07-29,26,naive,80984.0,82792.0,-1808.0
2022-07-29,26,drift52,82232.0,82792.0,-560.0
2022-07-29,26,seasonal_naive,79412.0,82792.0,-3380.0
2022-07-29,26,seasonal_delta,81908.0,82792.0,-884.0
2022-07-29,26,ets,80680.92023900874,82792.0,-2111.079760991255
2022-07-29,52,naive,80984.0,86602.0,-5618.0
2022-07-29,52,drift52,83480.0,86602.0,-3122.0
2022-07-29,52,seasonal_naive,80984.0,86602.0,-5618.0
2022-07-29,52,seasonal_delta,83480.0,86602.0,-3122.0
2022-07-29,52,ets,80859.31659407061,86602.0,-5742.683405929391
2022-08-05,13,naive,81051.0,82161.0,-1110.0
2022-08-05,13,drift52,81659.75,82161.0,-501.25
2022-08-05,13,seasonal_naive,79284.0,82161.0,-2877.0
2022-08-05,13,seasonal_delta,81719.0,82161.0,-442.0
2022-08-05,13,ets,81533.12478090942,82161.0,-627.8752190905798
2022-08-05,26,naive,81051.0,83188.0,-2137.0
2022-08-05,26,drift52,82268.5,83188.0,-919.5
2022-08-05,26,seasonal_naive,79623.0,83188.0,-3565.0
2022-08-05,26,seasonal_delta,82058.0,83188.0,-1130.0
2022-08-05,26,ets,80924.92730469583,83188.0,-2263.072695304174
2022-08-05,52,naive,81051.0,86763.0,-5712.0
2022-08-05,52,drift52,83486.0,86763.0,-3277.0
2022-08-05,52,seasonal_naive,81051.0,86763.0,-5712.0
2022-08-05,52,seasonal_delta,83486.0,86763.0,-3277.0
2022-08-05,52,ets,81088.56622403888,86763.0,-5674.433775961123
2022-08-12,13,naive,81070.0,82379.0,-1309.0
2022-08-12,13,drift52,81639.25,82379.0,-739.75
2022-08-12,13,seasonal_naive,79401.0,82379.0,-2978.0
2022-08-12,13,seasonal_delta,81678.0,82379.0,-701.0
2022-08-12,13,ets,81487.2836909867,82379.0,-891.7163090132963
2022-08-12,26,naive,81070.0,83469.0,-2399.0
2022-08-12,26,drift52,82208.5,83469.0,-1260.5
2022-08-12,26,seasonal_naive,79765.0,83469.0,-3704.0
2022-08-12,26,seasonal_delta,82042.0,83469.0,-1427.0
2022-08-12,26,ets,81000.53078018015,83469.0,-2468.4692198198463
2022-08-12,52,naive,81070.0,86790.0,-5720.0
2022-08-12,52,drift52,83347.0,86790.0,-3443.0
2022-08-12,52,seasonal_naive,81070.0,86790.0,-5720.0
2022-08-12,52,seasonal_delta,83347.0,86790.0,-3443.0
2022-08-12,52,ets,81104.71899933158,86790.0,-5685.281000668416
2022-08-19,13,naive,81207.0,82691.0,-1484.0
2022-08-19,13,drift52,81800.75,82691.0,-890.25
2022-08-19,13,seasonal_naive,79580.0,82691.0,-3111.0
2022-08-19,13,seasonal_delta,81955.0,82691.0,-736.0
2022-08-19,13,ets,81410.26805520688,82691.0,-1280.7319447931222
2022-08-19,26,naive,81207.0,83687.0,-2480.0
2022-08-19,26,drift52,82394.5,83687.0,-1292.5
2022-08-19,26,seasonal_naive,79721.0,83687.0,-3966.0
2022-08-19,26,seasonal_delta,82096.0,83687.0,-1591.0
2022-08-19,26,ets,81030.36666635204,83687.0,-2656.6333336479584
2022-08-19,52,naive,81207.0,87012.0,-5805.0
2022-08-19,52,drift52,83582.0,87012.0,-3430.0
2022-08-19,52,seasonal_naive,81207.0,87012.0,-5805.0
2022-08-19,52,seasonal_delta,83582.0,87012.0,-3430.0
2022-08-19,52,ets,81068.583369209,87012.0,-5943.416630791005
2022-08-26,13,naive,81274.0,82839.0,-1565.0
2022-08-26,13,drift52,81905.0,82839.0,-934.0
2022-08-26,13,seasonal_naive,79685.0,82839.0,-3154.0
2022-08-26,13,seasonal_delta,82209.0,82839.0,-630.0
2022-08-26,13,ets,81325.43485234203,82839.0,-1513.565147657966
2022-08-26,26,naive,81274.0,83844.0,-2570.0
2022-08-26,26,drift52,82536.0,83844.0,-1308.0
2022-08-26,26,seasonal_naive,79724.0,83844.0,-4120.0
2022-08-26,26,seasonal_delta,82248.0,83844.0,-1596.0
2022-08-26,26,ets,81054.53703402639,83844.0,-2789.4629659736092
2022-08-26,52,naive,81274.0,87063.0,-5789.0
2022-08-26,52,drift52,83798.0,87063.0,-3265.0
2022-08-26,52,seasonal_naive,81274.0,87063.0,-5789.0
2022-08-26,52,seasonal_delta,83798.0,87063.0,-3265.0
2022-08-26,52,ets,81045.28038172315,87063.0,-6017.719618276853
2022-09-02,13,naive,81245.0,82896.0,-1651.0
2022-09-02,13,drift52,81878.5,82896.0,-1017.5
2022-09-02,13,seasonal_naive,79643.0,82896.0,-3253.0
2022-09-02,13,seasonal_delta,82177.0,82896.0,-719.0
2022-09-02,13,ets,81265.75781024742,82896.0,-1630.2421897525783
2022-09-02,26,naive,81245.0,83990.0,-2745.0
2022-09-02,26,drift52,82512.0,83990.0,-1478.0
2022-09-02,26,seasonal_naive,79715.0,83990.0,-4275.0
2022-09-02,26,seasonal_delta,82249.0,83990.0,-1741.0
2022-09-02,26,ets,81267.42252426296,83990.0,-2722.577475737038
2022-09-02,52,naive,81245.0,87124.0,-5879.0
2022-09-02,52,drift52,83779.0,87124.0,-3345.0
2022-09-02,52,seasonal_naive,81245.0,87124.0,-5879.0
2022-09-02,52,seasonal_delta,83779.0,87124.0,-3345.0
2022-09-02,52,ets,81257.47498640131,87124.0,-5866.525013598686
2022-09-09,13,naive,81405.0,82832.0,-1427.0
2022-09-09,13,drift52,82070.5,82832.0,-761.5
2022-09-09,13,seasonal_naive,79545.0,82832.0,-3287.0
2022-09-09,13,seasonal_delta,82207.0,82832.0,-625.0
2022-09-09,13,ets,80948.89402342314,82832.0,-1883.1059765768587
2022-09-09,26,naive,81405.0,84137.0,-2732.0
2022-09-09,26,drift52,82736.0,84137.0,-1401.0
2022-09-09,26,seasonal_naive,79679.0,84137.0,-4458.0
2022-09-09,26,seasonal_delta,82341.0,84137.0,-1796.0
2022-09-09,26,ets,81272.3065693402,84137.0,-2864.6934306597977
2022-09-09,52,naive,81405.0,87128.0,-5723.0
2022-09-09,52,drift52,84067.0,87128.0,-3061.0
2022-09-09,52,seasonal_naive,81405.0,87128.0,-5723.0
2022-09-09,52,seasonal_delta,84067.0,87128.0,-3061.0
2022-09-09,52,ets,81330.0028906059,87128.0,-5797.9971093940985
2022-09-16,13,naive,81462.0,82668.0,-1206.0
2022-09-16,13,drift52,82135.5,82668.0,-532.5
2022-09-16,13,seasonal_naive,79446.0,82668.0,-3222.0
2022-09-16,13,seasonal_delta,82140.0,82668.0,-528.0
2022-09-16,13,ets,80564.45947083314,82668.0,-2103.5405291668576
2022-09-16,26,naive,81462.0,84180.0,-2718.0
2022-09-16,26,drift52,82809.0,84180.0,-1371.0
2022-09-16,26,seasonal_naive,79808.0,84180.0,-4372.0
2022-09-16,26,seasonal_delta,82502.0,84180.0,-1678.0
2022-09-16,26,ets,81249.10055599027,84180.0,-2930.8994440097304
2022-09-16,52,naive,81462.0,87423.0,-5961.0
2022-09-16,52,drift52,84156.0,87423.0,-3267.0
2022-09-16,52,seasonal_naive,81462.0,87423.0,-5961.0
2022-09-16,52,seasonal_delta,84156.0,87423.0,-3267.0
2022-09-16,52,ets,81460.15828566685,87423.0,-5962.841714333146
2022-09-23,13,naive,81348.0,82452.0,-1104.0
2022-09-23,13,drift52,81977.5,82452.0,-474.5
2022-09-23,13,seasonal_naive,79249.0,82452.0,-3203.0
2022-09-23,13,seasonal_delta,81767.0,82452.0,-685.0
2022-09-23,13,ets,80217.78077586232,82452.0,-2234.219224137676
2022-09-23,26,naive,81348.0,84230.0,-2882.0
2022-09-23,26,drift52,82607.0,84230.0,-1623.0
2022-09-23,26,seasonal_naive,79744.0,84230.0,-4486.0
2022-09-23,26,seasonal_delta,82262.0,84230.0,-1968.0
2022-09-23,26,ets,81133.4175143652,84230.0,-3096.5824856348045
2022-09-23,52,naive,81348.0,87685.0,-6337.0
2022-09-23,52,drift52,83866.0,87685.0,-3819.0
2022-09-23,52,seasonal_naive,81348.0,87685.0,-6337.0
2022-09-23,52,seasonal_delta,83866.0,87685.0,-3819.0
2022-09-23,52,ets,81561.53774137603,87685.0,-6123.462258623971
2022-09-30,13,naive,81309.0,82176.0,-867.0
2022-09-30,13,drift52,81939.0,82176.0,-237.0
2022-09-30,13,seasonal_naive,79092.0,82176.0,-3084.0
2022-09-30,13,seasonal_delta,81612.0,82176.0,-564.0
2022-09-30,13,ets,79611.94007766656,82176.0,-2564.059922333443
2022-09-30,26,naive,81309.0,84372.0,-3063.0
2022-09-30,26,drift52,82569.0,84372.0,-1803.0
2022-09-30,26,seasonal_naive,79790.0,84372.0,-4582.0
2022-09-30,26,seasonal_delta,82310.0,84372.0,-2062.0
2022-09-30,26,ets,80466.06408177287,84372.0,-3905.935918227129
2022-09-30,52,naive,81309.0,87793.0,-6484.0
2022-09-30,52,drift52,83829.0,87793.0,-3964.0
2022-09-30,52,seasonal_naive,81309.0,87793.0,-6484.0
2022-09-30,52,seasonal_delta,83829.0,87793.0,-3964.0
2022-09-30,52,ets,80989.89521914754,87793.0,-6803.10478085246
2022-10-07,13,naive,81423.0,82212.0,-789.0
2022-10-07,13,drift52,82046.25,82212.0,-165.75
2022-10-07,13,seasonal_naive,79086.0,82212.0,-3126.0
2022-10-07,13,seasonal_delta,81579.0,82212.0,-633.0
2022-10-07,13,ets,79778.1676074029,82212.0,-2433.8323925971054
2022-10-07,52,naive,81423.0,88016.0,-6593.0
2022-10-07,52,drift52,83916.0,88016.0,-4100.0
2022-10-07,52,seasonal_naive,81423.0,88016.0,-6593.0
2022-10-07,52,seasonal_delta,83916.0,88016.0,-4100.0
2022-10-07,52,ets,81049.48167151866,88016.0,-6966.518328481339
2022-10-14,13,naive,81636.0,82358.0,-722.0
2022-10-14,13,drift52,82286.75,82358.0,-71.25
2022-10-14,13,seasonal_naive,79193.0,82358.0,-3165.0
2022-10-14,13,seasonal_delta,81796.0,82358.0,-562.0
2022-10-14,13,ets,79943.45475241373,82358.0,-2414.5452475862694
2022-10-14,26,naive,81636.0,84436.0,-2800.0
2022-10-14,26,drift52,82937.5,84436.0,-1498.5
2022-10-14,26,seasonal_naive,79655.5,84436.0,-4780.5
2022-10-14,26,seasonal_delta,82258.5,84436.0,-2177.5
2022-10-14,26,ets,80270.463357892,84436.0,-4165.536642107996
2022-10-14,52,naive,81636.0,88225.0,-6589.0
2022-10-14,52,drift52,84239.0,88225.0,-3986.0
2022-10-14,52,seasonal_naive,81636.0,88225.0,-6589.0
2022-10-14,52,seasonal_delta,84239.0,88225.0,-3986.0
2022-10-14,52,ets,81145.42297888965,88225.0,-7079.577021110352
2022-10-21,13,naive,81866.0,82538.0,-672.0
2022-10-21,13,drift52,82527.25,82538.0,-10.75
2022-10-21,13,seasonal_naive,79303.0,82538.0,-3235.0
2022-10-21,13,seasonal_delta,81948.0,82538.0,-590.0
2022-10-21,13,ets,80124.42738323401,82538.0,-2413.5726167659886
2022-10-21,26,naive,81866.0,84539.0,-2673.0
2022-10-21,26,drift52,83188.5,84539.0,-1350.5
2022-10-21,26,seasonal_naive,79569.0,84539.0,-4970.0
2022-10-21,26,seasonal_delta,82214.0,84539.0,-2325.0
2022-10-21,26,ets,80237.14185059264,84539.0,-4301.858149407359
2022-10-21,52,naive,81866.0,88126.0,-6260.0
2022-10-21,52,drift52,84511.0,88126.0,-3615.0
2022-10-21,52,seasonal_naive,81866.0,88126.0,-6260.0
2022-10-21,52,seasonal_delta,84511.0,88126.0,-3615.0
2022-10-21,52,ets,81149.1764173753,88126.0,-6976.823582624696
2022-10-28,13,naive,82063.0,82792.0,-729.0
2022-10-28,13,drift52,82733.75,82792.0,-58.25
2022-10-28,13,seasonal_naive,79412.0,82792.0,-3380.0
2022-10-28,13,seasonal_delta,82095.0,82792.0,-697.0
2022-10-28,13,ets,81831.97515678151,82792.0,-960.024843218489
2022-10-28,26,naive,82063.0,84658.0,-2595.0
2022-10-28,26,drift52,83404.5,84658.0,-1253.5
2022-10-28,26,seasonal_naive,79729.0,84658.0,-4929.0
2022-10-28,26,seasonal_delta,82412.0,84658.0,-2246.0
2022-10-28,26,ets,81786.82039972473,84658.0,-2871.179600275267
2022-10-28,52,naive,82063.0,87801.0,-5738.0
2022-10-28,52,drift52,84746.0,87801.0,-3055.0
2022-10-28,52,seasonal_naive,82063.0,87801.0,-5738.0
2022-10-28,52,seasonal_delta,84746.0,87801.0,-3055.0
2022-10-28,52,ets,82687.36817580136,87801.0,-5113.631824198645
2022-11-04,13,naive,82161.0,83188.0,-1027.0
2022-11-04,13,drift52,82880.25,83188.0,-307.75
2022-11-04,13,seasonal_naive,79623.0,83188.0,-3565.0
2022-11-04,13,seasonal_delta,82500.0,83188.0,-688.0
2022-11-04,13,ets,81991.357237345,83188.0,-1196.6427626549994
2022-11-04,26,naive,82161.0,84772.0,-2611.0
2022-11-04,26,drift52,83599.5,84772.0,-1172.5
2022-11-04,26,seasonal_naive,79746.0,84772.0,-5026.0
2022-11-04,26,seasonal_delta,82623.0,84772.0,-2149.0
2022-11-04,26,ets,81799.56551469192,84772.0,-2972.434485308084
2022-11-04,52,naive,82161.0,87764.0,-5603.0
2022-11-04,52,drift52,85038.0,87764.0,-2726.0
2022-11-04,52,seasonal_naive,82161.0,87764.0,-5603.0
2022-11-04,52,seasonal_delta,85038.0,87764.0,-2726.0
2022-11-04,52,ets,82656.95961149278,87764.0,-5107.0403885072155
2022-11-11,13,naive,82379.0,83469.0,-1090.0
2022-11-11,13,drift52,83123.5,83469.0,-345.5
2022-11-11,13,seasonal_naive,79765.0,83469.0,-3704.0
2022-11-11,13,seasonal_delta,82743.0,83469.0,-726.0
2022-11-11,13,ets,82074.27680759713,83469.0,-1394.7231924028747
2022-11-11,26,naive,82379.0,84940.0,-2561.0
2022-11-11,26,drift52,83868.0,84940.0,-1072.0
2022-11-11,26,seasonal_naive,79927.0,84940.0,-5013.0
2022-11-11,26,seasonal_delta,82905.0,84940.0,-2035.0
2022-11-11,26,ets,81861.94325736501,84940.0,-3078.056742634988
2022-11-11,52,naive,82379.0,87704.0,-5325.0
2022-11-11,52,drift52,85357.0,87704.0,-2347.0
2022-11-11,52,seasonal_naive,82379.0,87704.0,-5325.0
2022-11-11,52,seasonal_delta,85357.0,87704.0,-2347.0
2022-11-11,52,ets,82614.71148716309,87704.0,-5089.288512836909
2022-11-18,13,naive,82691.0,83687.0,-996.0
2022-11-18,13,drift52,83468.75,83687.0,-218.25
2022-11-18,13,seasonal_naive,79721.0,83687.0,-3966.0
2022-11-18,13,seasonal_delta,82832.0,83687.0,-855.0
2022-11-18,13,ets,82133.24582480208,83687.0,-1553.7541751979152
2022-11-18,26,naive,82691.0,85193.0,-2502.0
2022-11-18,26,drift52,84246.5,85193.0,-946.5
2022-11-18,26,seasonal_naive,80030.0,85193.0,-5163.0
2022-11-18,26,seasonal_delta,83141.0,85193.0,-2052.0
2022-11-18,26,ets,81842.88332379346,85193.0,-3350.1166762065404
2022-11-18,52,naive,82691.0,87744.0,-5053.0
2022-11-18,52,drift52,85802.0,87744.0,-1942.0
2022-11-18,52,seasonal_naive,82691.0,87744.0,-5053.0
2022-11-18,52,seasonal_delta,85802.0,87744.0,-1942.0
2022-11-18,52,ets,82513.4464070897,87744.0,-5230.553592910306
2022-11-25,13,naive,82839.0,83844.0,-1005.0
2022-11-25,13,drift52,83627.5,83844.0,-216.5
2022-11-25,13,seasonal_naive,79724.0,83844.0,-4120.0
2022-11-25,13,seasonal_delta,82878.0,83844.0,-966.0
2022-11-25,13,ets,83416.32261667783,83844.0,-427.67738332216686
2022-11-25,26,naive,82839.0,85415.0,-2576.0
2022-11-25,26,drift52,84416.0,85415.0,-999.0
2022-11-25,26,seasonal_naive,80185.0,85415.0,-5230.0
2022-11-25,26,seasonal_delta,83339.0,85415.0,-2076.0
2022-11-25,26,ets,83081.59887529467,85415.0,-2333.4011247053277
2022-11-25,52,naive,82839.0,87930.0,-5091.0
2022-11-25,52,drift52,85993.0,87930.0,-1937.0
2022-11-25,52,seasonal_naive,82839.0,87930.0,-5091.0
2022-11-25,52,seasonal_delta,85993.0,87930.0,-1937.0
2022-11-25,52,ets,83716.36603173832,87930.0,-4213.633968261682
2022-12-02,13,naive,82896.0,83990.0,-1094.0
2022-12-02,13,drift52,83709.25,83990.0,-280.75
2022-12-02,13,seasonal_naive,79715.0,83990.0,-4275.0
2022-12-02,13,seasonal_delta,82968.0,83990.0,-1022.0
2022-12-02,13,ets,83443.0606160997,83990.0,-546.9393839003023
2022-12-02,26,naive,82896.0,85407.0,-2511.0
2022-12-02,26,drift52,84522.5,85407.0,-884.5
2022-12-02,26,seasonal_naive,80150.0,85407.0,-5257.0
2022-12-02,26,seasonal_delta,83403.0,85407.0,-2004.0
2022-12-02,26,ets,83070.71547445164,85407.0,-2336.2845255483553
2022-12-02,52,naive,82896.0,87891.0,-4995.0
2022-12-02,52,drift52,86149.0,87891.0,-1742.0
2022-12-02,52,seasonal_naive,82896.0,87891.0,-4995.0
2022-12-02,52,seasonal_delta,86149.0,87891.0,-1742.0
2022-12-02,52,ets,83527.96963989214,87891.0,-4363.030360107863
2022-12-09,13,naive,82832.0,84137.0,-1305.0
2022-12-09,13,drift52,83653.75,84137.0,-483.25
2022-12-09,13,seasonal_naive,79679.0,84137.0,-4458.0
2022-12-09,13,seasonal_delta,82966.0,84137.0,-1171.0
2022-12-09,13,ets,83462.61478858121,84137.0,-674.3852114187903
2022-12-09,26,naive,82832.0,85246.0,-2414.0
2022-12-09,26,drift52,84475.5,85246.0,-770.5
2022-12-09,26,seasonal_naive,80115.0,85246.0,-5131.0
2022-12-09,26,seasonal_delta,83402.0,85246.0,-1844.0
2022-12-09,26,ets,83033.51196464835,85246.0,-2212.488035351649
2022-12-09,52,naive,82832.0,87864.0,-5032.0
2022-12-09,52,drift52,86119.0,87864.0,-1745.0
2022-12-09,52,seasonal_naive,82832.0,87864.0,-5032.0
2022-12-09,52,seasonal_delta,86119.0,87864.0,-1745.0
2022-12-09,52,ets,83185.87260174865,87864.0,-4678.127398251352
2022-12-16,13,naive,82668.0,84180.0,-1512.0
2022-12-16,13,drift52,83473.5,84180.0,-706.5
2022-12-16,13,seasonal_naive,79808.0,84180.0,-4372.0
2022-12-16,13,seasonal_delta,83030.0,84180.0,-1150.0
2022-12-16,13,ets,83434.21807260058,84180.0,-745.7819273994246
2022-12-16,26,naive,82668.0,85420.0,-2752.0
2022-12-16,26,drift52,84279.0,85420.0,-1141.0
2022-12-16,26,seasonal_naive,80360.0,85420.0,-5060.0
2022-12-16,26,seasonal_delta,83582.0,85420.0,-1838.0
2022-12-16,26,ets,83081.87472992825,85420.0,-2338.125270071745
2022-12-16,52,naive,82668.0,87560.0,-4892.0
2022-12-16,52,drift52,85890.0,87560.0,-1670.0
2022-12-16,52,seasonal_naive,82668.0,87560.0,-4892.0
2022-12-16,52,seasonal_delta,85890.0,87560.0,-1670.0
2022-12-16,52,ets,82815.82415084598,87560.0,-4744.175849154024
2022-12-23,13,naive,82452.0,84230.0,-1778.0
2022-12-23,13,drift52,83252.75,84230.0,-977.25
2022-12-23,13,seasonal_naive,79744.0,84230.0,-4486.0
2022-12-23,13,seasonal_delta,82947.0,84230.0,-1283.0
2022-12-23,13,ets,83873.5107222898,84230.0,-356.4892777102068
2022-12-23,26,naive,82452.0,85572.0,-3120.0
2022-12-23,26,drift52,84053.5,85572.0,-1518.5
2022-12-23,26,seasonal_naive,80476.0,85572.0,-5096.0
2022-12-23,26,seasonal_delta,83679.0,85572.0,-1893.0
2022-12-23,26,ets,83694.90160597162,85572.0,-1877.0983940283768
2022-12-23,52,naive,82452.0,87175.0,-4723.0
2022-12-23,52,drift52,85655.0,87175.0,-1520.0
2022-12-23,52,seasonal_naive,82452.0,87175.0,-4723.0
2022-12-23,52,seasonal_delta,85655.0,87175.0,-1520.0
2022-12-23,52,ets,82993.74251635678,87175.0,-4181.257483643218
2022-12-30,13,naive,82176.0,84372.0,-2196.0
2022-12-30,13,drift52,82947.0,84372.0,-1425.0
2022-12-30,13,seasonal_naive,79790.0,84372.0,-4582.0
2022-12-30,13,seasonal_delta,82874.0,84372.0,-1498.0
2022-12-30,13,ets,83811.7076976408,84372.0,-560.2923023592011
2022-12-30,26,naive,82176.0,85851.0,-3675.0
2022-12-30,26,drift52,83718.0,85851.0,-2133.0
2022-12-30,26,seasonal_naive,80726.0,85851.0,-5125.0
2022-12-30,26,seasonal_delta,83810.0,85851.0,-2041.0
2022-12-30,26,ets,83792.00593156136,85851.0,-2058.9940684386384
2022-12-30,52,naive,82176.0,87216.0,-5040.0
2022-12-30,52,drift52,85260.0,87216.0,-1956.0
2022-12-30,52,seasonal_naive,82176.0,87216.0,-5040.0
2022-12-30,52,seasonal_delta,85260.0,87216.0,-1956.0
2022-12-30,52,ets,82988.55039156384,87216.0,-4227.44960843616
2023-01-06,26,naive,82212.0,86035.0,-3823.0
2023-01-06,26,drift52,83775.0,86035.0,-2260.0
2023-01-06,26,seasonal_naive,80769.0,86035.0,-5266.0
2023-01-06,26,seasonal_delta,83895.0,86035.0,-2140.0
2023-01-06,26,ets,83817.57389356822,86035.0,-2217.4261064317834
2023-01-06,52,naive,82212.0,87448.0,-5236.0
2023-01-06,52,drift52,85338.0,87448.0,-2110.0
2023-01-06,52,seasonal_naive,82212.0,87448.0,-5236.0
2023-01-06,52,seasonal_delta,85338.0,87448.0,-2110.0
2023-01-06,52,ets,83168.64346190097,87448.0,-4279.356538099033
2023-01-13,13,naive,82358.0,84436.0,-2078.0
2023-01-13,13,drift52,83149.25,84436.0,-1286.75
2023-01-13,13,seasonal_naive,79655.5,84436.0,-4780.5
2023-01-13,13,seasonal_delta,82820.5,84436.0,-1615.5
2023-01-13,13,ets,83643.07622932969,84436.0,-792.9237706703134
2023-01-13,26,naive,82358.0,86344.0,-3986.0
2023-01-13,26,drift52,83940.5,86344.0,-2403.5
2023-01-13,26,seasonal_naive,80819.0,86344.0,-5525.0
2023-01-13,26,seasonal_delta,83984.0,86344.0,-2360.0
2023-01-13,26,ets,83841.19144011964,86344.0,-2502.808559880359
2023-01-13,52,naive,82358.0,87549.0,-5191.0
2023-01-13,52,drift52,85523.0,87549.0,-2026.0
2023-01-13,52,seasonal_naive,82358.0,87549.0,-5191.0
2023-01-13,52,seasonal_delta,85523.0,87549.0,-2026.0
2023-01-13,52,ets,83325.09548844158,87549.0,-4223.904511558416
2023-01-20,13,naive,82538.0,84539.0,-2001.0
2023-01-20,13,drift52,83346.75,84539.0,-1192.25
2023-01-20,13,seasonal_naive,79569.0,84539.0,-4970.0
2023-01-20,13,seasonal_delta,82804.0,84539.0,-1735.0
2023-01-20,13,ets,82617.4235973693,84539.0,-1921.5764026307006
2023-01-20,26,naive,82538.0,86498.0,-3960.0
2023-01-20,26,drift52,84155.5,86498.0,-2342.5
2023-01-20,26,seasonal_naive,80784.0,86498.0,-5714.0
2023-01-20,26,seasonal_delta,84019.0,86498.0,-2479.0
2023-01-20,26,ets,82837.42146518166,86498.0,-3660.5785348183417
2023-01-20,52,naive,82538.0,87579.0,-5041.0
2023-01-20,52,drift52,85773.0,87579.0,-1806.0
2023-01-20,52,seasonal_naive,82538.0,87579.0,-5041.0
2023-01-20,52,seasonal_delta,85773.0,87579.0,-1806.0
2023-01-20,52,ets,82469.73360190181,87579.0,-5109.266398098189
2023-01-27,13,naive,82792.0,84658.0,-1866.0
2023-01-27,13,drift52,83637.0,84658.0,-1021.0
2023-01-27,13,seasonal_naive,79729.0,84658.0,-4929.0
2023-01-27,13,seasonal_delta,83109.0,84658.0,-1549.0
2023-01-27,13,ets,82585.12357857503,84658.0,-2072.8764214249677
2023-01-27,26,naive,82792.0,86602.0,-3810.0
2023-01-27,26,drift52,84482.0,86602.0,-2120.0
2023-01-27,26,seasonal_naive,80984.0,86602.0,-5618.0
2023-01-27,26,seasonal_delta,84364.0,86602.0,-2238.0
2023-01-27,26,ets,82923.72245460944,86602.0,-3678.2775453905633
2023-01-27,52,naive,82792.0,87538.0,-4746.0
2023-01-27,52,drift52,86172.0,87538.0,-1366.0
2023-01-27,52,seasonal_naive,82792.0,87538.0,-4746.0
2023-01-27,52,seasonal_delta,86172.0,87538.0,-1366.0
2023-01-27,52,ets,82647.12136458291,87538.0,-4890.878635417088
2023-02-03,13,naive,83188.0,84772.0,-1584.0
2023-02-03,13,drift52,84079.25,84772.0,-692.75
2023-02-03,13,seasonal_naive,79746.0,84772.0,-5026.0
2023-02-03,13,seasonal_delta,83311.0,84772.0,-1461.0
2023-02-03,13,ets,82600.51322208493,84772.0,-2171.4867779150663
2023-02-03,26,naive,83188.0,86763.0,-3575.0
2023-02-03,26,drift52,84970.5,86763.0,-1792.5
2023-02-03,26,seasonal_naive,81051.0,86763.0,-5712.0
2023-02-03,26,seasonal_delta,84616.0,86763.0,-2147.0
2023-02-03,26,ets,83017.7448056621,86763.0,-3745.255194337893
2023-02-03,52,naive,83188.0,87706.0,-4518.0
2023-02-03,52,drift52,86753.0,87706.0,-953.0
2023-02-03,52,seasonal_naive,83188.0,87706.0,-4518.0
2023-02-03,52,seasonal_delta,86753.0,87706.0,-953.0
2023-02-03,52,ets,82823.85789738611,87706.0,-4882.142102613885
2023-02-10,13,naive,83469.0,84940.0,-1471.0
2023-02-10,13,drift52,84395.0,84940.0,-545.0
2023-02-10,13,seasonal_naive,79927.0,84940.0,-5013.0
2023-02-10,13,seasonal_delta,83631.0,84940.0,-1309.0
2023-02-10,13,ets,82671.39803921664,84940.0,-2268.6019607833587
2023-02-10,26,naive,83469.0,86790.0,-3321.0
2023-02-10,26,drift52,85321.0,86790.0,-1469.0
2023-02-10,26,seasonal_naive,81070.0,86790.0,-5720.0
2023-02-10,26,seasonal_delta,84774.0,86790.0,-2016.0
2023-02-10,26,ets,83023.86393708324,86790.0,-3766.136062916761
2023-02-10,52,naive,83469.0,87982.0,-4513.0
2023-02-10,52,drift52,87173.0,87982.0,-809.0
2023-02-10,52,seasonal_naive,83469.0,87982.0,-4513.0
2023-02-10,52,seasonal_delta,87173.0,87982.0,-809.0
2023-02-10,52,ets,82899.0240422377,87982.0,-5082.9759577623045
2023-02-17,13,naive,83687.0,85193.0,-1506.0
2023-02-17,13,drift52,84678.5,85193.0,-514.5
2023-02-17,13,seasonal_naive,80030.0,85193.0,-5163.0
2023-02-17,13,seasonal_delta,83996.0,85193.0,-1197.0
2023-02-17,13,ets,83846.98909940242,85193.0,-1346.0109005975828
2023-02-17,26,naive,83687.0,87012.0,-3325.0
2023-02-17,26,drift52,85670.0,87012.0,-1342.0
2023-02-17,26,seasonal_naive,81207.0,87012.0,-5805.0
2023-02-17,26,seasonal_delta,85173.0,87012.0,-1839.0
2023-02-17,26,ets,84217.67879066714,87012.0,-2794.321209332862
2023-02-17,52,naive,83687.0,87936.0,-4249.0
2023-02-17,52,drift52,87653.0,87936.0,-283.0
2023-02-17,52,seasonal_naive,83687.0,87936.0,-4249.0
2023-02-17,52,seasonal_delta,87653.0,87936.0,-283.0
2023-02-17,52,ets,84202.34981064711,87936.0,-3733.650189352891
2023-02-24,13,naive,83844.0,85415.0,-1571.0
2023-02-24,13,drift52,84874.0,85415.0,-541.0
2023-02-24,13,seasonal_naive,80185.0,85415.0,-5230.0
2023-02-24,13,seasonal_delta,84305.0,85415.0,-1110.0
2023-02-24,13,ets,83801.97180700305,85415.0,-1613.0281929969497
2023-02-24,26,naive,83844.0,87063.0,-3219.0
2023-02-24,26,drift52,85904.0,87063.0,-1159.0
2023-02-24,26,seasonal_naive,81274.0,87063.0,-5789.0
2023-02-24,26,seasonal_delta,85394.0,87063.0,-1669.0
2023-02-24,26,ets,84196.05054354995,87063.0,-2866.949456450049
2023-02-24,52,naive,83844.0,87973.0,-4129.0
2023-02-24,52,drift52,87964.0,87973.0,-9.0
2023-02-24,52,seasonal_naive,83844.0,87973.0,-4129.0
2023-02-24,52,seasonal_delta,87964.0,87973.0,-9.0
2023-02-24,52,ets,84237.33870162374,87973.0,-3735.6612983762607
2023-03-03,13,naive,83990.0,85407.0,-1417.0
2023-03-03,13,drift52,85058.75,85407.0,-348.25
2023-03-03,13,seasonal_naive,80150.0,85407.0,-5257.0
2023-03-03,13,seasonal_delta,84425.0,85407.0,-982.0
2023-03-03,13,ets,83795.86156650077,85407.0,-1611.1384334992326
2023-03-03,26,naive,83990.0,87124.0,-3134.0
2023-03-03,26,drift52,86127.5,87124.0,-996.5
2023-03-03,26,seasonal_naive,81245.0,87124.0,-5879.0
2023-03-03,26,seasonal_delta,85520.0,87124.0,-1604.0
2023-03-03,26,ets,84248.86254139291,87124.0,-2875.137458607089
2023-03-03,52,naive,83990.0,88133.0,-4143.0
2023-03-03,52,drift52,88265.0,88133.0,132.0
2023-03-03,52,seasonal_naive,83990.0,88133.0,-4143.0
2023-03-03,52,seasonal_delta,88265.0,88133.0,132.0
2023-03-03,52,ets,84258.7299686379,88133.0,-3874.2700313621026
2023-03-10,13,naive,84137.0,85246.0,-1109.0
2023-03-10,13,drift52,85251.5,85246.0,5.5
2023-03-10,13,seasonal_naive,80115.0,85246.0,-5131.0
2023-03-10,13,seasonal_delta,84573.0,85246.0,-673.0
2023-03-10,13,ets,83778.9385386034,85246.0,-1467.0614613966027
2023-03-10,26,naive,84137.0,87128.0,-2991.0
2023-03-10,26,drift52,86366.0,87128.0,-762.0
2023-03-10,26,seasonal_naive,81405.0,87128.0,-5723.0
2023-03-10,26,seasonal_delta,85863.0,87128.0,-1265.0
2023-03-10,26,ets,84333.47140478171,87128.0,-2794.5285952182894
2023-03-10,52,naive,84137.0,88220.0,-4083.0
2023-03-10,52,drift52,88595.0,88220.0,375.0
2023-03-10,52,seasonal_naive,84137.0,88220.0,-4083.0
2023-03-10,52,seasonal_delta,88595.0,88220.0,375.0
2023-03-10,52,ets,84267.48257328881,88220.0,-3952.517426711187
2023-03-17,13,naive,84180.0,85420.0,-1240.0
2023-03-17,13,drift52,85273.0,85420.0,-147.0
2023-03-17,13,seasonal_naive,80360.0,85420.0,-5060.0
2023-03-17,13,seasonal_delta,84732.0,85420.0,-688.0
2023-03-17,13,ets,84122.32407979612,85420.0,-1297.675920203881
2023-03-17,26,naive,84180.0,87423.0,-3243.0
2023-03-17,26,drift52,86366.0,87423.0,-1057.0
2023-03-17,26,seasonal_naive,81462.0,87423.0,-5961.0
2023-03-17,26,seasonal_delta,85834.0,87423.0,-1589.0
2023-03-17,26,ets,84722.96847963652,87423.0,-2700.031520363482
2023-03-17,52,naive,84180.0,87827.0,-3647.0
2023-03-17,52,drift52,88552.0,87827.0,725.0
2023-03-17,52,seasonal_naive,84180.0,87827.0,-3647.0
2023-03-17,52,seasonal_delta,88552.0,87827.0,725.0
2023-03-17,52,ets,84507.8748359679,87827.0,-3319.125164032099
2023-03-24,13,naive,84230.0,85572.0,-1342.0
2023-03-24,13,drift52,85351.5,85572.0,-220.5
2023-03-24,13,seasonal_naive,80476.0,85572.0,-5096.0
2023-03-24,13,seasonal_delta,84962.0,85572.0,-610.0
2023-03-24,13,ets,84166.23282591098,85572.0,-1405.7671740890219
2023-03-24,26,naive,84230.0,87685.0,-3455.0
2023-03-24,26,drift52,86473.0,87685.0,-1212.0
2023-03-24,26,seasonal_naive,81348.0,87685.0,-6337.0
2023-03-24,26,seasonal_delta,85834.0,87685.0,-1851.0
2023-03-24,26,ets,84804.84030104894,87685.0,-2880.159698951058
2023-03-24,52,naive,84230.0,87699.0,-3469.0
2023-03-24,52,drift52,88716.0,87699.0,1017.0
2023-03-24,52,seasonal_naive,84230.0,87699.0,-3469.0
2023-03-24,52,seasonal_delta,88716.0,87699.0,1017.0
2023-03-24,52,ets,84381.28967917882,87699.0,-3317.7103208211774
2023-03-31,13,naive,84372.0,85851.0,-1479.0
2023-03-31,13,drift52,85517.5,85851.0,-333.5
2023-03-31,13,seasonal_naive,80726.0,85851.0,-5125.0
2023-03-31,13,seasonal_delta,85308.0,85851.0,-543.0
2023-03-31,13,ets,84255.57590563572,85851.0,-1595.4240943642799
2023-03-31,26,naive,84372.0,87793.0,-3421.0
2023-03-31,26,drift52,86663.0,87793.0,-1130.0
2023-03-31,26,seasonal_naive,81309.0,87793.0,-6484.0
2023-03-31,26,seasonal_delta,85891.0,87793.0,-1902.0
2023-03-31,26,ets,84829.3595393636,87793.0,-2963.640460636394
2023-04-14,13,naive,84436.0,86344.0,-1908.0
2023-04-14,13,drift52,85631.125,86344.0,-712.875
2023-04-14,13,seasonal_naive,80819.0,86344.0,-5525.0
2023-04-14,13,seasonal_delta,85599.5,86344.0,-744.5
2023-04-14,13,ets,85001.98053333619,86344.0,-1342.0194666638126
2023-04-14,26,naive,84436.0,88225.0,-3789.0
2023-04-14,26,drift52,86826.25,88225.0,-1398.75
2023-04-14,26,seasonal_naive,81636.0,88225.0,-6589.0
2023-04-14,26,seasonal_delta,86416.5,88225.0,-1808.5
2023-04-14,26,ets,85690.18348613264,88225.0,-2534.816513867365
2023-04-14,52,naive,84436.0,87099.0,-2663.0
2023-04-14,52,drift52,89216.5,87099.0,2117.5
2023-04-14,52,seasonal_naive,84436.0,87099.0,-2663.0
2023-04-14,52,seasonal_delta,89216.5,87099.0,2117.5
2023-04-14,52,ets,84842.60406687995,87099.0,-2256.395933120046
2023-04-21,13,naive,84539.0,86498.0,-1959.0
2023-04-21,13,drift52,85781.5,86498.0,-716.5
2023-04-21,13,seasonal_naive,80784.0,86498.0,-5714.0
2023-04-21,13,seasonal_delta,85754.0,86498.0,-744.0
2023-04-21,13,ets,85010.60938100703,86498.0,-1487.3906189929694
2023-04-21,26,naive,84539.0,88126.0,-3587.0
2023-04-21,26,drift52,87024.0,88126.0,-1102.0
2023-04-21,26,seasonal_naive,81866.0,88126.0,-6260.0
2023-04-21,26,seasonal_delta,86836.0,88126.0,-1290.0
2023-04-21,26,ets,85708.167776604,88126.0,-2417.832223396006
2023-04-21,52,naive,84539.0,87247.0,-2708.0
2023-04-21,52,drift52,89509.0,87247.0,2262.0
2023-04-21,52,seasonal_naive,84539.0,87247.0,-2708.0
2023-04-21,52,seasonal_delta,89509.0,87247.0,2262.0
2023-04-21,52,ets,84810.19749550741,87247.0,-2436.802504492589
2023-04-28,13,naive,84658.0,86602.0,-1944.0
2023-04-28,13,drift52,85890.25,86602.0,-711.75
2023-04-28,13,seasonal_naive,80984.0,86602.0,-5618.0
2023-04-28,13,seasonal_delta,85913.0,86602.0,-689.0
2023-04-28,13,ets,85099.42165265855,86602.0,-1502.5783473414485
2023-04-28,26,naive,84658.0,87801.0,-3143.0
2023-04-28,26,drift52,87122.5,87801.0,-678.5
2023-04-28,26,seasonal_naive,82063.0,87801.0,-5738.0
2023-04-28,26,seasonal_delta,86992.0,87801.0,-809.0
2023-04-28,26,ets,85670.4324445168,87801.0,-2130.567555483198
2023-04-28,52,naive,84658.0,87481.0,-2823.0
2023-04-28,52,drift52,89587.0,87481.0,2106.0
2023-04-28,52,seasonal_naive,84658.0,87481.0,-2823.0
2023-04-28,52,seasonal_delta,89587.0,87481.0,2106.0
2023-04-28,52,ets,84781.97238465927,87481.0,-2699.027615340732
2023-05-05,13,naive,84772.0,86763.0,-1991.0
2023-05-05,13,drift52,86028.5,86763.0,-734.5
2023-05-05,13,seasonal_naive,81051.0,86763.0,-5712.0
2023-05-05,13,seasonal_delta,86077.0,86763.0,-686.0
2023-05-05,13,ets,85191.45506206267,86763.0,-1571.5449379373313
2023-05-05,26,naive,84772.0,87764.0,-2992.0
2023-05-05,26,drift52,87285.0,87764.0,-479.0
2023-05-05,26,seasonal_naive,82161.0,87764.0,-5603.0
2023-05-05,26,seasonal_delta,87187.0,87764.0,-577.0
2023-05-05,26,ets,85617.32715744126,87764.0,-2146.6728425587353
2023-05-05,52,naive,84772.0,87505.0,-2733.0
2023-05-05,52,drift52,89798.0,87505.0,2293.0
2023-05-05,52,seasonal_naive,84772.0,87505.0,-2733.0
2023-05-05,52,seasonal_delta,89798.0,87505.0,2293.0
2023-05-05,52,ets,84796.79610710798,87505.0,-2708.203892892023
2023-05-12,13,naive,84940.0,86790.0,-1850.0
2023-05-12,13,drift52,86193.25,86790.0,-596.75
2023-05-12,13,seasonal_naive,81070.0,86790.0,-5720.0
2023-05-12,13,seasonal_delta,86083.0,86790.0,-707.0
2023-05-12,13,ets,85643.46973757463,86790.0,-1146.5302624253673
2023-05-12,26,naive,84940.0,87704.0,-2764.0
2023-05-12,26,drift52,87446.5,87704.0,-257.5
2023-05-12,26,seasonal_naive,82379.0,87704.0,-5325.0
2023-05-12,26,seasonal_delta,87392.0,87704.0,-312.0
2023-05-12,26,ets,86023.97844515045,87704.0,-1680.021554849547
2023-05-12,52,naive,84940.0,87691.0,-2751.0
2023-05-12,52,drift52,89953.0,87691.0,2262.0
2023-05-12,52,seasonal_naive,84940.0,87691.0,-2751.0
2023-05-12,52,seasonal_delta,89953.0,87691.0,2262.0
2023-05-12,52,ets,85310.9266262076,87691.0,-2380.073373792402
2023-05-19,13,naive,85193.0,87012.0,-1819.0
2023-05-19,13,drift52,86483.75,87012.0,-528.25
2023-05-19,13,seasonal_naive,81207.0,87012.0,-5805.0
2023-05-19,13,seasonal_delta,86370.0,87012.0,-642.0
2023-05-19,13,ets,85620.9414174368,87012.0,-1391.0585825632006
2023-05-19,26,naive,85193.0,87744.0,-2551.0
2023-05-19,26,drift52,87774.5,87744.0,30.5
2023-05-19,26,seasonal_naive,82691.0,87744.0,-5053.0
2023-05-19,26,seasonal_delta,87854.0,87744.0,110.0
2023-05-19,26,ets,85953.70990926227,87744.0,-1790.2900907377334
2023-05-19,52,naive,85193.0,87915.0,-2722.0
2023-05-19,52,drift52,90356.0,87915.0,2441.0
2023-05-19,52,seasonal_naive,85193.0,87915.0,-2722.0
2023-05-19,52,seasonal_delta,90356.0,87915.0,2441.0
2023-05-19,52,ets,85288.78689117522,87915.0,-2626.2131088247843
2023-05-26,13,naive,85415.0,87063.0,-1648.0
2023-05-26,13,drift52,86722.5,87063.0,-340.5
2023-05-26,13,seasonal_naive,81274.0,87063.0,-5789.0
2023-05-26,13,seasonal_delta,86504.0,87063.0,-559.0
2023-05-26,13,ets,85602.63092822288,87063.0,-1460.3690717771242
2023-05-26,26,naive,85415.0,87930.0,-2515.0
2023-05-26,26,drift52,88030.0,87930.0,100.0
2023-05-26,26,seasonal_naive,82839.0,87930.0,-5091.0
2023-05-26,26,seasonal_delta,88069.0,87930.0,139.0
2023-05-26,26,ets,85863.8031518488,87930.0,-2066.1968481512013
2023-05-26,52,naive,85415.0,87089.0,-1674.0
2023-05-26,52,drift52,90645.0,87089.0,3556.0
2023-05-26,52,seasonal_naive,85415.0,87089.0,-1674.0
2023-05-26,52,seasonal_delta,90645.0,87089.0,3556.0
2023-05-26,52,ets,85246.48895136989,87089.0,-1842.5110486301128
2023-06-02,13,naive,85407.0,87124.0,-1717.0
2023-06-02,13,drift52,86721.25,87124.0,-402.75
2023-06-02,13,seasonal_naive,81245.0,87124.0,-5879.0
2023-06-02,13,seasonal_delta,86502.0,87124.0,-622.0
2023-06-02,13,ets,85651.6202379692,87124.0,-1472.3797620308032
2023-06-02,26,naive,85407.0,87891.0,-2484.0
2023-06-02,26,drift52,88035.5,87891.0,144.5
2023-06-02,26,seasonal_naive,82896.0,87891.0,-4995.0
2023-06-02,26,seasonal_delta,88153.0,87891.0,262.0
2023-06-02,26,ets,85681.78460235865,87891.0,-2209.215397641354
2023-06-02,52,naive,85407.0,87177.0,-1770.0
2023-06-02,52,drift52,90664.0,87177.0,3487.0
2023-06-02,52,seasonal_naive,85407.0,87177.0,-1770.0
2023-06-02,52,seasonal_delta,90664.0,87177.0,3487.0
2023-06-02,52,ets,85232.09151360086,87177.0,-1944.9084863991447
2023-06-09,13,naive,85246.0,87128.0,-1882.0
2023-06-09,13,drift52,86528.75,87128.0,-599.25
2023-06-09,13,seasonal_naive,81405.0,87128.0,-5723.0
2023-06-09,13,seasonal_delta,86536.0,87128.0,-592.0
2023-06-09,13,ets,85675.65683965392,87128.0,-1452.3431603460776
2023-06-09,26,naive,85246.0,87864.0,-2618.0
2023-06-09,26,drift52,87811.5,87864.0,-52.5
2023-06-09,26,seasonal_naive,82832.0,87864.0,-5032.0
2023-06-09,26,seasonal_delta,87963.0,87864.0,99.0
2023-06-09,26,ets,85292.30328972595,87864.0,-2571.6967102740455
2023-06-09,52,naive,85246.0,87284.0,-2038.0
2023-06-09,52,drift52,90377.0,87284.0,3093.0
2023-06-09,52,seasonal_naive,85246.0,87284.0,-2038.0
2023-06-09,52,seasonal_delta,90377.0,87284.0,3093.0
2023-06-09,52,ets,85133.81207202171,87284.0,-2150.187927978288
2023-06-16,13,naive,85420.0,87423.0,-2003.0
2023-06-16,13,drift52,86685.0,87423.0,-738.0
2023-06-16,13,seasonal_naive,81462.0,87423.0,-5961.0
2023-06-16,13,seasonal_delta,86522.0,87423.0,-901.0
2023-06-16,13,ets,85797.61895023956,87423.0,-1625.3810497604427
2023-06-16,26,naive,85420.0,87560.0,-2140.0
2023-06-16,26,drift52,87950.0,87560.0,390.0
2023-06-16,26,seasonal_naive,82668.0,87560.0,-4892.0
2023-06-16,26,seasonal_delta,87728.0,87560.0,168.0
2023-06-16,26,ets,84912.91375666781,87560.0,-2647.086243332189
2023-06-16,52,naive,85420.0,87347.0,-1927.0
2023-06-16,52,drift52,90480.0,87347.0,3133.0
2023-06-16,52,seasonal_naive,85420.0,87347.0,-1927.0
2023-06-16,52,seasonal_delta,90480.0,87347.0,3133.0
2023-06-16,52,ets,85204.70151415539,87347.0,-2142.2984858446143
2023-06-23,13,naive,85572.0,87685.0,-2113.0
2023-06-23,13,drift52,86846.0,87685.0,-839.0
2023-06-23,13,seasonal_naive,81348.0,87685.0,-6337.0
2023-06-23,13,seasonal_delta,86444.0,87685.0,-1241.0
2023-06-23,13,ets,85871.4389784081,87685.0,-1813.5610215919005
2023-06-23,26,naive,85572.0,87175.0,-1603.0
2023-06-23,26,drift52,88120.0,87175.0,945.0
2023-06-23,26,seasonal_naive,82452.0,87175.0,-4723.0
2023-06-23,26,seasonal_delta,87548.0,87175.0,373.0
2023-06-23,26,ets,84564.38365795361,87175.0,-2610.6163420463854
2023-06-23,52,naive,85572.0,87395.0,-1823.0
2023-06-23,52,drift52,90668.0,87395.0,3273.0
2023-06-23,52,seasonal_naive,85572.0,87395.0,-1823.0
2023-06-23,52,seasonal_delta,90668.0,87395.0,3273.0
2023-06-23,52,ets,85252.34839970006,87395.0,-2142.6516002999415
2023-06-30,13,naive,85851.0,87793.0,-1942.0
2023-06-30,13,drift52,87132.25,87793.0,-660.75
2023-06-30,13,seasonal_naive,81309.0,87793.0,-6484.0
2023-06-30,13,seasonal_delta,86434.0,87793.0,-1359.0
2023-06-30,13,ets,85906.39048555147,87793.0,-1886.6095144485298
2023-06-30,26,naive,85851.0,87216.0,-1365.0
2023-06-30,26,drift52,88413.5,87216.0,1197.5
2023-06-30,26,seasonal_naive,82176.0,87216.0,-5040.0
2023-06-30,26,seasonal_delta,87301.0,87216.0,85.0
2023-06-30,26,ets,84526.7095806969,87216.0,-2689.290419303099
2023-06-30,52,naive,85851.0,87360.0,-1509.0
2023-06-30,52,drift52,90976.0,87360.0,3616.0
2023-06-30,52,seasonal_naive,85851.0,87360.0,-1509.0
2023-06-30,52,seasonal_delta,90976.0,87360.0,3616.0
2023-06-30,52,ets,85341.31008023888,87360.0,-2018.68991976112
2023-07-07,13,naive,86035.0,88016.0,-1981.0
2023-07-07,13,drift52,87351.5,88016.0,-664.5
2023-07-07,13,seasonal_naive,81423.0,88016.0,-6593.0
2023-07-07,13,seasonal_delta,86689.0,88016.0,-1327.0
2023-07-07,13,ets,87060.03264529165,88016.0,-955.9673547083512
2023-07-07,26,naive,86035.0,87448.0,-1413.0
2023-07-07,26,drift52,88668.0,87448.0,1220.0
2023-07-07,26,seasonal_naive,82212.0,87448.0,-5236.0
2023-07-07,26,seasonal_delta,87478.0,87448.0,30.0
2023-07-07,26,ets,85810.75763889207,87448.0,-1637.2423611079284
2023-07-07,52,naive,86035.0,87453.0,-1418.0
2023-07-07,52,drift52,91301.0,87453.0,3848.0
2023-07-07,52,seasonal_naive,86035.0,87453.0,-1418.0
2023-07-07,52,seasonal_delta,91301.0,87453.0,3848.0
2023-07-07,52,ets,86490.86251443833,87453.0,-962.1374855616741
2023-07-14,13,naive,86344.0,88225.0,-1881.0
2023-07-14,13,drift52,87725.25,88225.0,-499.75
2023-07-14,13,seasonal_naive,81636.0,88225.0,-6589.0
2023-07-14,13,seasonal_delta,87161.0,88225.0,-1064.0
2023-07-14,13,ets,87161.78126521753,88225.0,-1063.2187347824656
2023-07-14,26,naive,86344.0,87549.0,-1205.0
2023-07-14,26,drift52,89106.5,87549.0,1557.5
2023-07-14,26,seasonal_naive,82358.0,87549.0,-5191.0
2023-07-14,26,seasonal_delta,87883.0,87549.0,334.0
2023-07-14,26,ets,85968.7877725024,87549.0,-1580.212227497599
2023-07-14,52,naive,86344.0,87505.0,-1161.0
2023-07-14,52,drift52,91869.0,87505.0,4364.0
2023-07-14,52,seasonal_naive,86344.0,87505.0,-1161.0
2023-07-14,52,seasonal_delta,91869.0,87505.0,4364.0
2023-07-14,52,ets,86515.6316670212,87505.0,-989.3683329788037
2023-07-21,13,naive,86498.0,88126.0,-1628.0
2023-07-21,13,drift52,87926.5,88126.0,-199.5
2023-07-21,13,seasonal_naive,81866.0,88126.0,-6260.0
2023-07-21,13,seasonal_delta,87580.0,88126.0,-546.0
2023-07-21,13,ets,87183.66889529582,88126.0,-942.3311047041789
2023-07-21,26,naive,86498.0,87579.0,-1081.0
2023-07-21,26,drift52,89355.0,87579.0,1776.0
2023-07-21,26,seasonal_naive,82538.0,87579.0,-5041.0
2023-07-21,26,seasonal_delta,88252.0,87579.0,673.0
2023-07-21,26,ets,86165.56739177922,87579.0,-1413.4326082207845
2023-07-21,52,naive,86498.0,87343.0,-845.0
2023-07-21,52,drift52,92212.0,87343.0,4869.0
2023-07-21,52,seasonal_naive,86498.0,87343.0,-845.0
2023-07-21,52,seasonal_delta,92212.0,87343.0,4869.0
2023-07-21,52,ets,86517.88401558061,87343.0,-825.1159844193899
2023-07-28,13,naive,86602.0,87801.0,-1199.0
2023-07-28,13,drift52,88006.5,87801.0,205.5
2023-07-28,13,seasonal_naive,82063.0,87801.0,-5738.0
2023-07-28,13,seasonal_delta,87681.0,87801.0,-120.0
2023-07-28,13,ets,87160.3532441589,87801.0,-640.646755841095
2023-07-28,26,naive,86602.0,87538.0,-936.0
2023-07-28,26,drift52,89411.0,87538.0,1873.0
2023-07-28,26,seasonal_naive,82792.0,87538.0,-4746.0
2023-07-28,26,seasonal_delta,88410.0,87538.0,872.0
2023-07-28,26,ets,86347.11045045021,87538.0,-1190.8895495497854
2023-07-28,52,naive,86602.0,87479.0,-877.0
2023-07-28,52,drift52,92220.0,87479.0,4741.0
2023-07-28,52,seasonal_naive,86602.0,87479.0,-877.0
2023-07-28,52,seasonal_delta,92220.0,87479.0,4741.0
2023-07-28,52,ets,86606.24921991205,87479.0,-872.7507800879539
2023-08-04,13,naive,86763.0,87764.0,-1001.0
2023-08-04,13,drift52,88191.0,87764.0,427.0
2023-08-04,13,seasonal_naive,82161.0,87764.0,-5603.0
2023-08-04,13,seasonal_delta,87873.0,87764.0,109.0
2023-08-04,13,ets,87438.03084994908,87764.0,-325.9691500509216
2023-08-04,26,naive,86763.0,87706.0,-943.0
2023-08-04,26,drift52,89619.0,87706.0,1913.0
2023-08-04,26,seasonal_naive,83188.0,87706.0,-4518.0
2023-08-04,26,seasonal_delta,88900.0,87706.0,1194.0
2023-08-04,26,ets,86862.11636293061,87706.0,-843.8836370693898
2023-08-04,52,naive,86763.0,87362.0,-599.0
2023-08-04,52,drift52,92475.0,87362.0,5113.0
2023-08-04,52,seasonal_naive,86763.0,87362.0,-599.0
2023-08-04,52,seasonal_delta,92475.0,87362.0,5113.0
2023-08-04,52,ets,87035.53638466739,87362.0,-326.4636153326137
2023-08-11,13,naive,86790.0,87704.0,-914.0
2023-08-11,13,drift52,88220.0,87704.0,516.0
2023-08-11,13,seasonal_naive,82379.0,87704.0,-5325.0
2023-08-11,13,seasonal_delta,88099.0,87704.0,395.0
2023-08-11,13,ets,87386.10693189457,87704.0,-317.8930681054335
2023-08-11,26,naive,86790.0,87982.0,-1192.0
2023-08-11,26,drift52,89650.0,87982.0,1668.0
2023-08-11,26,seasonal_naive,83469.0,87982.0,-4513.0
2023-08-11,26,seasonal_delta,89189.0,87982.0,1207.0
2023-08-11,26,ets,86956.32748170535,87982.0,-1025.6725182946539
2023-08-11,52,naive,86790.0,87496.0,-706.0
2023-08-11,52,drift52,92510.0,87496.0,5014.0
2023-08-11,52,seasonal_naive,86790.0,87496.0,-706.0
2023-08-11,52,seasonal_delta,92510.0,87496.0,5014.0
2023-08-11,52,ets,87053.61136932953,87496.0,-442.3886306704662
2023-08-18,13,naive,87012.0,87744.0,-732.0
2023-08-18,13,drift52,88463.25,87744.0,719.25
2023-08-18,13,seasonal_naive,82691.0,87744.0,-5053.0
2023-08-18,13,seasonal_delta,88496.0,87744.0,752.0
2023-08-18,13,ets,87318.1334581393,87744.0,-425.8665418606979
2023-08-18,26,naive,87012.0,87936.0,-924.0
2023-08-18,26,drift52,89914.5,87936.0,1978.5
2023-08-18,26,seasonal_naive,83687.0,87936.0,-4249.0
2023-08-18,26,seasonal_delta,89492.0,87936.0,1556.0
2023-08-18,26,ets,86987.75398544758,87936.0,-948.2460145524237
2023-08-18,52,naive,87012.0,87893.0,-881.0
2023-08-18,52,drift52,92817.0,87893.0,4924.0
2023-08-18,52,seasonal_naive,87012.0,87893.0,-881.0
2023-08-18,52,seasonal_delta,92817.0,87893.0,4924.0
2023-08-18,52,ets,87023.82793204533,87893.0,-869.1720679546706
2023-08-25,13,naive,87063.0,87930.0,-867.0
2023-08-25,13,drift52,88510.25,87930.0,580.25
2023-08-25,13,seasonal_naive,82839.0,87930.0,-5091.0
2023-08-25,13,seasonal_delta,88628.0,87930.0,698.0
2023-08-25,13,ets,87241.65833656715,87930.0,-688.341663432846
2023-08-25,26,naive,87063.0,87973.0,-910.0
2023-08-25,26,drift52,89957.5,87973.0,1984.5
2023-08-25,26,seasonal_naive,83844.0,87973.0,-4129.0
2023-08-25,26,seasonal_delta,89633.0,87973.0,1660.0
2023-08-25,26,ets,87022.44087534619,87973.0,-950.5591246538097
2023-08-25,52,naive,87063.0,88234.0,-1171.0
2023-08-25,52,drift52,92852.0,88234.0,4618.0
2023-08-25,52,seasonal_naive,87063.0,88234.0,-1171.0
2023-08-25,52,seasonal_delta,92852.0,88234.0,4618.0
2023-08-25,52,ets,86988.37809484379,88234.0,-1245.6219051562075
2023-09-01,13,naive,87124.0,87891.0,-767.0
2023-09-01,13,drift52,88593.75,87891.0,702.75
2023-09-01,13,seasonal_naive,82896.0,87891.0,-4995.0
2023-09-01,13,seasonal_delta,88775.0,87891.0,884.0
2023-09-01,13,ets,87294.13809758927,87891.0,-596.861902410732
2023-09-01,26,naive,87124.0,88133.0,-1009.0
2023-09-01,26,drift52,90063.5,88133.0,1930.5
2023-09-01,26,seasonal_naive,83990.0,88133.0,-4143.0
2023-09-01,26,seasonal_delta,89869.0,88133.0,1736.0
2023-09-01,26,ets,87248.71594325971,88133.0,-884.2840567402891
2023-09-01,52,naive,87124.0,88350.0,-1226.0
2023-09-01,52,drift52,93003.0,88350.0,4653.0
2023-09-01,52,seasonal_naive,87124.0,88350.0,-1226.0
2023-09-01,52,seasonal_delta,93003.0,88350.0,4653.0
2023-09-01,52,ets,87293.65003319972,88350.0,-1056.349966800277
2023-09-08,13,naive,87128.0,87864.0,-736.0
2023-09-08,13,drift52,88558.75,87864.0,694.75
2023-09-08,13,seasonal_naive,82832.0,87864.0,-5032.0
2023-09-08,13,seasonal_delta,88555.0,87864.0,691.0
2023-09-08,13,ets,87002.3716499755,87864.0,-861.6283500245045
2023-09-08,26,naive,87128.0,88220.0,-1092.0
2023-09-08,26,drift52,89989.5,88220.0,1769.5
2023-09-08,26,seasonal_naive,84137.0,88220.0,-4083.0
2023-09-08,26,seasonal_delta,89860.0,88220.0,1640.0
2023-09-08,26,ets,87240.17725021463,88220.0,-979.8227497853659
2023-09-08,52,naive,87128.0,88521.0,-1393.0
2023-09-08,52,drift52,92851.0,88521.0,4330.0
2023-09-08,52,seasonal_naive,87128.0,88521.0,-1393.0
2023-09-08,52,seasonal_delta,92851.0,88521.0,4330.0
2023-09-08,52,ets,87369.32936871452,88521.0,-1151.6706312854803
2023-09-15,13,naive,87423.0,87560.0,-137.0
2023-09-15,13,drift52,88913.25,87560.0,1353.25
2023-09-15,13,seasonal_naive,82668.0,87560.0,-4892.0
2023-09-15,13,seasonal_delta,88629.0,87560.0,1069.0
2023-09-15,13,ets,86633.39149725343,87560.0,-926.6085027465742
2023-09-15,26,naive,87423.0,87827.0,-404.0
2023-09-15,26,drift52,90403.5,87827.0,2576.5
2023-09-15,26,seasonal_naive,84180.0,87827.0,-3647.0
2023-09-15,26,seasonal_delta,90141.0,87827.0,2314.0
2023-09-15,26,ets,87233.78469198741,87827.0,-593.2153080125863
2023-09-15,52,naive,87423.0,86333.0,1090.0
2023-09-15,52,drift52,93384.0,86333.0,7051.0
2023-09-15,52,seasonal_naive,87423.0,86333.0,1090.0
2023-09-15,52,seasonal_delta,93384.0,86333.0,7051.0
2023-09-15,52,ets,87448.12541099667,86333.0,1115.1254109966685
2023-09-22,13,naive,87685.0,87175.0,510.0
2023-09-22,13,drift52,89269.25,87175.0,2094.25
2023-09-22,13,seasonal_naive,82452.0,87175.0,-4723.0
2023-09-22,13,seasonal_delta,88789.0,87175.0,1614.0
2023-09-22,13,ets,86253.13349004289,87175.0,-921.8665099571081
2023-09-22,26,naive,87685.0,87699.0,-14.0
2023-09-22,26,drift52,90853.5,87699.0,3154.5
2023-09-22,26,seasonal_naive,84230.0,87699.0,-3469.0
2023-09-22,26,seasonal_delta,90567.0,87699.0,2868.0
2023-09-22,26,ets,87144.16409547749,87699.0,-554.8359045225079
2023-09-22,52,naive,87685.0,86406.0,1279.0
2023-09-22,52,drift52,94022.0,86406.0,7616.0
2023-09-22,52,seasonal_naive,87685.0,86406.0,1279.0
2023-09-22,52,seasonal_delta,94022.0,86406.0,7616.0
2023-09-22,52,ets,87506.56215161999,86406.0,1100.56215161999
2023-09-29,13,naive,87793.0,87216.0,577.0
2023-09-29,13,drift52,89414.0,87216.0,2198.0
2023-09-29,13,seasonal_naive,82176.0,87216.0,-5040.0
2023-09-29,13,seasonal_delta,88660.0,87216.0,1444.0
2023-09-29,13,ets,86715.4761048391,87216.0,-500.52389516090625
2023-09-29,52,naive,87793.0,86526.0,1267.0
2023-09-29,52,drift52,94277.0,86526.0,7751.0
2023-09-29,52,seasonal_naive,87793.0,86526.0,1267.0
2023-09-29,52,seasonal_delta,94277.0,86526.0,7751.0
2023-09-29,52,ets,88093.41879509737,86526.0,1567.418795097372
2023-10-06,13,naive,88016.0,87448.0,568.0
2023-10-06,13,drift52,89664.25,87448.0,2216.25
2023-10-06,13,seasonal_naive,82212.0,87448.0,-5236.0
2023-10-06,13,seasonal_delta,88805.0,87448.0,1357.0
2023-10-06,13,ets,86867.20270946628,87448.0,-580.7972905337228
2023-10-06,26,naive,88016.0,86926.0,1090.0
2023-10-06,26,drift52,91312.5,86926.0,4386.5
2023-10-06,26,seasonal_naive,84404.0,86926.0,-2522.0
2023-10-06,26,seasonal_delta,90997.0,86926.0,4071.0
2023-10-06,26,ets,87483.62191112668,86926.0,557.6219111266837
2023-10-06,52,naive,88016.0,86618.0,1398.0
2023-10-06,52,drift52,94609.0,86618.0,7991.0
2023-10-06,52,seasonal_naive,88016.0,86618.0,1398.0
2023-10-06,52,seasonal_delta,94609.0,86618.0,7991.0
2023-10-06,52,ets,88179.2629867187,86618.0,1561.262986718706
2023-10-13,13,naive,88225.0,87549.0,676.0
2023-10-13,13,drift52,89872.25,87549.0,2323.25
2023-10-13,13,seasonal_naive,82358.0,87549.0,-5191.0
2023-10-13,13,seasonal_delta,88947.0,87549.0,1398.0
2023-10-13,13,ets,86975.17528094817,87549.0,-573.8247190518305
2023-10-13,26,naive,88225.0,87099.0,1126.0
2023-10-13,26,drift52,91519.5,87099.0,4420.5
2023-10-13,26,seasonal_naive,84436.0,87099.0,-2663.0
2023-10-13,26,seasonal_delta,91025.0,87099.0,3926.0
2023-10-13,26,ets,87404.21829183084,87099.0,305.218291830839
2023-10-13,52,naive,88225.0,86803.0,1422.0
2023-10-13,52,drift52,94814.0,86803.0,8011.0
2023-10-13,52,seasonal_naive,88225.0,86803.0,1422.0
2023-10-13,52,seasonal_delta,94814.0,86803.0,8011.0
2023-10-13,52,ets,88282.2949828111,86803.0,1479.2949828111014
2023-10-20,13,naive,88126.0,87579.0,547.0
2023-10-20,13,drift52,89691.0,87579.0,2112.0
2023-10-20,13,seasonal_naive,82538.0,87579.0,-5041.0
2023-10-20,13,seasonal_delta,88798.0,87579.0,1219.0
2023-10-20,13,ets,87212.53352852986,87579.0,-366.46647147013573
2023-10-20,26,naive,88126.0,87247.0,879.0
2023-10-20,26,drift52,91256.0,87247.0,4009.0
2023-10-20,26,seasonal_naive,84539.0,87247.0,-2708.0
2023-10-20,26,seasonal_delta,90799.0,87247.0,3552.0
2023-10-20,26,ets,87366.43914739306,87247.0,119.4391473930591
2023-10-20,52,naive,88126.0,87028.0,1098.0
2023-10-20,52,drift52,94386.0,87028.0,7358.0
2023-10-20,52,seasonal_naive,88126.0,87028.0,1098.0
2023-10-20,52,seasonal_delta,94386.0,87028.0,7358.0
2023-10-20,52,ets,88305.44437456202,87028.0,1277.4443745620229
2023-10-27,13,naive,87801.0,87538.0,263.0
2023-10-27,13,drift52,89235.5,87538.0,1697.5
2023-10-27,13,seasonal_naive,82792.0,87538.0,-4746.0
2023-10-27,13,seasonal_delta,88530.0,87538.0,992.0
2023-10-27,13,ets,86443.43291380972,87538.0,-1094.5670861902763
2023-10-27,26,naive,87801.0,87481.0,320.0
2023-10-27,26,drift52,90670.0,87481.0,3189.0
2023-10-27,26,seasonal_naive,84658.0,87481.0,-2823.0
2023-10-27,26,seasonal_delta,90396.0,87481.0,2915.0
2023-10-27,26,ets,86374.8424386458,87481.0,-1106.1575613541936
2023-10-27,52,naive,87801.0,87465.0,336.0
2023-10-27,52,drift52,93539.0,87465.0,6074.0
2023-10-27,52,seasonal_naive,87801.0,87465.0,336.0
2023-10-27,52,seasonal_delta,93539.0,87465.0,6074.0
2023-10-27,52,ets,87265.29931608937,87465.0,-199.7006839106325
2023-11-03,13,naive,87764.0,87706.0,58.0
2023-11-03,13,drift52,89164.75,87706.0,1458.75
2023-11-03,13,seasonal_naive,83188.0,87706.0,-4518.0
2023-11-03,13,seasonal_delta,88791.0,87706.0,1085.0
2023-11-03,13,ets,86638.01321633055,87706.0,-1067.9867836694466
2023-11-03,26,naive,87764.0,87505.0,259.0
2023-11-03,26,drift52,90565.5,87505.0,3060.5
2023-11-03,26,seasonal_naive,84772.0,87505.0,-2733.0
2023-11-03,26,seasonal_delta,90375.0,87505.0,2870.0
2023-11-03,26,ets,86388.65350657594,87505.0,-1116.346493424062
2023-11-03,52,naive,87764.0,85867.0,1897.0
2023-11-03,52,drift52,93367.0,85867.0,7500.0
2023-11-03,52,seasonal_naive,87764.0,85867.0,1897.0
2023-11-03,52,seasonal_delta,93367.0,85867.0,7500.0
2023-11-03,52,ets,87201.15856179237,85867.0,1334.1585617923702
2023-11-10,13,naive,87704.0,87982.0,-278.0
2023-11-10,13,drift52,89035.25,87982.0,1053.25
2023-11-10,13,seasonal_naive,83469.0,87982.0,-4513.0
2023-11-10,13,seasonal_delta,88794.0,87982.0,812.0
2023-11-10,13,ets,86722.69226496389,87982.0,-1259.3077350361127
2023-11-10,26,naive,87704.0,87691.0,13.0
2023-11-10,26,drift52,90366.5,87691.0,2675.5
2023-11-10,26,seasonal_naive,84940.0,87691.0,-2751.0
2023-11-10,26,seasonal_delta,90265.0,87691.0,2574.0
2023-11-10,26,ets,86460.68819251568,87691.0,-1230.3118074843223
2023-11-10,52,naive,87704.0,85794.0,1910.0
2023-11-10,52,drift52,93029.0,85794.0,7235.0
2023-11-10,52,seasonal_naive,87704.0,85794.0,1910.0
2023-11-10,52,seasonal_delta,93029.0,85794.0,7235.0
2023-11-10,52,ets,87149.24164418412,85794.0,1355.2416441841197
2023-11-17,13,naive,87744.0,87936.0,-192.0
2023-11-17,13,drift52,89007.25,87936.0,1071.25
2023-11-17,13,seasonal_naive,83687.0,87936.0,-4249.0
2023-11-17,13,seasonal_delta,88740.0,87936.0,804.0
2023-11-17,13,ets,86769.03750607786,87936.0,-1166.9624939221394
2023-11-17,26,naive,87744.0,87915.0,-171.0
2023-11-17,26,drift52,90270.5,87915.0,2355.5
2023-11-17,26,seasonal_naive,85193.0,87915.0,-2722.0
2023-11-17,26,seasonal_delta,90246.0,87915.0,2331.0
2023-11-17,26,ets,86444.23521662113,87915.0,-1470.764783378865
2023-11-17,52,naive,87744.0,85826.0,1918.0
2023-11-17,52,drift52,92797.0,85826.0,6971.0
2023-11-17,52,seasonal_naive,87744.0,85826.0,1918.0
2023-11-17,52,seasonal_delta,92797.0,85826.0,6971.0
2023-11-17,52,ets,87071.30426379535,85826.0,1245.3042637953477
2023-11-24,13,naive,87930.0,87973.0,-43.0
2023-11-24,13,drift52,89202.75,87973.0,1229.75
2023-11-24,13,seasonal_naive,83844.0,87973.0,-4129.0
2023-11-24,13,seasonal_delta,88935.0,87973.0,962.0
2023-11-24,13,ets,88279.83974942793,87973.0,306.8397494279343
2023-11-24,26,naive,87930.0,87089.0,841.0
2023-11-24,26,drift52,90475.5,87089.0,3386.5
2023-11-24,26,seasonal_naive,85415.0,87089.0,-1674.0
2023-11-24,26,seasonal_delta,90506.0,87089.0,3417.0
2023-11-24,26,ets,87921.98091793284,87089.0,832.980917932844
2023-11-24,52,naive,87930.0,85933.0,1997.0
2023-11-24,52,drift52,93021.0,85933.0,7088.0
2023-11-24,52,seasonal_naive,87930.0,85933.0,1997.0
2023-11-24,52,seasonal_delta,93021.0,85933.0,7088.0
2023-11-24,52,ets,88522.70383777664,85933.0,2589.703837776644
2023-12-01,13,naive,87891.0,88133.0,-242.0
2023-12-01,13,drift52,89139.75,88133.0,1006.75
2023-12-01,13,seasonal_naive,83990.0,88133.0,-4143.0
2023-12-01,13,seasonal_delta,88985.0,88133.0,852.0
2023-12-01,13,ets,88309.34395541901,88133.0,176.34395541901176
2023-12-01,26,naive,87891.0,87177.0,714.0
2023-12-01,26,drift52,90388.5,87177.0,3211.5
2023-12-01,26,seasonal_naive,85407.0,87177.0,-1770.0
2023-12-01,26,seasonal_delta,90402.0,87177.0,3225.0
2023-12-01,26,ets,87906.88746381491,87177.0,729.8874638149136
2023-12-01,52,naive,87891.0,86038.0,1853.0
2023-12-01,52,drift52,92886.0,86038.0,6848.0
2023-12-01,52,seasonal_naive,87891.0,86038.0,1853.0
2023-12-01,52,seasonal_delta,92886.0,86038.0,6848.0
2023-12-01,52,ets,88350.14615225246,86038.0,2312.1461522524623
2023-12-08,13,naive,87864.0,88220.0,-356.0
2023-12-08,13,drift52,89122.0,88220.0,902.0
2023-12-08,13,seasonal_naive,84137.0,88220.0,-4083.0
2023-12-08,13,seasonal_delta,89169.0,88220.0,949.0
2023-12-08,13,ets,88330.46728340499,88220.0,110.46728340498521
2023-12-08,26,naive,87864.0,87284.0,580.0
2023-12-08,26,drift52,90380.0,87284.0,3096.0
2023-12-08,26,seasonal_naive,85246.0,87284.0,-2038.0
2023-12-08,26,seasonal_delta,90278.0,87284.0,2994.0
2023-12-08,26,ets,87870.08512491143,87284.0,586.0851249114348
2023-12-08,52,naive,87864.0,86059.0,1805.0
2023-12-08,52,drift52,92896.0,86059.0,6837.0
2023-12-08,52,seasonal_naive,87864.0,86059.0,1805.0
2023-12-08,52,seasonal_delta,92896.0,86059.0,6837.0
2023-12-08,52,ets,88035.41907870136,86059.0,1976.419078701365
2023-12-15,13,naive,87560.0,87827.0,-267.0
2023-12-15,13,drift52,88783.0,87827.0,956.0
2023-12-15,13,seasonal_naive,84180.0,87827.0,-3647.0
2023-12-15,13,seasonal_delta,89072.0,87827.0,1245.0
2023-12-15,13,ets,88290.90716239196,87827.0,463.907162391959
2023-12-15,26,naive,87560.0,87347.0,213.0
2023-12-15,26,drift52,90006.0,87347.0,2659.0
2023-12-15,26,seasonal_naive,85420.0,87347.0,-1927.0
2023-12-15,26,seasonal_delta,90312.0,87347.0,2965.0
2023-12-15,26,ets,87942.5361468508,87347.0,595.5361468508054
2023-12-15,52,naive,87560.0,86089.0,1471.0
2023-12-15,52,drift52,92452.0,86089.0,6363.0
2023-12-15,52,seasonal_naive,87560.0,86089.0,1471.0
2023-12-15,52,seasonal_delta,92452.0,86089.0,6363.0
2023-12-15,52,ets,87635.13907563027,86089.0,1546.1390756302717
2023-12-22,13,naive,87175.0,87699.0,-524.0
2023-12-22,13,drift52,88355.75,87699.0,656.75
2023-12-22,13,seasonal_naive,84230.0,87699.0,-3469.0
2023-12-22,13,seasonal_delta,88953.0,87699.0,1254.0
2023-12-22,13,ets,88185.68059733992,87699.0,486.68059733991686
2023-12-22,26,naive,87175.0,87395.0,-220.0
2023-12-22,26,drift52,89536.5,87395.0,2141.5
2023-12-22,26,seasonal_naive,85572.0,87395.0,-1823.0
2023-12-22,26,seasonal_delta,90295.0,87395.0,2900.0
2023-12-22,26,ets,87962.87172578993,87395.0,567.8717257899261
2023-12-22,52,naive,87175.0,85960.0,1215.0
2023-12-22,52,drift52,91898.0,85960.0,5938.0
2023-12-22,52,seasonal_naive,87175.0,85960.0,1215.0
2023-12-22,52,seasonal_delta,91898.0,85960.0,5938.0
2023-12-22,52,ets,87362.12562438606,85960.0,1402.1256243860553
2023-12-29,26,naive,87216.0,87360.0,-144.0
2023-12-29,26,drift52,89736.0,87360.0,2376.0
2023-12-29,26,seasonal_naive,85851.0,87360.0,-1509.0
2023-12-29,26,seasonal_delta,90891.0,87360.0,3531.0
2023-12-29,26,ets,88082.8046765828,87360.0,722.804676582804
2023-12-29,52,naive,87216.0,85877.0,1339.0
2023-12-29,52,drift52,92256.0,85877.0,6379.0
2023-12-29,52,seasonal_naive,87216.0,85877.0,1339.0
2023-12-29,52,seasonal_delta,92256.0,85877.0,6379.0
2023-12-29,52,ets,87244.61361691261,85877.0,1367.6136169126112
2024-01-05,13,naive,87448.0,86926.0,522.0
2024-01-05,13,drift52,88757.0,86926.0,1831.0
2024-01-05,13,seasonal_naive,84404.0,86926.0,-2522.0
2024-01-05,13,seasonal_delta,89640.0,86926.0,2714.0
2024-01-05,13,ets,88035.37821373781,86926.0,1109.3782137378148
2024-01-05,26,naive,87448.0,87453.0,-5.0
2024-01-05,26,drift52,90066.0,87453.0,2613.0
2024-01-05,26,seasonal_naive,86035.0,87453.0,-1418.0
2024-01-05,26,seasonal_delta,91271.0,87453.0,3818.0
2024-01-05,26,ets,88147.45822369619,87453.0,694.4582236961869
2024-01-05,52,naive,87448.0,85618.0,1830.0
2024-01-05,52,drift52,92684.0,85618.0,7066.0
2024-01-05,52,seasonal_naive,87448.0,85618.0,1830.0
2024-01-05,52,seasonal_delta,92684.0,85618.0,7066.0
2024-01-05,52,ets,87427.53117398638,85618.0,1809.5311739863828
2024-01-12,13,naive,87549.0,87099.0,450.0
2024-01-12,13,drift52,88846.75,87099.0,1747.75
2024-01-12,13,seasonal_naive,84436.0,87099.0,-2663.0
2024-01-12,13,seasonal_delta,89627.0,87099.0,2528.0
2024-01-12,13,ets,87946.24369872762,87099.0,847.243698727616
2024-01-12,26,naive,87549.0,87505.0,44.0
2024-01-12,26,drift52,90144.5,87505.0,2639.5
2024-01-12,26,seasonal_naive,86344.0,87505.0,-1161.0
2024-01-12,26,seasonal_delta,91535.0,87505.0,4030.0
2024-01-12,26,ets,88174.07598891848,87505.0,669.0759889184847
2024-01-12,52,naive,87549.0,85689.0,1860.0
2024-01-12,52,drift52,92740.0,85689.0,7051.0
2024-01-12,52,seasonal_naive,87549.0,85689.0,1860.0
2024-01-12,52,seasonal_delta,92740.0,85689.0,7051.0
2024-01-12,52,ets,87567.46761355492,85689.0,1878.4676135549234
2024-01-19,13,naive,87579.0,87247.0,332.0
2024-01-19,13,drift52,88839.25,87247.0,1592.25
2024-01-19,13,seasonal_naive,84539.0,87247.0,-2708.0
2024-01-19,13,seasonal_delta,89580.0,87247.0,2333.0
2024-01-19,13,ets,87534.80638908358,87247.0,287.8063890835765
2024-01-19,26,naive,87579.0,87343.0,236.0
2024-01-19,26,drift52,90099.5,87343.0,2756.5
2024-01-19,26,seasonal_naive,86498.0,87343.0,-845.0
2024-01-19,26,seasonal_delta,91539.0,87343.0,4196.0
2024-01-19,26,ets,87767.73106880118,87343.0,424.7310688011785
2024-01-19,52,naive,87579.0,85853.0,1726.0
2024-01-19,52,drift52,92620.0,85853.0,6767.0
2024-01-19,52,seasonal_naive,87579.0,85853.0,1726.0
2024-01-19,52,seasonal_delta,92620.0,85853.0,6767.0
2024-01-19,52,ets,87353.3839944054,85853.0,1500.3839944054052
2024-01-26,13,naive,87538.0,87481.0,57.0
2024-01-26,13,drift52,88724.5,87481.0,1243.5
2024-01-26,13,seasonal_naive,84658.0,87481.0,-2823.0
2024-01-26,13,seasonal_delta,89404.0,87481.0,1923.0
2024-01-26,13,ets,87511.34599920332,87481.0,30.34599920331675
2024-01-26,26,naive,87538.0,87479.0,59.0
2024-01-26,26,drift52,89911.0,87479.0,2432.0
2024-01-26,26,seasonal_naive,86602.0,87479.0,-877.0
2024-01-26,26,seasonal_delta,91348.0,87479.0,3869.0
2024-01-26,26,ets,87857.65268263141,87479.0,378.6526826314075
2024-01-26,52,naive,87538.0,86068.0,1470.0
2024-01-26,52,drift52,92284.0,86068.0,6216.0
2024-01-26,52,seasonal_naive,87538.0,86068.0,1470.0
2024-01-26,52,seasonal_delta,92284.0,86068.0,6216.0
2024-01-26,52,ets,87535.82416506462,86068.0,1467.8241650646232
2024-02-02,13,naive,87706.0,87505.0,201.0
2024-02-02,13,drift52,88835.5,87505.0,1330.5
2024-02-02,13,seasonal_naive,84772.0,87505.0,-2733.0
2024-02-02,13,seasonal_delta,89290.0,87505.0,1785.0
2024-02-02,13,ets,87532.34988684837,87505.0,27.34988684837299
2024-02-02,26,naive,87706.0,87362.0,344.0
2024-02-02,26,drift52,89965.0,87362.0,2603.0
2024-02-02,26,seasonal_naive,86763.0,87362.0,-599.0
2024-02-02,26,seasonal_delta,91281.0,87362.0,3919.0
2024-02-02,26,ets,87939.35561863007,87362.0,577.3556186300702
2024-02-02,52,naive,87706.0,86463.0,1243.0
2024-02-02,52,drift52,92224.0,86463.0,5761.0
2024-02-02,52,seasonal_naive,87706.0,86463.0,1243.0
2024-02-02,52,seasonal_delta,92224.0,86463.0,5761.0
2024-02-02,52,ets,87719.5868504815,86463.0,1256.5868504815007
2024-02-09,13,naive,87982.0,87691.0,291.0
2024-02-09,13,drift52,89110.25,87691.0,1419.25
2024-02-09,13,seasonal_naive,84940.0,87691.0,-2751.0
2024-02-09,13,seasonal_delta,89453.0,87691.0,1762.0
2024-02-09,13,ets,87588.15033052128,87691.0,-102.84966947871726
2024-02-09,26,naive,87982.0,87496.0,486.0
2024-02-09,26,drift52,90238.5,87496.0,2742.5
2024-02-09,26,seasonal_naive,86790.0,87496.0,-706.0
2024-02-09,26,seasonal_delta,91303.0,87496.0,3807.0
2024-02-09,26,ets,87931.136513466,87496.0,435.1365134660009
2024-02-09,52,naive,87982.0,86802.0,1180.0
2024-02-09,52,drift52,92495.0,86802.0,5693.0
2024-02-09,52,seasonal_naive,87982.0,86802.0,1180.0
2024-02-09,52,seasonal_delta,92495.0,86802.0,5693.0
2024-02-09,52,ets,87824.90418320152,86802.0,1022.9041832015209
2024-02-16,13,naive,87936.0,87915.0,21.0
2024-02-16,13,drift52,88998.25,87915.0,1083.25
2024-02-16,13,seasonal_naive,85193.0,87915.0,-2722.0
2024-02-16,13,seasonal_delta,89442.0,87915.0,1527.0
2024-02-16,13,ets,87507.75872093253,87915.0,-407.2412790674716
2024-02-16,26,naive,87936.0,87893.0,43.0
2024-02-16,26,drift52,90060.5,87893.0,2167.5
2024-02-16,26,seasonal_naive,87012.0,87893.0,-881.0
2024-02-16,26,seasonal_delta,91261.0,87893.0,3368.0
2024-02-16,26,ets,87846.88190303613,87893.0,-46.118096963866265
2024-02-16,52,naive,87936.0,86941.0,995.0
2024-02-16,52,drift52,92185.0,86941.0,5244.0
2024-02-16,52,seasonal_naive,87936.0,86941.0,995.0
2024-02-16,52,seasonal_delta,92185.0,86941.0,5244.0
2024-02-16,52,ets,87812.08415407411,86941.0,871.0841540741094
2024-02-23,13,naive,87973.0,87089.0,884.0
2024-02-23,13,drift52,89005.25,87089.0,1916.25
2024-02-23,13,seasonal_naive,85415.0,87089.0,-1674.0
2024-02-23,13,seasonal_delta,89544.0,87089.0,2455.0
2024-02-23,13,ets,87479.51524508164,87089.0,390.51524508163857
2024-02-23,26,naive,87973.0,88234.0,-261.0
2024-02-23,26,drift52,90037.5,88234.0,1803.5
2024-02-23,26,seasonal_naive,87063.0,88234.0,-1171.0
2024-02-23,26,seasonal_delta,91192.0,88234.0,2958.0
2024-02-23,26,ets,87825.27880822454,88234.0,-408.7211917754612
2024-02-23,52,naive,87973.0,87094.0,879.0
2024-02-23,52,drift52,92102.0,87094.0,5008.0
2024-02-23,52,seasonal_naive,87973.0,87094.0,879.0
2024-02-23,52,seasonal_delta,92102.0,87094.0,5008.0
2024-02-23,52,ets,87863.81593496991,87094.0,769.8159349699126
2024-03-01,13,naive,88133.0,87177.0,956.0
2024-03-01,13,drift52,89168.75,87177.0,1991.75
2024-03-01,13,seasonal_naive,85407.0,87177.0,-1770.0
2024-03-01,13,seasonal_delta,89550.0,87177.0,2373.0
2024-03-01,13,ets,87456.48762386604,87177.0,279.4876238660363
2024-03-01,26,naive,88133.0,88350.0,-217.0
2024-03-01,26,drift52,90204.5,88350.0,1854.5
2024-03-01,26,seasonal_naive,87124.0,88350.0,-1226.0
2024-03-01,26,seasonal_delta,91267.0,88350.0,2917.0
2024-03-01,26,ets,87865.88873291449,88350.0,-484.1112670855073
2024-03-01,52,naive,88133.0,87199.0,934.0
2024-03-01,52,drift52,92276.0,87199.0,5077.0
2024-03-01,52,seasonal_naive,88133.0,87199.0,934.0
2024-03-01,52,seasonal_delta,92276.0,87199.0,5077.0
2024-03-01,52,ets,87895.17398301442,87199.0,696.1739830144215
2024-03-08,13,naive,88220.0,87284.0,936.0
2024-03-08,13,drift52,89240.75,87284.0,1956.75
2024-03-08,13,seasonal_naive,85246.0,87284.0,-2038.0
2024-03-08,13,seasonal_delta,89329.0,87284.0,2045.0
2024-03-08,13,ets,87423.55482156388,87284.0,139.55482156388462
2024-03-08,26,naive,88220.0,88521.0,-301.0
2024-03-08,26,drift52,90261.5,88521.0,1740.5
2024-03-08,26,seasonal_naive,87128.0,88521.0,-1393.0
2024-03-08,26,seasonal_delta,91211.0,88521.0,2690.0
2024-03-08,26,ets,87940.91953928124,88521.0,-580.0804607187602
2024-03-08,52,naive,88220.0,87316.0,904.0
2024-03-08,52,drift52,92303.0,87316.0,4987.0
2024-03-08,52,seasonal_naive,88220.0,87316.0,904.0
2024-03-08,52,seasonal_delta,92303.0,87316.0,4987.0
2024-03-08,52,ets,87901.15214456758,87316.0,585.1521445675753
2024-03-15,13,naive,87827.0,87347.0,480.0
2024-03-15,13,drift52,88738.75,87347.0,1391.75
2024-03-15,13,seasonal_naive,85420.0,87347.0,-1927.0
2024-03-15,13,seasonal_delta,89067.0,87347.0,1720.0
2024-03-15,13,ets,86678.55203296173,87347.0,-668.4479670382716
2024-03-15,26,naive,87827.0,86333.0,1494.0
2024-03-15,26,drift52,89650.5,86333.0,3317.5
2024-03-15,26,seasonal_naive,87423.0,86333.0,1090.0
2024-03-15,26,seasonal_delta,91070.0,86333.0,4737.0
2024-03-15,26,ets,87218.19218736533,86333.0,885.1921873653337
2024-03-15,52,naive,87827.0,87416.0,411.0
2024-03-15,52,drift52,91474.0,87416.0,4058.0
2024-03-15,52,seasonal_naive,87827.0,87416.0,411.0
2024-03-15,52,seasonal_delta,91474.0,87416.0,4058.0
2024-03-15,52,ets,87005.4142683579,87416.0,-410.5857316421025
2024-03-22,13,naive,87699.0,87395.0,304.0
2024-03-22,13,drift52,88566.25,87395.0,1171.25
2024-03-22,13,seasonal_naive,85572.0,87395.0,-1823.0
2024-03-22,13,seasonal_delta,89041.0,87395.0,1646.0
2024-03-22,13,ets,86687.88762100505,87395.0,-707.1123789949488
2024-03-22,26,naive,87699.0,86406.0,1293.0
2024-03-22,26,drift52,89433.5,86406.0,3027.5
2024-03-22,26,seasonal_naive,87685.0,86406.0,1279.0
2024-03-22,26,seasonal_delta,91154.0,86406.0,4748.0
2024-03-22,26,ets,87301.06700517442,86406.0,895.0670051744237
2024-03-22,52,naive,87699.0,87556.0,143.0
2024-03-22,52,drift52,91168.0,87556.0,3612.0
2024-03-22,52,seasonal_naive,87699.0,87556.0,143.0
2024-03-22,52,seasonal_delta,91168.0,87556.0,3612.0
2024-03-22,52,ets,86900.20797457152,87556.0,-655.7920254284836
2024-04-05,13,naive,86926.0,87453.0,-527.0
2024-04-05,13,drift52,87556.5,87453.0,103.5
2024-04-05,13,seasonal_naive,86035.0,87453.0,-1418.0
2024-04-05,13,seasonal_delta,88557.0,87453.0,1104.0
2024-04-05,13,ets,86867.72913607086,87453.0,-585.2708639291377
2024-04-05,26,naive,86926.0,86618.0,308.0
2024-04-05,26,drift52,88187.0,86618.0,1569.0
2024-04-05,26,seasonal_naive,88016.0,86618.0,1398.0
2024-04-05,26,seasonal_delta,90538.0,86618.0,3920.0
2024-04-05,26,ets,87460.20176758456,86618.0,842.2017675845564
2024-04-05,52,naive,86926.0,87919.0,-993.0
2024-04-05,52,drift52,89448.0,87919.0,1529.0
2024-04-05,52,seasonal_naive,86926.0,87919.0,-993.0
2024-04-05,52,seasonal_delta,89448.0,87919.0,1529.0
2024-04-05,52,ets,86731.32481640804,87919.0,-1187.6751835919567
2024-04-12,13,naive,87099.0,87505.0,-406.0
2024-04-12,13,drift52,87764.75,87505.0,259.75
2024-04-12,13,seasonal_naive,86344.0,87505.0,-1161.0
2024-04-12,13,seasonal_delta,89007.0,87505.0,1502.0
2024-04-12,13,ets,87409.17346631372,87505.0,-95.82653368628235
2024-04-12,26,naive,87099.0,86803.0,296.0
2024-04-12,26,drift52,88430.5,86803.0,1627.5
2024-04-12,26,seasonal_naive,88225.0,86803.0,1422.0
2024-04-12,26,seasonal_delta,90888.0,86803.0,4085.0
2024-04-12,26,ets,88102.02721607206,86803.0,1299.0272160720633
2024-04-12,52,naive,87099.0,87938.0,-839.0
2024-04-12,52,drift52,89762.0,87938.0,1824.0
2024-04-12,52,seasonal_naive,87099.0,87938.0,-839.0
2024-04-12,52,seasonal_delta,89762.0,87938.0,1824.0
2024-04-12,52,ets,87198.30893569344,87938.0,-739.6910643065639
2024-04-19,13,naive,87247.0,87343.0,-96.0
2024-04-19,13,drift52,87924.0,87343.0,581.0
2024-04-19,13,seasonal_naive,86498.0,87343.0,-845.0
2024-04-19,13,seasonal_delta,89206.0,87343.0,1863.0
2024-04-19,13,ets,87418.6084100474,87343.0,75.60841004739632
2024-04-19,26,naive,87247.0,87028.0,219.0
2024-04-19,26,drift52,88601.0,87028.0,1573.0
2024-04-19,26,seasonal_naive,88126.0,87028.0,1098.0
2024-04-19,26,seasonal_delta,90834.0,87028.0,3806.0
2024-04-19,26,ets,88095.56894502428,87028.0,1067.568945024279
2024-04-19,52,naive,87247.0,88081.0,-834.0
2024-04-19,52,drift52,89955.0,88081.0,1874.0
2024-04-19,52,seasonal_naive,87247.0,88081.0,-834.0
2024-04-19,52,seasonal_delta,89955.0,88081.0,1874.0
2024-04-19,52,ets,87181.80906522354,88081.0,-899.1909347764595
2024-04-26,13,naive,87481.0,87479.0,2.0
2024-04-26,13,drift52,88186.75,87479.0,707.75
2024-04-26,13,seasonal_naive,86602.0,87479.0,-877.0
2024-04-26,13,seasonal_delta,89425.0,87479.0,1946.0
2024-04-26,13,ets,87510.23795745267,87479.0,31.237957452671253
2024-04-26,26,naive,87481.0,87465.0,16.0
2024-04-26,26,drift52,88892.5,87465.0,1427.5
2024-04-26,26,seasonal_naive,87801.0,87465.0,336.0
2024-04-26,26,seasonal_delta,90624.0,87465.0,3159.0
2024-04-26,26,ets,88021.91876566832,87465.0,556.9187656683207
2024-05-03,13,naive,87505.0,87362.0,143.0
2024-05-03,13,drift52,88188.25,87362.0,826.25
2024-05-03,13,seasonal_naive,86763.0,87362.0,-599.0
2024-05-03,13,seasonal_delta,89496.0,87362.0,2134.0
2024-05-03,13,ets,87598.7899127009,87362.0,236.78991270090046
2024-05-03,26,naive,87505.0,85867.0,1638.0
2024-05-03,26,drift52,88871.5,85867.0,3004.5
2024-05-03,26,seasonal_naive,87764.0,85867.0,1897.0
2024-05-03,26,seasonal_delta,90497.0,85867.0,4630.0
2024-05-03,26,ets,87967.16189588085,85867.0,2100.161895880854
2024-05-03,52,naive,87505.0,88084.0,-579.0
2024-05-03,52,drift52,90238.0,88084.0,2154.0
2024-05-03,52,seasonal_naive,87505.0,88084.0,-579.0
2024-05-03,52,seasonal_delta,90238.0,88084.0,2154.0
2024-05-03,52,ets,87175.3558508692,88084.0,-908.6441491308069
2024-05-10,13,naive,87691.0,87496.0,195.0
2024-05-10,13,drift52,88378.75,87496.0,882.75
2024-05-10,13,seasonal_naive,86790.0,87496.0,-706.0
2024-05-10,13,seasonal_delta,89541.0,87496.0,2045.0
2024-05-10,13,ets,88363.89182139984,87496.0,867.8918213998404
2024-05-10,26,naive,87691.0,85794.0,1897.0
2024-05-10,26,drift52,89066.5,85794.0,3272.5
2024-05-10,26,seasonal_naive,87704.0,85794.0,1910.0
2024-05-10,26,seasonal_delta,90455.0,85794.0,4661.0
2024-05-10,26,ets,88697.24107130911,85794.0,2903.2410713091085
2024-05-17,13,naive,87915.0,87893.0,22.0
2024-05-17,13,drift52,88595.5,87893.0,702.5
2024-05-17,13,seasonal_naive,87012.0,87893.0,-881.0
2024-05-17,13,seasonal_delta,89734.0,87893.0,1841.0
2024-05-17,13,ets,88342.98456740468,87893.0,449.984567404681
2024-05-17,26,naive,87915.0,85826.0,2089.0
2024-05-17,26,drift52,89276.0,85826.0,3450.0
2024-05-17,26,seasonal_naive,87744.0,85826.0,1918.0
2024-05-17,26,seasonal_delta,90466.0,85826.0,4640.0
2024-05-17,26,ets,88633.27660811853,85826.0,2807.2766081185255
2024-05-17,52,naive,87915.0,88087.0,-172.0
2024-05-17,52,drift52,90637.0,88087.0,2550.0
2024-05-17,52,seasonal_naive,87915.0,88087.0,-172.0
2024-05-17,52,seasonal_delta,90637.0,88087.0,2550.0
2024-05-17,52,ets,88028.24251749074,88087.0,-58.75748250925972
2024-05-24,13,naive,87089.0,88234.0,-1145.0
2024-05-24,13,drift52,87507.5,88234.0,-726.5
2024-05-24,13,seasonal_naive,87063.0,88234.0,-1171.0
2024-05-24,13,seasonal_delta,88737.0,88234.0,503.0
2024-05-24,13,ets,88313.93032271488,88234.0,79.93032271487755
2024-05-24,26,naive,87089.0,85933.0,1156.0
2024-05-24,26,drift52,87926.0,85933.0,1993.0
2024-05-24,26,seasonal_naive,87930.0,85933.0,1997.0
2024-05-24,26,seasonal_delta,89604.0,85933.0,3671.0
2024-05-24,26,ets,88562.87230672262,85933.0,2629.8723067226238
2024-05-24,52,naive,87089.0,88103.0,-1014.0
2024-05-24,52,drift52,88763.0,88103.0,660.0
2024-05-24,52,seasonal_naive,87089.0,88103.0,-1014.0
2024-05-24,52,seasonal_delta,88763.0,88103.0,660.0
2024-05-24,52,ets,87989.09627981015,88103.0,-113.90372018984635
2024-05-31,13,naive,87177.0,88350.0,-1173.0
2024-05-31,13,drift52,87619.5,88350.0,-730.5
2024-05-31,13,seasonal_naive,87124.0,88350.0,-1226.0
2024-05-31,13,seasonal_delta,88894.0,88350.0,544.0
2024-05-31,13,ets,88362.2286322371,88350.0,12.228632237092825
2024-05-31,26,naive,87177.0,86038.0,1139.0
2024-05-31,26,drift52,88062.0,86038.0,2024.0
2024-05-31,26,seasonal_naive,87891.0,86038.0,1853.0
2024-05-31,26,seasonal_delta,89661.0,86038.0,3623.0
2024-05-31,26,ets,88398.92268447485,86038.0,2360.922684474848
2024-06-07,13,naive,87284.0,88521.0,-1237.0
2024-06-07,13,drift52,87793.5,88521.0,-727.5
2024-06-07,13,seasonal_naive,87128.0,88521.0,-1393.0
2024-06-07,13,seasonal_delta,89166.0,88521.0,645.0
2024-06-07,13,ets,87916.46385607815,88521.0,-604.5361439218541
2024-06-07,26,naive,87284.0,86059.0,1225.0
2024-06-07,26,drift52,88303.0,86059.0,2244.0
2024-06-07,26,seasonal_naive,87864.0,86059.0,1805.0
2024-06-07,26,seasonal_delta,89902.0,86059.0,3843.0
2024-06-07,26,ets,87581.85402922463,86059.0,1522.8540292246325
2024-06-07,52,naive,87284.0,87864.0,-580.0
2024-06-07,52,drift52,89322.0,87864.0,1458.0
2024-06-07,52,seasonal_naive,87284.0,87864.0,-580.0
2024-06-07,52,seasonal_delta,89322.0,87864.0,1458.0
2024-06-07,52,ets,87381.60298152124,87864.0,-482.3970184787613
2024-06-14,13,naive,87347.0,86333.0,1014.0
2024-06-14,13,drift52,87828.75,86333.0,1495.75
2024-06-14,13,seasonal_naive,87423.0,86333.0,1090.0
2024-06-14,13,seasonal_delta,89350.0,86333.0,3017.0
2024-06-14,13,ets,88051.65050444579,86333.0,1718.650504445788
2024-06-14,26,naive,87347.0,86089.0,1258.0
2024-06-14,26,drift52,88310.5,86089.0,2221.5
2024-06-14,26,seasonal_naive,87560.0,86089.0,1471.0
2024-06-14,26,seasonal_delta,89487.0,86089.0,3398.0
2024-06-14,26,ets,87200.47632402668,86089.0,1111.4763240266766
2024-06-14,52,naive,87347.0,87441.0,-94.0
2024-06-14,52,drift52,89274.0,87441.0,1833.0
2024-06-14,52,seasonal_naive,87347.0,87441.0,-94.0
2024-06-14,52,seasonal_delta,89274.0,87441.0,1833.0
2024-06-14,52,ets,87459.31579961347,87441.0,18.3157996134687
2024-06-21,13,naive,87395.0,86406.0,989.0
2024-06-21,13,drift52,87850.75,86406.0,1444.75
2024-06-21,13,seasonal_naive,87685.0,86406.0,1279.0
2024-06-21,13,seasonal_delta,89508.0,86406.0,3102.0
2024-06-21,13,ets,88145.10835874795,86406.0,1739.1083587479516
2024-06-21,26,naive,87395.0,85960.0,1435.0
2024-06-21,26,drift52,88306.5,85960.0,2346.5
2024-06-21,26,seasonal_naive,87175.0,85960.0,1215.0
2024-06-21,26,seasonal_delta,88998.0,85960.0,3038.0
2024-06-21,26,ets,86855.2523283763,85960.0,895.2523283763003
2024-06-21,52,naive,87395.0,87032.0,363.0
2024-06-21,52,drift52,89218.0,87032.0,2186.0
2024-06-21,52,seasonal_naive,87395.0,87032.0,363.0
2024-06-21,52,seasonal_delta,89218.0,87032.0,2186.0
2024-06-21,52,ets,87485.90191384745,87032.0,453.9019138474541
2024-06-28,13,naive,87360.0,86526.0,834.0
2024-06-28,13,drift52,87737.25,86526.0,1211.25
2024-06-28,13,seasonal_naive,87793.0,86526.0,1267.0
2024-06-28,13,seasonal_delta,89302.0,86526.0,2776.0
2024-06-28,13,ets,88186.30052180223,86526.0,1660.30052180223
2024-06-28,26,naive,87360.0,85877.0,1483.0
2024-06-28,26,drift52,88114.5,85877.0,2237.5
2024-06-28,26,seasonal_naive,87216.0,85877.0,1339.0
2024-06-28,26,seasonal_delta,88725.0,85877.0,2848.0
2024-06-28,26,ets,86838.60448240518,85877.0,961.6044824051787
2024-06-28,52,naive,87360.0,87041.0,319.0
2024-06-28,52,drift52,88869.0,87041.0,1828.0
2024-06-28,52,seasonal_naive,87360.0,87041.0,319.0
2024-06-28,52,seasonal_delta,88869.0,87041.0,1828.0
2024-06-28,52,ets,87601.0348937998,87041.0,560.034893799806
2024-07-05,13,naive,87453.0,86618.0,835.0
2024-07-05,13,drift52,87807.5,86618.0,1189.5
2024-07-05,13,seasonal_naive,88016.0,86618.0,1398.0
2024-07-05,13,seasonal_delta,89434.0,86618.0,2816.0
2024-07-05,13,ets,88019.19388996209,86618.0,1401.1938899620873
2024-07-05,26,naive,87453.0,85618.0,1835.0
2024-07-05,26,drift52,88162.0,85618.0,2544.0
2024-07-05,26,seasonal_naive,87448.0,85618.0,1830.0
2024-07-05,26,seasonal_delta,88866.0,85618.0,3248.0
2024-07-05,26,ets,86724.42802037596,85618.0,1106.4280203759554
2024-07-05,52,naive,87453.0,87334.0,119.0
2024-07-05,52,drift52,88871.0,87334.0,1537.0
2024-07-05,52,seasonal_naive,87453.0,87334.0,119.0
2024-07-05,52,seasonal_delta,88871.0,87334.0,1537.0
2024-07-05,52,ets,87402.03925971771,87334.0,68.03925971771241
2024-07-12,13,naive,87505.0,86803.0,702.0
2024-07-12,13,drift52,87795.25,86803.0,992.25
2024-07-12,13,seasonal_naive,88225.0,86803.0,1422.0
2024-07-12,13,seasonal_delta,89386.0,86803.0,2583.0
2024-07-12,13,ets,88121.50989380898,86803.0,1318.5098938089795
2024-07-12,26,naive,87505.0,85689.0,1816.0
2024-07-12,26,drift52,88085.5,85689.0,2396.5
2024-07-12,26,seasonal_naive,87549.0,85689.0,1860.0
2024-07-12,26,seasonal_delta,88710.0,85689.0,3021.0
2024-07-12,26,ets,86871.63216231157,85689.0,1182.6321623115655
2024-07-12,52,naive,87505.0,87488.0,17.0
2024-07-12,52,drift52,88666.0,87488.0,1178.0
2024-07-12,52,seasonal_naive,87505.0,87488.0,17.0
2024-07-12,52,seasonal_delta,88666.0,87488.0,1178.0
2024-07-12,52,ets,87433.22289743813,87488.0,-54.77710256187129
2024-07-19,13,naive,87343.0,87028.0,315.0
2024-07-19,13,drift52,87554.25,87028.0,526.25
2024-07-19,13,seasonal_naive,88126.0,87028.0,1098.0
2024-07-19,13,seasonal_delta,88971.0,87028.0,1943.0
2024-07-19,13,ets,88124.9755810742,87028.0,1096.9755810742063
2024-07-19,26,naive,87343.0,85853.0,1490.0
2024-07-19,26,drift52,87765.5,85853.0,1912.5
2024-07-19,26,seasonal_naive,87579.0,85853.0,1726.0
2024-07-19,26,seasonal_delta,88424.0,85853.0,2571.0
2024-07-19,26,ets,87040.44538225296,85853.0,1187.4453822529613
2024-07-19,52,naive,87343.0,87618.0,-275.0
2024-07-19,52,drift52,88188.0,87618.0,570.0
2024-07-19,52,seasonal_naive,87343.0,87618.0,-275.0
2024-07-19,52,seasonal_delta,88188.0,87618.0,570.0
2024-07-19,52,ets,87431.31114775904,87618.0,-186.6888522409572
2024-07-26,13,naive,87479.0,87465.0,14.0
2024-07-26,13,drift52,87698.25,87465.0,233.25
2024-07-26,13,seasonal_naive,87801.0,87465.0,336.0
2024-07-26,13,seasonal_delta,88678.0,87465.0,1213.0
2024-07-26,13,ets,88056.75581089822,87465.0,591.7558108982194
2024-07-26,26,naive,87479.0,86068.0,1411.0
2024-07-26,26,drift52,87917.5,86068.0,1849.5
2024-07-26,26,seasonal_naive,87538.0,86068.0,1470.0
2024-07-26,26,seasonal_delta,88415.0,86068.0,2347.0
2024-07-26,26,ets,87219.5295064255,86068.0,1151.5295064255042
2024-07-26,52,naive,87479.0,87835.0,-356.0
2024-07-26,52,drift52,88356.0,87835.0,521.0
2024-07-26,52,seasonal_naive,87479.0,87835.0,-356.0
2024-07-26,52,seasonal_delta,88356.0,87835.0,521.0
2024-07-26,52,ets,87486.76418537713,87835.0,-348.2358146228653
2024-08-02,13,naive,87362.0,85867.0,1495.0
2024-08-02,13,drift52,87511.75,85867.0,1644.75
2024-08-02,13,seasonal_naive,87764.0,85867.0,1897.0
2024-08-02,13,seasonal_delta,88363.0,85867.0,2496.0
2024-08-02,13,ets,87444.07520066267,85867.0,1577.0752006626717
2024-08-02,26,naive,87362.0,86463.0,899.0
2024-08-02,26,drift52,87661.5,86463.0,1198.5
2024-08-02,26,seasonal_naive,87706.0,86463.0,1243.0
2024-08-02,26,seasonal_delta,88305.0,86463.0,1842.0
2024-08-02,26,ets,86832.3890804445,86463.0,369.38908044449636
2024-08-02,52,naive,87362.0,87966.0,-604.0
2024-08-02,52,drift52,87961.0,87966.0,-5.0
2024-08-02,52,seasonal_naive,87362.0,87966.0,-604.0
2024-08-02,52,seasonal_delta,87961.0,87966.0,-5.0
2024-08-02,52,ets,87030.16410038222,87966.0,-935.8358996177849
2024-08-09,13,naive,87496.0,85794.0,1702.0
2024-08-09,13,drift52,87672.5,85794.0,1878.5
2024-08-09,13,seasonal_naive,87704.0,85794.0,1910.0
2024-08-09,13,seasonal_delta,88410.0,85794.0,2616.0
2024-08-09,13,ets,87365.4602574427,85794.0,1571.4602574426972
2024-08-09,26,naive,87496.0,86802.0,694.0
2024-08-09,26,drift52,87849.0,86802.0,1047.0
2024-08-09,26,seasonal_naive,87982.0,86802.0,1180.0
2024-08-09,26,seasonal_delta,88688.0,86802.0,1886.0
2024-08-09,26,ets,86943.2241334648,86802.0,141.2241334647988
2024-08-09,52,naive,87496.0,88007.0,-511.0
2024-08-09,52,drift52,88202.0,88007.0,195.0
2024-08-09,52,seasonal_naive,87496.0,88007.0,-511.0
2024-08-09,52,seasonal_delta,88202.0,88007.0,195.0
2024-08-09,52,ets,87023.42011616782,88007.0,-983.5798838321789
2024-08-16,13,naive,87893.0,85826.0,2067.0
2024-08-16,13,drift52,88113.25,85826.0,2287.25
2024-08-16,13,seasonal_naive,87744.0,85826.0,1918.0
2024-08-16,13,seasonal_delta,88625.0,85826.0,2799.0
2024-08-16,13,ets,87290.84468634603,85826.0,1464.8446863460267
2024-08-16,26,naive,87893.0,86941.0,952.0
2024-08-16,26,drift52,88333.5,86941.0,1392.5
2024-08-16,26,seasonal_naive,87936.0,86941.0,995.0
2024-08-16,26,seasonal_delta,88817.0,86941.0,1876.0
2024-08-16,26,ets,86980.89519208208,86941.0,39.89519208208367
2024-08-16,52,naive,87893.0,88238.0,-345.0
2024-08-16,52,drift52,88774.0,88238.0,536.0
2024-08-16,52,seasonal_naive,87893.0,88238.0,-345.0
2024-08-16,52,seasonal_delta,88774.0,88238.0,536.0
2024-08-16,52,ets,86993.9930515455,88238.0,-1244.0069484544947
2024-08-23,13,naive,88234.0,85933.0,2301.0
2024-08-23,13,drift52,88526.75,85933.0,2593.75
2024-08-23,13,seasonal_naive,87930.0,85933.0,1997.0
2024-08-23,13,seasonal_delta,89101.0,85933.0,3168.0
2024-08-23,13,ets,87257.70077878101,85933.0,1324.7007787810144
2024-08-23,26,naive,88234.0,87094.0,1140.0
2024-08-23,26,drift52,88819.5,87094.0,1725.5
2024-08-23,26,seasonal_naive,87973.0,87094.0,879.0
2024-08-23,26,seasonal_delta,89144.0,87094.0,2050.0
2024-08-23,26,ets,87016.65105644186,87094.0,-77.34894355814322
2024-08-23,52,naive,88234.0,88273.0,-39.0
2024-08-23,52,drift52,89405.0,88273.0,1132.0
2024-08-23,52,seasonal_naive,88234.0,88273.0,-39.0
2024-08-23,52,seasonal_delta,89405.0,88273.0,1132.0
2024-08-23,52,ets,86985.9134848277,88273.0,-1287.0865151722974
2024-08-30,13,naive,88350.0,86038.0,2312.0
2024-08-30,13,drift52,88656.5,86038.0,2618.5
2024-08-30,13,seasonal_naive,87891.0,86038.0,1853.0
2024-08-30,13,seasonal_delta,89117.0,86038.0,3079.0
2024-08-30,13,ets,88862.79442519366,86038.0,2824.794425193657
2024-08-30,26,naive,88350.0,87199.0,1151.0
2024-08-30,26,drift52,88963.0,87199.0,1764.0
2024-08-30,26,seasonal_naive,88133.0,87199.0,934.0
2024-08-30,26,seasonal_delta,89359.0,87199.0,2160.0
2024-08-30,26,ets,88783.7009582756,87199.0,1584.7009582756
2024-09-06,13,naive,88521.0,86059.0,2462.0
2024-09-06,13,drift52,88869.25,86059.0,2810.25
2024-09-06,13,seasonal_naive,87864.0,86059.0,1805.0
2024-09-06,13,seasonal_delta,89257.0,86059.0,3198.0
2024-09-06,13,ets,88565.1461811437,86059.0,2506.146181143704
2024-09-06,26,naive,88521.0,87316.0,1205.0
2024-09-06,26,drift52,89217.5,87316.0,1901.5
2024-09-06,26,seasonal_naive,88220.0,87316.0,904.0
2024-09-06,26,seasonal_delta,89613.0,87316.0,2297.0
2024-09-06,26,ets,88794.41123835383,87316.0,1478.4112383538304
2024-09-06,52,naive,88521.0,88424.0,97.0
2024-09-06,52,drift52,89914.0,88424.0,1490.0
2024-09-06,52,seasonal_naive,88521.0,88424.0,97.0
2024-09-06,52,seasonal_delta,89914.0,88424.0,1490.0
2024-09-06,52,ets,88888.37908759608,88424.0,464.379087596084
2024-09-13,13,naive,86333.0,86089.0,244.0
2024-09-13,13,drift52,86060.5,86089.0,-28.5
2024-09-13,13,seasonal_naive,87560.0,86089.0,1471.0
2024-09-13,13,seasonal_delta,86470.0,86089.0,381.0
2024-09-13,13,ets,88201.18976174427,86089.0,2112.1897617442737
2024-09-13,26,naive,86333.0,87416.0,-1083.0
2024-09-13,26,drift52,85788.0,87416.0,-1628.0
2024-09-13,26,seasonal_naive,87827.0,87416.0,411.0
2024-09-13,26,seasonal_delta,86737.0,87416.0,-679.0
2024-09-13,26,ets,88750.28546737145,87416.0,1334.2854673714464
2024-09-13,52,naive,86333.0,88045.0,-1712.0
2024-09-13,52,drift52,85243.0,88045.0,-2802.0
2024-09-13,52,seasonal_naive,86333.0,88045.0,-1712.0
2024-09-13,52,seasonal_delta,85243.0,88045.0,-2802.0
2024-09-13,52,ets,88954.44211371128,88045.0,909.4421137112804
2024-09-20,13,naive,86406.0,85960.0,446.0
2024-09-20,13,drift52,86086.25,85960.0,126.25
2024-09-20,13,seasonal_naive,87175.0,85960.0,1215.0
2024-09-20,13,seasonal_delta,85896.0,85960.0,-64.0
2024-09-20,13,ets,87784.02597888724,85960.0,1824.0259788872354
2024-09-20,26,naive,86406.0,87556.0,-1150.0
2024-09-20,26,drift52,85766.5,87556.0,-1789.5
2024-09-20,26,seasonal_naive,87699.0,87556.0,143.0
2024-09-20,26,seasonal_delta,86420.0,87556.0,-1136.0
2024-09-20,26,ets,88654.73227765781,87556.0,1098.7322776578076
2024-09-20,52,naive,86406.0,87578.0,-1172.0
2024-09-20,52,drift52,85127.0,87578.0,-2451.0
2024-09-20,52,seasonal_naive,86406.0,87578.0,-1172.0
2024-09-20,52,seasonal_delta,85127.0,87578.0,-2451.0
2024-09-20,52,ets,89042.14588748787,87578.0,1464.1458874878736
2024-09-27,13,naive,86526.0,85877.0,649.0
2024-09-27,13,drift52,86209.25,85877.0,332.25
2024-09-27,13,seasonal_naive,87216.0,85877.0,1339.0
2024-09-27,13,seasonal_delta,85949.0,85877.0,72.0
2024-09-27,13,ets,84620.74660030202,85877.0,-1256.2533996979764
2024-09-27,26,naive,86526.0,87684.0,-1158.0
2024-09-27,26,drift52,85892.5,87684.0,-1791.5
2024-09-27,26,seasonal_naive,87312.5,87684.0,-371.5
2024-09-27,26,seasonal_delta,86045.5,87684.0,-1638.5
2024-09-27,26,ets,85389.1713307435,87684.0,-2294.8286692565016
2024-09-27,52,naive,86526.0,87459.0,-933.0
2024-09-27,52,drift52,85259.0,87459.0,-2200.0
2024-09-27,52,seasonal_naive,86526.0,87459.0,-933.0
2024-09-27,52,seasonal_delta,85259.0,87459.0,-2200.0
2024-09-27,52,ets,85861.57347637082,87459.0,-1597.426523629183
2024-10-04,13,naive,86618.0,85618.0,1000.0
2024-10-04,13,drift52,86268.5,85618.0,650.5
2024-10-04,13,seasonal_naive,87448.0,85618.0,1830.0
2024-10-04,13,seasonal_delta,86050.0,85618.0,432.0
2024-10-04,13,ets,84752.72555055504,85618.0,-865.274449444958
2024-10-04,26,naive,86618.0,87919.0,-1301.0
2024-10-04,26,drift52,85919.0,87919.0,-2000.0
2024-10-04,26,seasonal_naive,86926.0,87919.0,-993.0
2024-10-04,26,seasonal_delta,85528.0,87919.0,-2391.0
2024-10-04,26,ets,85244.83306907065,87919.0,-2674.16693092935
2024-10-04,52,naive,86618.0,87336.0,-718.0
2024-10-04,52,drift52,85220.0,87336.0,-2116.0
2024-10-04,52,seasonal_naive,86618.0,87336.0,-718.0
2024-10-04,52,seasonal_delta,85220.0,87336.0,-2116.0
2024-10-04,52,ets,85949.98253502758,87336.0,-1386.0174649724213
2024-10-11,13,naive,86803.0,85689.0,1114.0
2024-10-11,13,drift52,86447.5,85689.0,758.5
2024-10-11,13,seasonal_naive,87549.0,85689.0,1860.0
2024-10-11,13,seasonal_delta,86127.0,85689.0,438.0
2024-10-11,13,ets,84860.48357255316,85689.0,-828.5164274468407
2024-10-11,26,naive,86803.0,87938.0,-1135.0
2024-10-11,26,drift52,86092.0,87938.0,-1846.0
2024-10-11,26,seasonal_naive,87099.0,87938.0,-839.0
2024-10-11,26,seasonal_delta,85677.0,87938.0,-2261.0
2024-10-11,26,ets,85176.70976082105,87938.0,-2761.290239178954
2024-10-11,52,naive,86803.0,87294.0,-491.0
2024-10-11,52,drift52,85381.0,87294.0,-1913.0
2024-10-11,52,seasonal_naive,86803.0,87294.0,-491.0
2024-10-11,52,seasonal_delta,85381.0,87294.0,-1913.0
2024-10-11,52,ets,86051.97289766475,87294.0,-1242.0271023352543
2024-10-18,13,naive,87028.0,85853.0,1175.0
2024-10-18,13,drift52,86753.5,85853.0,900.5
2024-10-18,13,seasonal_naive,87579.0,85853.0,1726.0
2024-10-18,13,seasonal_delta,86481.0,85853.0,628.0
2024-10-18,13,ets,85015.67204994781,85853.0,-837.3279500521894
2024-10-18,26,naive,87028.0,88081.0,-1053.0
2024-10-18,26,drift52,86479.0,88081.0,-1602.0
2024-10-18,26,seasonal_naive,87247.0,88081.0,-834.0
2024-10-18,26,seasonal_delta,86149.0,88081.0,-1932.0
2024-10-18,26,ets,85148.52933523727,88081.0,-2932.4706647627318
2024-10-18,52,naive,87028.0,87432.0,-404.0
2024-10-18,52,drift52,85930.0,87432.0,-1502.0
2024-10-18,52,seasonal_naive,87028.0,87432.0,-404.0
2024-10-18,52,seasonal_delta,85930.0,87432.0,-1502.0
2024-10-18,52,ets,86082.67427662949,87432.0,-1349.325723370508
2024-10-21,13,naive,87465.0,86068.0,1397.0
2024-10-21,13,drift52,87381.0,86068.0,1313.0
2024-10-21,13,seasonal_naive,87538.0,86068.0,1470.0
2024-10-21,13,seasonal_delta,87202.0,86068.0,1134.0
2024-10-21,13,ets,87056.93145730565,86068.0,988.9314573056472
2024-10-21,52,naive,87465.0,87427.0,38.0
2024-10-21,52,drift52,87129.0,87427.0,-298.0
2024-10-21,52,seasonal_naive,87465.0,87427.0,38.0
2024-10-21,52,seasonal_delta,87129.0,87427.0,-298.0
2024-10-21,52,ets,87947.1695776214,87427.0,520.1695776214037
2024-10-28,13,naive,85867.0,86463.0,-596.0
2024-10-28,13,drift52,85392.75,86463.0,-1070.25
2024-10-28,13,seasonal_naive,87706.0,86463.0,1243.0
2024-10-28,13,seasonal_delta,85809.0,86463.0,-654.0
2024-10-28,13,ets,87240.93200349848,86463.0,777.9320034984848
2024-10-28,26,naive,85867.0,88084.0,-2217.0
2024-10-28,26,drift52,84918.5,88084.0,-3165.5
2024-10-28,26,seasonal_naive,87505.0,88084.0,-579.0
2024-10-28,26,seasonal_delta,85608.0,88084.0,-2476.0
2024-10-28,26,ets,87053.07235667147,88084.0,-1030.9276433285268
2024-10-28,52,naive,85867.0,87413.0,-1546.0
2024-10-28,52,drift52,83970.0,87413.0,-3443.0
2024-10-28,52,seasonal_naive,85867.0,87413.0,-1546.0
2024-10-28,52,seasonal_delta,83970.0,87413.0,-3443.0
2024-10-28,52,ets,87887.52138047048,87413.0,474.52138047048356
2024-11-04,13,naive,85794.0,86802.0,-1008.0
2024-11-04,13,drift52,85316.5,86802.0,-1485.5
2024-11-04,13,seasonal_naive,87982.0,86802.0,1180.0
2024-11-04,13,seasonal_delta,86072.0,86802.0,-730.0
2024-11-04,13,ets,87344.28007333343,86802.0,542.2800733334298
2024-11-04,52,naive,85794.0,86888.0,-1094.0
2024-11-04,52,drift52,83884.0,86888.0,-3004.0
2024-11-04,52,seasonal_naive,85794.0,86888.0,-1094.0
2024-11-04,52,seasonal_delta,83884.0,86888.0,-3004.0
2024-11-04,52,ets,87806.39590558104,86888.0,918.395905581041
2024-11-11,13,naive,85826.0,86941.0,-1115.0
2024-11-11,13,drift52,85346.5,86941.0,-1594.5
2024-11-11,13,seasonal_naive,87936.0,86941.0,995.0
2024-11-11,13,seasonal_delta,86018.0,86941.0,-923.0
2024-11-11,13,ets,87401.95090332998,86941.0,460.9509033299837
2024-11-11,26,naive,85826.0,88087.0,-2261.0
2024-11-11,26,drift52,84867.0,88087.0,-3220.0
2024-11-11,26,seasonal_naive,87915.0,88087.0,-172.0
2024-11-11,26,seasonal_delta,85997.0,88087.0,-2090.0
2024-11-11,26,ets,87159.14074555562,88087.0,-927.8592544443818
2024-11-11,52,naive,85826.0,86958.0,-1132.0
2024-11-11,52,drift52,83908.0,86958.0,-3050.0
2024-11-11,52,seasonal_naive,85826.0,86958.0,-1132.0
2024-11-11,52,seasonal_delta,83908.0,86958.0,-3050.0
2024-11-11,52,ets,87723.54778538704,86958.0,765.5477853870398
2024-11-18,13,naive,85933.0,87094.0,-1161.0
2024-11-18,13,drift52,85433.75,87094.0,-1660.25
2024-11-18,13,seasonal_naive,87973.0,87094.0,879.0
2024-11-18,13,seasonal_delta,85976.0,87094.0,-1118.0
2024-11-18,13,ets,85640.71071393507,87094.0,-1453.28928606493
2024-11-18,26,naive,85933.0,88103.0,-2170.0
2024-11-18,26,drift52,84934.5,88103.0,-3168.5
2024-11-18,26,seasonal_naive,87089.0,88103.0,-1014.0
2024-11-18,26,seasonal_delta,85092.0,88103.0,-3011.0
2024-11-18,26,ets,85210.78604667724,88103.0,-2892.21395332276
2024-11-18,52,naive,85933.0,87179.0,-1246.0
2024-11-18,52,drift52,83936.0,87179.0,-3243.0
2024-11-18,52,seasonal_naive,85933.0,87179.0,-1246.0
2024-11-18,52,seasonal_delta,83936.0,87179.0,-3243.0
2024-11-18,52,ets,85833.5236168229,87179.0,-1345.476383177098
2024-11-25,13,naive,86038.0,87199.0,-1161.0
2024-11-25,13,drift52,85574.75,87199.0,-1624.25
2024-11-25,13,seasonal_naive,88133.0,87199.0,934.0
2024-11-25,13,seasonal_delta,86280.0,87199.0,-919.0
2024-11-25,13,ets,85700.485372623,87199.0,-1498.5146273769933
2024-11-25,52,naive,86038.0,87332.0,-1294.0
2024-11-25,52,drift52,84185.0,87332.0,-3147.0
2024-11-25,52,seasonal_naive,86038.0,87332.0,-1294.0
2024-11-25,52,seasonal_delta,84185.0,87332.0,-3147.0
2024-11-25,52,ets,85688.08281293997,87332.0,-1643.9171870600258
2024-12-02,13,naive,86059.0,87316.0,-1257.0
2024-12-02,13,drift52,85607.75,87316.0,-1708.25
2024-12-02,13,seasonal_naive,88220.0,87316.0,904.0
2024-12-02,13,seasonal_delta,86415.0,87316.0,-901.0
2024-12-02,13,ets,85731.27084571173,87316.0,-1584.729154288274
2024-12-02,26,naive,86059.0,87864.0,-1805.0
2024-12-02,26,drift52,85156.5,87864.0,-2707.5
2024-12-02,26,seasonal_naive,87284.0,87864.0,-580.0
2024-12-02,26,seasonal_delta,85479.0,87864.0,-2385.0
2024-12-02,26,ets,85189.26233302963,87864.0,-2674.7376669703663
2024-12-02,52,naive,86059.0,87063.0,-1004.0
2024-12-02,52,drift52,84254.0,87063.0,-2809.0
2024-12-02,52,seasonal_naive,86059.0,87063.0,-1004.0
2024-12-02,52,seasonal_delta,84254.0,87063.0,-2809.0
2024-12-02,52,ets,85445.07244622178,87063.0,-1617.9275537782232
2024-12-09,13,naive,86089.0,87416.0,-1327.0
2024-12-09,13,drift52,85721.25,87416.0,-1694.75
2024-12-09,13,seasonal_naive,87827.0,87416.0,411.0
2024-12-09,13,seasonal_delta,86356.0,87416.0,-1060.0
2024-12-09,13,ets,85660.69303127025,87416.0,-1755.3069687297539
2024-12-09,26,naive,86089.0,87441.0,-1352.0
2024-12-09,26,drift52,85353.5,87441.0,-2087.5
2024-12-09,26,seasonal_naive,87347.0,87441.0,-94.0
2024-12-09,26,seasonal_delta,85876.0,87441.0,-1565.0
2024-12-09,26,ets,85276.96440554304,87441.0,-2164.03559445696
2024-12-09,52,naive,86089.0,87056.0,-967.0
2024-12-09,52,drift52,84618.0,87056.0,-2438.0
2024-12-09,52,seasonal_naive,86089.0,87056.0,-967.0
2024-12-09,52,seasonal_delta,84618.0,87056.0,-2438.0
2024-12-09,52,ets,85092.30887309063,87056.0,-1963.691126909369
2024-12-16,13,naive,85960.0,87556.0,-1596.0
2024-12-16,13,drift52,85656.25,87556.0,-1899.75
2024-12-16,13,seasonal_naive,87699.0,87556.0,143.0
2024-12-16,13,seasonal_delta,86484.0,87556.0,-1072.0
2024-12-16,13,ets,87220.13704936781,87556.0,-335.8629506321886
2024-12-16,26,naive,85960.0,87032.0,-1072.0
2024-12-16,26,drift52,85352.5,87032.0,-1679.5
2024-12-16,26,seasonal_naive,87395.0,87032.0,363.0
2024-12-16,26,seasonal_delta,86180.0,87032.0,-852.0
2024-12-16,26,ets,87026.08168361758,87032.0,-5.9183163824200165
2024-12-16,52,naive,85960.0,86962.0,-1002.0
2024-12-16,52,drift52,84745.0,86962.0,-2217.0
2024-12-16,52,seasonal_naive,85960.0,86962.0,-1002.0
2024-12-16,52,seasonal_delta,84745.0,86962.0,-2217.0
2024-12-16,52,ets,86455.42906130305,86962.0,-506.5709386969538
2024-12-23,13,naive,85877.0,87684.0,-1807.0
2024-12-23,13,drift52,85542.25,87684.0,-2141.75
2024-12-23,13,seasonal_naive,87312.5,87684.0,-371.5
2024-12-23,13,seasonal_delta,85973.5,87684.0,-1710.5
2024-12-23,13,ets,87137.17832521256,87684.0,-546.8216747874394
2024-12-23,26,naive,85877.0,87041.0,-1164.0
2024-12-23,26,drift52,85207.5,87041.0,-1833.5
2024-12-23,26,seasonal_naive,87360.0,87041.0,319.0
2024-12-23,26,seasonal_delta,86021.0,87041.0,-1020.0
2024-12-23,26,ets,87125.34697047957,87041.0,84.34697047957161
2024-12-23,52,naive,85877.0,86838.0,-961.0
2024-12-23,52,drift52,84538.0,86838.0,-2300.0
2024-12-23,52,seasonal_naive,85877.0,86838.0,-961.0
2024-12-23,52,seasonal_delta,84538.0,86838.0,-2300.0
2024-12-23,52,ets,86429.93151619476,86838.0,-408.06848380524025
2024-12-30,13,naive,85618.0,87919.0,-2301.0
2024-12-30,13,drift52,85160.5,87919.0,-2758.5
2024-12-30,13,seasonal_naive,86926.0,87919.0,-993.0
2024-12-30,13,seasonal_delta,85096.0,87919.0,-2823.0
2024-12-30,13,ets,87001.97052002855,87919.0,-917.0294799714466
2024-12-30,26,naive,85618.0,87334.0,-1716.0
2024-12-30,26,drift52,84703.0,87334.0,-2631.0
2024-12-30,26,seasonal_naive,87453.0,87334.0,119.0
2024-12-30,26,seasonal_delta,85623.0,87334.0,-1711.0
2024-12-30,26,ets,87154.0630160108,87334.0,-179.93698398920242
2024-12-30,52,naive,85618.0,86596.0,-978.0
2024-12-30,52,drift52,83788.0,86596.0,-2808.0
2024-12-30,52,seasonal_naive,85618.0,86596.0,-978.0
2024-12-30,52,seasonal_delta,83788.0,86596.0,-2808.0
2024-12-30,52,ets,86584.98174591249,86596.0,-11.018254087510286
2025-01-06,13,naive,85689.0,87938.0,-2249.0
2025-01-06,13,drift52,85224.0,87938.0,-2714.0
2025-01-06,13,seasonal_naive,87099.0,87938.0,-839.0
2025-01-06,13,seasonal_delta,85239.0,87938.0,-2699.0
2025-01-06,13,ets,86960.56336376251,87938.0,-977.4366362374858
2025-01-06,26,naive,85689.0,87488.0,-1799.0
2025-01-06,26,drift52,84759.0,87488.0,-2729.0
2025-01-06,26,seasonal_naive,87505.0,87488.0,17.0
2025-01-06,26,seasonal_delta,85645.0,87488.0,-1843.0
2025-01-06,26,ets,87194.8658230213,87488.0,-293.1341769786959
2025-01-06,52,naive,85689.0,86568.0,-879.0
2025-01-06,52,drift52,83829.0,86568.0,-2739.0
2025-01-06,52,seasonal_naive,85689.0,86568.0,-879.0
2025-01-06,52,seasonal_delta,83829.0,86568.0,-2739.0
2025-01-06,52,ets,86696.36587772121,86568.0,128.3658777212113
2025-01-13,13,naive,85853.0,88081.0,-2228.0
2025-01-13,13,drift52,85421.5,88081.0,-2659.5
2025-01-13,13,seasonal_naive,87247.0,88081.0,-834.0
2025-01-13,13,seasonal_delta,85521.0,88081.0,-2560.0
2025-01-13,13,ets,85961.69272139491,88081.0,-2119.3072786050907
2025-01-13,26,naive,85853.0,87618.0,-1765.0
2025-01-13,26,drift52,84990.0,87618.0,-2628.0
2025-01-13,26,seasonal_naive,87343.0,87618.0,-275.0
2025-01-13,26,seasonal_delta,85617.0,87618.0,-2001.0
2025-01-13,26,ets,86233.26366380311,87618.0,-1384.7363361968892
2025-01-13,52,naive,85853.0,86692.0,-839.0
2025-01-13,52,drift52,84127.0,86692.0,-2565.0
2025-01-13,52,seasonal_naive,85853.0,86692.0,-839.0
2025-01-13,52,seasonal_delta,84127.0,86692.0,-2565.0
2025-01-13,52,ets,85816.10701025884,86692.0,-875.8929897411581
2025-01-20,26,naive,86068.0,87835.0,-1767.0
2025-01-20,26,drift52,85333.0,87835.0,-2502.0
2025-01-20,26,seasonal_naive,87479.0,87835.0,-356.0
2025-01-20,26,seasonal_delta,86009.0,87835.0,-1826.0
2025-01-20,26,ets,86318.43243751927,87835.0,-1516.5675624807336
2025-01-20,52,naive,86068.0,86936.0,-868.0
2025-01-20,52,drift52,84598.0,86936.0,-2338.0
2025-01-20,52,seasonal_naive,86068.0,86936.0,-868.0
2025-01-20,52,seasonal_delta,84598.0,86936.0,-2338.0
2025-01-20,52,ets,85930.29613248415,86936.0,-1005.7038675158547
2025-01-27,13,naive,86463.0,88084.0,-1621.0
2025-01-27,13,drift52,86152.25,88084.0,-1931.75
2025-01-27,13,seasonal_naive,87505.0,88084.0,-579.0
2025-01-27,13,seasonal_delta,86262.0,88084.0,-1822.0
2025-01-27,13,ets,85952.73309800409,88084.0,-2131.266901995914
2025-01-27,26,naive,86463.0,87966.0,-1503.0
2025-01-27,26,drift52,85841.5,87966.0,-2124.5
2025-01-27,26,seasonal_naive,87362.0,87966.0,-604.0
2025-01-27,26,seasonal_delta,86119.0,87966.0,-1847.0
2025-01-27,26,ets,86392.46558927011,87966.0,-1573.534410729888
2025-01-27,52,naive,86463.0,87212.0,-749.0
2025-01-27,52,drift52,85220.0,87212.0,-1992.0
2025-01-27,52,seasonal_naive,86463.0,87212.0,-749.0
2025-01-27,52,seasonal_delta,85220.0,87212.0,-1992.0
2025-01-27,52,ets,86091.07995137095,87212.0,-1120.9200486290501
2025-02-03,26,naive,86802.0,88007.0,-1205.0
2025-02-03,26,drift52,86212.0,88007.0,-1795.0
2025-02-03,26,seasonal_naive,87496.0,88007.0,-511.0
2025-02-03,26,seasonal_delta,86316.0,88007.0,-1691.0
2025-02-03,26,ets,86400.4746012765,88007.0,-1606.5253987235046
2025-02-03,52,naive,86802.0,87249.0,-447.0
2025-02-03,52,drift52,85622.0,87249.0,-1627.0
2025-02-03,52,seasonal_naive,86802.0,87249.0,-447.0
2025-02-03,52,seasonal_delta,85622.0,87249.0,-1627.0
2025-02-03,52,ets,86206.52639537727,87249.0,-1042.4736046227335
2025-02-10,13,naive,86941.0,88087.0,-1146.0
2025-02-10,13,drift52,86692.25,88087.0,-1394.75
2025-02-10,13,seasonal_naive,87915.0,88087.0,-172.0
2025-02-10,13,seasonal_delta,86920.0,88087.0,-1167.0
2025-02-10,13,ets,86871.85742514142,88087.0,-1215.1425748585752
2025-02-10,26,naive,86941.0,88238.0,-1297.0
2025-02-10,26,drift52,86443.5,88238.0,-1794.5
2025-02-10,26,seasonal_naive,87893.0,88238.0,-345.0
2025-02-10,26,seasonal_delta,86898.0,88238.0,-1340.0
2025-02-10,26,ets,87192.13975726409,88238.0,-1045.8602427359147
2025-02-10,52,naive,86941.0,87312.0,-371.0
2025-02-10,52,drift52,85946.0,87312.0,-1366.0
2025-02-10,52,seasonal_naive,86941.0,87312.0,-371.0
2025-02-10,52,seasonal_delta,85946.0,87312.0,-1366.0
2025-02-10,52,ets,87137.41813122696,87312.0,-174.58186877303524
2025-02-17,13,naive,87094.0,88103.0,-1009.0
2025-02-17,13,drift52,86874.25,88103.0,-1228.75
2025-02-17,13,seasonal_naive,87089.0,88103.0,-1014.0
2025-02-17,13,seasonal_delta,86210.0,88103.0,-1893.0
2025-02-17,13,ets,86809.4526810209,88103.0,-1293.5473189790937
2025-02-17,26,naive,87094.0,88273.0,-1179.0
2025-02-17,26,drift52,86654.5,88273.0,-1618.5
2025-02-17,26,seasonal_naive,88234.0,88273.0,-39.0
2025-02-17,26,seasonal_delta,87355.0,88273.0,-918.0
2025-02-17,26,ets,87224.10640468505,88273.0,-1048.8935953149485
2025-02-17,52,naive,87094.0,87433.0,-339.0
2025-02-17,52,drift52,86215.0,87433.0,-1218.0
2025-02-17,52,seasonal_naive,87094.0,87433.0,-339.0
2025-02-17,52,seasonal_delta,86215.0,87433.0,-1218.0
2025-02-17,52,ets,87134.20607371429,87433.0,-298.79392628571077
2025-02-24,52,naive,87199.0,87367.0,-168.0
2025-02-24,52,drift52,86265.0,87367.0,-1102.0
2025-02-24,52,seasonal_naive,87199.0,87367.0,-168.0
2025-02-24,52,seasonal_delta,86265.0,87367.0,-1102.0
2025-02-24,52,ets,87153.5980412976,87367.0,-213.40195870239404
2025-03-03,13,naive,87316.0,87864.0,-548.0
2025-03-03,13,drift52,87090.0,87864.0,-774.0
2025-03-03,13,seasonal_naive,87284.0,87864.0,-580.0
2025-03-03,13,seasonal_delta,86380.0,87864.0,-1484.0
2025-03-03,13,ets,86665.29077408476,87864.0,-1198.7092259152414
2025-03-03,26,naive,87316.0,88424.0,-1108.0
2025-03-03,26,drift52,86864.0,88424.0,-1560.0
2025-03-03,26,seasonal_naive,88521.0,88424.0,97.0
2025-03-03,26,seasonal_delta,87617.0,88424.0,-807.0
2025-03-03,26,ets,87294.56319922493,88424.0,-1129.4368007750745
2025-03-03,52,naive,87316.0,87352.0,-36.0
2025-03-03,52,drift52,86412.0,87352.0,-940.0
2025-03-03,52,seasonal_naive,87316.0,87352.0,-36.0
2025-03-03,52,seasonal_delta,86412.0,87352.0,-940.0
2025-03-03,52,ets,87151.38597977323,87352.0,-200.61402022677066
2025-03-10,13,naive,87416.0,87441.0,-25.0
2025-03-10,13,drift52,87313.25,87441.0,-127.75
2025-03-10,13,seasonal_naive,87347.0,87441.0,-94.0
2025-03-10,13,seasonal_delta,86936.0,87441.0,-505.0
2025-03-10,13,ets,87254.02372309478,87441.0,-186.97627690521767
2025-03-10,26,naive,87416.0,88045.0,-629.0
2025-03-10,26,drift52,87210.5,88045.0,-834.5
2025-03-10,26,seasonal_naive,86333.0,88045.0,-1712.0
2025-03-10,26,seasonal_delta,85922.0,88045.0,-2123.0
2025-03-10,26,ets,87808.99884839666,88045.0,-236.001151603341
2025-03-10,52,naive,87416.0,87616.0,-200.0
2025-03-10,52,drift52,87005.0,87616.0,-611.0
2025-03-10,52,seasonal_naive,87416.0,87616.0,-200.0
2025-03-10,52,seasonal_delta,87005.0,87616.0,-611.0
2025-03-10,52,ets,87669.497584569,87616.0,53.497584569005994
2025-03-17,13,naive,87556.0,87032.0,524.0
2025-03-17,13,drift52,87520.25,87032.0,488.25
2025-03-17,13,seasonal_naive,87395.0,87032.0,363.0
2025-03-17,13,seasonal_delta,87252.0,87032.0,220.0
2025-03-17,13,ets,87314.96460681723,87032.0,282.96460681722965
2025-03-17,26,naive,87556.0,87578.0,-22.0
2025-03-17,26,drift52,87484.5,87578.0,-93.5
2025-03-17,26,seasonal_naive,86406.0,87578.0,-1172.0
2025-03-17,26,seasonal_delta,86263.0,87578.0,-1315.0
2025-03-17,26,ets,87882.03068717128,87578.0,304.0306871712819
2025-03-17,52,naive,87556.0,87751.0,-195.0
2025-03-17,52,drift52,87413.0,87751.0,-338.0
2025-03-17,52,seasonal_naive,87556.0,87751.0,-195.0
2025-03-17,52,seasonal_delta,87413.0,87751.0,-338.0
2025-03-17,52,ets,87545.26942336149,87751.0,-205.73057663851068
2025-03-24,13,naive,87684.0,87041.0,643.0
2025-03-24,13,drift52,87776.875,87041.0,735.875
2025-03-24,13,seasonal_naive,87360.0,87041.0,319.0
2025-03-24,13,seasonal_delta,87731.5,87041.0,690.5
2025-03-24,13,ets,87420.35087653185,87041.0,379.35087653185474
2025-03-24,26,naive,87684.0,87459.0,225.0
2025-03-24,26,drift52,87869.75,87459.0,410.75
2025-03-24,26,seasonal_naive,86526.0,87459.0,-933.0
2025-03-24,26,seasonal_delta,86897.5,87459.0,-561.5
2025-03-24,26,ets,87944.64729562525,87459.0,485.6472956252546
2025-03-24,52,naive,87684.0,87710.0,-26.0
2025-03-24,52,drift52,88055.5,87710.0,345.5
2025-03-24,52,seasonal_naive,87684.0,87710.0,-26.0
2025-03-24,52,seasonal_delta,88055.5,87710.0,345.5
2025-03-24,52,ets,87466.47049271864,87710.0,-243.52950728136057
2025-03-31,13,naive,87919.0,87334.0,585.0
2025-03-31,13,drift52,88167.25,87334.0,833.25
2025-03-31,13,seasonal_naive,87453.0,87334.0,119.0
2025-03-31,13,seasonal_delta,88446.0,87334.0,1112.0
2025-03-31,13,ets,87456.67822055296,87334.0,122.67822055295983
2025-03-31,26,naive,87919.0,87336.0,583.0
2025-03-31,26,drift52,88415.5,87336.0,1079.5
2025-03-31,26,seasonal_naive,86618.0,87336.0,-718.0
2025-03-31,26,seasonal_delta,87611.0,87336.0,275.0
2025-03-31,26,ets,88041.25980730267,87336.0,705.2598073026747
2025-03-31,52,naive,87919.0,87292.0,627.0
2025-03-31,52,drift52,88912.0,87292.0,1620.0
2025-03-31,52,seasonal_naive,87919.0,87292.0,627.0
2025-03-31,52,seasonal_delta,88912.0,87292.0,1620.0
2025-03-31,52,ets,87329.48468331437,87292.0,37.48468331436743
2025-04-07,13,naive,87938.0,87488.0,450.0
2025-04-07,13,drift52,88147.75,87488.0,659.75
2025-04-07,13,seasonal_naive,87505.0,87488.0,17.0
2025-04-07,13,seasonal_delta,88344.0,87488.0,856.0
2025-04-07,13,ets,88553.87370145331,87488.0,1065.8737014533108
2025-04-07,26,naive,87938.0,87294.0,644.0
2025-04-07,26,drift52,88357.5,87294.0,1063.5
2025-04-07,26,seasonal_naive,86803.0,87294.0,-491.0
2025-04-07,26,seasonal_delta,87642.0,87294.0,348.0
2025-04-07,26,ets,89203.7150552552,87294.0,1909.7150552552048
2025-04-14,13,naive,88081.0,87618.0,463.0
2025-04-14,13,drift52,88289.5,87618.0,671.5
2025-04-14,13,seasonal_naive,87343.0,87618.0,-275.0
2025-04-14,13,seasonal_delta,88177.0,87618.0,559.0
2025-04-14,13,ets,88553.10406532655,87618.0,935.1040653265518
2025-04-14,26,naive,88081.0,87432.0,649.0
2025-04-14,26,drift52,88498.0,87432.0,1066.0
2025-04-14,26,seasonal_naive,87028.0,87432.0,-404.0
2025-04-14,26,seasonal_delta,87862.0,87432.0,430.0
2025-04-14,26,ets,89223.9911220679,87432.0,1791.991122067906
2025-04-14,52,naive,88081.0,86191.0,1890.0
2025-04-14,52,drift52,88915.0,86191.0,2724.0
2025-04-14,52,seasonal_naive,88081.0,86191.0,1890.0
2025-04-14,52,seasonal_delta,88915.0,86191.0,2724.0
2025-04-14,52,ets,88351.37720852614,86191.0,2160.3772085261444
2025-04-28,13,naive,88084.0,87966.0,118.0
2025-04-28,13,drift52,88228.75,87966.0,262.75
2025-04-28,13,seasonal_naive,87362.0,87966.0,-604.0
2025-04-28,13,seasonal_delta,87941.0,87966.0,-25.0
2025-04-28,13,ets,88734.42908323131,87966.0,768.4290832313127
2025-04-28,26,naive,88084.0,87413.0,671.0
2025-04-28,26,drift52,88373.5,87413.0,960.5
2025-04-28,26,seasonal_naive,85867.0,87413.0,-1546.0
2025-04-28,26,seasonal_delta,86446.0,87413.0,-967.0
2025-04-28,26,ets,89038.49181116845,87413.0,1625.4918111684528
2025-04-28,52,naive,88084.0,85704.0,2380.0
2025-04-28,52,drift52,88663.0,85704.0,2959.0
2025-04-28,52,seasonal_naive,88084.0,85704.0,2380.0
2025-04-28,52,seasonal_delta,88663.0,85704.0,2959.0
2025-04-28,52,ets,88339.52305563485,85704.0,2635.5230556348542
2025-05-12,13,naive,88087.0,88238.0,-151.0
2025-05-12,13,drift52,88130.0,88238.0,-108.0
2025-05-12,13,seasonal_naive,87893.0,88238.0,-345.0
2025-05-12,13,seasonal_delta,88065.0,88238.0,-173.0
2025-05-12,13,ets,88758.6457845327,88238.0,520.645784532695
2025-05-12,26,naive,88087.0,86958.0,1129.0
2025-05-12,26,drift52,88173.0,86958.0,1215.0
2025-05-12,26,seasonal_naive,85826.0,86958.0,-1132.0
2025-05-12,26,seasonal_delta,85998.0,86958.0,-960.0
2025-05-12,26,ets,88926.10919440645,86958.0,1968.1091944064538
2025-05-12,52,naive,88087.0,85911.0,2176.0
2025-05-12,52,drift52,88259.0,85911.0,2348.0
2025-05-12,52,seasonal_naive,88087.0,85911.0,2176.0
2025-05-12,52,seasonal_delta,88259.0,85911.0,2348.0
2025-05-19,13,naive,88103.0,88273.0,-170.0
2025-05-19,13,drift52,88356.5,88273.0,83.5
2025-05-19,13,seasonal_naive,88234.0,88273.0,-39.0
2025-05-19,13,seasonal_delta,89248.0,88273.0,975.0
2025-05-19,13,ets,88760.02648524969,88273.0,487.0264852496912
2025-05-19,26,naive,88103.0,87179.0,924.0
2025-05-19,26,drift52,88610.0,87179.0,1431.0
2025-05-19,26,seasonal_naive,85933.0,87179.0,-1246.0
2025-05-19,26,seasonal_delta,86947.0,87179.0,-232.0
2025-05-19,26,ets,88880.40247669656,87179.0,1701.4024766965595
2025-05-19,52,naive,88103.0,85992.0,2111.0
2025-05-19,52,drift52,89117.0,85992.0,3125.0
2025-05-19,52,seasonal_naive,88103.0,85992.0,2111.0
2025-05-19,52,seasonal_delta,89117.0,85992.0,3125.0
2025-06-02,13,naive,87864.0,88424.0,-560.0
2025-06-02,13,drift52,88009.0,88424.0,-415.0
2025-06-02,13,seasonal_naive,88521.0,88424.0,97.0
2025-06-02,13,seasonal_delta,89101.0,88424.0,677.0
2025-06-02,13,ets,88401.77728153777,88424.0,-22.22271846223157
2025-06-02,26,naive,87864.0,87063.0,801.0
2025-06-02,26,drift52,88154.0,87063.0,1091.0
2025-06-02,26,seasonal_naive,86059.0,87063.0,-1004.0
2025-06-02,26,seasonal_delta,86639.0,87063.0,-424.0
2025-06-02,26,ets,87982.95546021781,87063.0,919.9554602178105
2025-06-02,52,naive,87864.0,85920.0,1944.0
2025-06-02,52,drift52,88444.0,85920.0,2524.0
2025-06-02,52,seasonal_naive,87864.0,85920.0,1944.0
2025-06-02,52,seasonal_delta,88444.0,85920.0,2524.0
2025-06-02,52,ets,87757.60760870729,85920.0,1837.607608707287
2025-06-09,13,naive,87441.0,88045.0,-604.0
2025-06-09,13,drift52,87464.5,88045.0,-580.5
2025-06-09,13,seasonal_naive,86333.0,88045.0,-1712.0
2025-06-09,13,seasonal_delta,86427.0,88045.0,-1618.0
2025-06-09,13,ets,88401.2557944847,88045.0,356.2557944847067
2025-06-09,26,naive,87441.0,87056.0,385.0
2025-06-09,26,drift52,87488.0,87056.0,432.0
2025-06-09,26,seasonal_naive,86089.0,87056.0,-967.0
2025-06-09,26,seasonal_delta,86183.0,87056.0,-873.0
2025-06-09,26,ets,87648.17873389744,87056.0,592.1787338974391
2025-06-09,52,naive,87441.0,85936.0,1505.0
2025-06-09,52,drift52,87535.0,85936.0,1599.0
2025-06-09,52,seasonal_naive,87441.0,85936.0,1505.0
2025-06-09,52,seasonal_delta,87535.0,85936.0,1599.0
2025-06-09,52,ets,87843.60711924944,85936.0,1907.607119249442
2025-06-16,13,naive,87032.0,87578.0,-546.0
2025-06-16,13,drift52,86941.25,87578.0,-636.75
2025-06-16,13,seasonal_naive,86406.0,87578.0,-1172.0
2025-06-16,13,seasonal_delta,86043.0,87578.0,-1535.0
2025-06-16,13,ets,88490.05677148595,87578.0,912.0567714859499
2025-06-16,26,naive,87032.0,86962.0,70.0
2025-06-16,26,drift52,86850.5,86962.0,-111.5
2025-06-16,26,seasonal_naive,85960.0,86962.0,-1002.0
2025-06-16,26,seasonal_delta,85597.0,86962.0,-1365.0
2025-06-16,26,ets,87325.1474492039,86962.0,363.14744920389785
2025-06-16,52,naive,87032.0,85848.0,1184.0
2025-06-16,52,drift52,86669.0,85848.0,821.0
2025-06-16,52,seasonal_naive,87032.0,85848.0,1184.0
2025-06-16,52,seasonal_delta,86669.0,85848.0,821.0
2025-06-16,52,ets,87883.63187684787,85848.0,2035.6318768478668
2025-06-23,13,naive,87041.0,87459.0,-418.0
2025-06-23,13,drift52,86961.25,87459.0,-497.75
2025-06-23,13,seasonal_naive,86526.0,87459.0,-933.0
2025-06-23,13,seasonal_delta,86207.0,87459.0,-1252.0
2025-06-23,13,ets,88516.49755969353,87459.0,1057.4975596935255
2025-06-23,26,naive,87041.0,86838.0,203.0
2025-06-23,26,drift52,86881.5,86838.0,43.5
2025-06-23,26,seasonal_naive,85877.0,86838.0,-961.0
2025-06-23,26,seasonal_delta,85558.0,86838.0,-1280.0
2025-06-23,26,ets,87295.17549977219,86838.0,457.1754997721873
2025-06-23,52,naive,87041.0,85808.0,1233.0
2025-06-23,52,drift52,86722.0,85808.0,914.0
2025-06-23,52,seasonal_naive,87041.0,85808.0,1233.0
2025-06-23,52,seasonal_delta,86722.0,85808.0,914.0
2025-06-23,52,ets,87964.2678621994,85808.0,2156.267862199398
2025-06-30,13,naive,87334.0,87336.0,-2.0
2025-06-30,13,drift52,87304.25,87336.0,-31.75
2025-06-30,13,seasonal_naive,86618.0,87336.0,-718.0
2025-06-30,13,seasonal_delta,86499.0,87336.0,-837.0
2025-06-30,13,ets,87808.54707137444,87336.0,472.5470713744435
2025-06-30,26,naive,87334.0,86596.0,738.0
2025-06-30,26,drift52,87274.5,86596.0,678.5
2025-06-30,26,seasonal_naive,85618.0,86596.0,-978.0
2025-06-30,26,seasonal_delta,85499.0,86596.0,-1097.0
2025-06-30,26,ets,86616.84338468628,86596.0,20.843384686275385
2025-06-30,52,naive,87334.0,85761.0,1573.0
2025-06-30,52,drift52,87215.0,85761.0,1454.0
2025-06-30,52,seasonal_naive,87334.0,85761.0,1573.0
2025-06-30,52,seasonal_delta,87215.0,85761.0,1454.0
2025-06-30,52,ets,87221.95428553797,85761.0,1460.9542855379696
2025-07-07,13,naive,87488.0,87294.0,194.0
2025-07-07,13,drift52,87483.75,87294.0,189.75
2025-07-07,13,seasonal_naive,86803.0,87294.0,-491.0
2025-07-07,13,seasonal_delta,86786.0,87294.0,-508.0
2025-07-07,13,ets,87925.17589675334,87294.0,631.1758967533387
2025-07-07,26,naive,87488.0,86568.0,920.0
2025-07-07,26,drift52,87479.5,86568.0,911.5
2025-07-07,26,seasonal_naive,85689.0,86568.0,-879.0
2025-07-07,26,seasonal_delta,85672.0,86568.0,-896.0
2025-07-07,26,ets,86718.13945722915,86568.0,150.1394572291465
2025-07-07,52,naive,87488.0,85840.0,1648.0
2025-07-07,52,drift52,87471.0,85840.0,1631.0
2025-07-07,52,seasonal_naive,87488.0,85840.0,1648.0
2025-07-07,52,seasonal_delta,87471.0,85840.0,1631.0
2025-07-07,52,ets,87255.71927280242,85840.0,1415.7192728024238
2025-07-14,13,naive,87618.0,87432.0,186.0
2025-07-14,13,drift52,87686.75,87432.0,254.75
2025-07-14,13,seasonal_naive,87028.0,87432.0,-404.0
2025-07-14,13,seasonal_delta,87303.0,87432.0,-129.0
2025-07-14,13,ets,87970.60077026629,87432.0,538.60077026629
2025-07-14,26,naive,87618.0,86692.0,926.0
2025-07-14,26,drift52,87755.5,86692.0,1063.5
2025-07-14,26,seasonal_naive,85853.0,86692.0,-839.0
2025-07-14,26,seasonal_delta,86128.0,86692.0,-564.0
2025-07-14,26,ets,86817.11715222815,86692.0,125.1171522281511
2025-07-14,52,naive,87618.0,86037.0,1581.0
2025-07-14,52,drift52,87893.0,86037.0,1856.0
2025-07-14,52,seasonal_naive,87618.0,86037.0,1581.0
2025-07-14,52,seasonal_delta,87893.0,86037.0,1856.0
2025-07-14,52,ets,87251.52773938392,86037.0,1214.5277393839206
2025-07-21,13,naive,87835.0,87427.0,408.0
2025-07-21,13,drift52,87924.0,87427.0,497.0
2025-07-21,13,seasonal_naive,87465.0,87427.0,38.0
2025-07-21,13,seasonal_delta,87821.0,87427.0,394.0
2025-07-21,13,ets,87908.77368451614,87427.0,481.77368451614166
2025-07-21,26,naive,87835.0,86936.0,899.0
2025-07-21,26,drift52,88013.0,86936.0,1077.0
2025-07-21,26,seasonal_naive,86068.0,86936.0,-868.0
2025-07-21,26,seasonal_delta,86424.0,86936.0,-512.0
2025-07-21,26,ets,86980.30845561213,86936.0,44.30845561213209
2025-07-21,52,naive,87835.0,86098.0,1737.0
2025-07-21,52,drift52,88191.0,86098.0,2093.0
2025-07-21,52,seasonal_naive,87835.0,86098.0,1737.0
2025-07-21,52,seasonal_delta,88191.0,86098.0,2093.0
2025-07-21,52,ets,87334.92519437468,86098.0,1236.9251943746785
2025-07-28,13,naive,87966.0,87413.0,553.0
2025-07-28,13,drift52,88117.0,87413.0,704.0
2025-07-28,13,seasonal_naive,85867.0,87413.0,-1546.0
2025-07-28,13,seasonal_delta,86471.0,87413.0,-942.0
2025-07-28,13,ets,88370.07856934535,87413.0,957.0785693453508
2025-07-28,26,naive,87966.0,87212.0,754.0
2025-07-28,26,drift52,88268.0,87212.0,1056.0
2025-07-28,26,seasonal_naive,86463.0,87212.0,-749.0
2025-07-28,26,seasonal_delta,87067.0,87212.0,-145.0
2025-07-28,26,ets,87772.82103480812,87212.0,560.8210348081193
2025-07-28,52,naive,87966.0,86267.0,1699.0
2025-07-28,52,drift52,88570.0,86267.0,2303.0
2025-07-28,52,seasonal_naive,87966.0,86267.0,1699.0
2025-07-28,52,seasonal_delta,88570.0,86267.0,2303.0
2025-07-28,52,ets,88074.33750016274,86267.0,1807.3375001627428
2025-08-04,13,naive,88007.0,86888.0,1119.0
2025-08-04,13,drift52,88134.75,86888.0,1246.75
2025-08-04,13,seasonal_naive,85794.0,86888.0,-1094.0
2025-08-04,13,seasonal_delta,86305.0,86888.0,-583.0
2025-08-04,13,ets,88333.12462544933,86888.0,1445.1246254493308
2025-08-04,26,naive,88007.0,87249.0,758.0
2025-08-04,26,drift52,88262.5,87249.0,1013.5
2025-08-04,26,seasonal_naive,86802.0,87249.0,-447.0
2025-08-04,26,seasonal_delta,87313.0,87249.0,64.0
2025-08-04,26,ets,87888.0620300265,87249.0,639.0620300265
2025-08-04,52,naive,88007.0,86495.0,1512.0
2025-08-04,52,drift52,88518.0,86495.0,2023.0
2025-08-04,52,seasonal_naive,88007.0,86495.0,1512.0
2025-08-04,52,seasonal_delta,88518.0,86495.0,2023.0
2025-08-04,52,ets,88081.424126907,86495.0,1586.4241269070044
2025-08-11,13,naive,88238.0,86958.0,1280.0
2025-08-11,13,drift52,88324.25,86958.0,1366.25
2025-08-11,13,seasonal_naive,85826.0,86958.0,-1132.0
2025-08-11,13,seasonal_delta,86171.0,86958.0,-787.0
2025-08-11,13,ets,88290.51812833275,86958.0,1332.5181283327547
2025-08-11,26,naive,88238.0,87312.0,926.0
2025-08-11,26,drift52,88410.5,87312.0,1098.5
2025-08-11,26,seasonal_naive,86941.0,87312.0,-371.0
2025-08-11,26,seasonal_delta,87286.0,87312.0,-26.0
2025-08-11,26,ets,87957.29412924415,87312.0,645.2941292441537
2025-08-11,52,naive,88238.0,86536.0,1702.0
2025-08-11,52,drift52,88583.0,86536.0,2047.0
2025-08-11,52,seasonal_naive,88238.0,86536.0,1702.0
2025-08-11,52,seasonal_delta,88583.0,86536.0,2047.0
2025-08-11,52,ets,88070.13518062315,86536.0,1534.1351806231542
2025-08-18,13,naive,88273.0,87179.0,1094.0
2025-08-18,13,drift52,88282.75,87179.0,1103.75
2025-08-18,13,seasonal_naive,85933.0,87179.0,-1246.0
2025-08-18,13,seasonal_delta,85972.0,87179.0,-1207.0
2025-08-18,13,ets,88234.58367891105,87179.0,1055.5836789110472
2025-08-18,26,naive,88273.0,87433.0,840.0
2025-08-18,26,drift52,88292.5,87433.0,859.5
2025-08-18,26,seasonal_naive,87094.0,87433.0,-339.0
2025-08-18,26,seasonal_delta,87133.0,87433.0,-300.0
2025-08-18,26,ets,88019.22478536404,87433.0,586.2247853640438
2025-08-18,52,naive,88273.0,86722.0,1551.0
2025-08-18,52,drift52,88312.0,86722.0,1590.0
2025-08-18,52,seasonal_naive,88273.0,86722.0,1551.0
2025-08-18,52,seasonal_delta,88312.0,86722.0,1590.0
2025-08-18,52,ets,88038.16688555376,86722.0,1316.1668855537573
2025-09-01,13,naive,88424.0,87063.0,1361.0
2025-09-01,13,drift52,88399.75,87063.0,1336.75
2025-09-01,13,seasonal_naive,86059.0,87063.0,-1004.0
2025-09-01,13,seasonal_delta,85962.0,87063.0,-1101.0
2025-09-01,13,ets,87794.12834063593,87063.0,731.1283406359289
2025-09-01,26,naive,88424.0,87352.0,1072.0
2025-09-01,26,drift52,88375.5,87352.0,1023.5
2025-09-01,26,seasonal_naive,87316.0,87352.0,-36.0
2025-09-01,26,seasonal_delta,87219.0,87352.0,-133.0
2025-09-01,26,ets,88094.43392589617,87352.0,742.43392589617
2025-09-08,13,naive,88045.0,87056.0,989.0
2025-09-08,13,drift52,88473.0,87056.0,1417.0
2025-09-08,13,seasonal_naive,86089.0,87056.0,-967.0
2025-09-08,13,seasonal_delta,87801.0,87056.0,745.0
2025-09-08,13,ets,87427.82560249827,87056.0,371.8256024982693
2025-09-08,26,naive,88045.0,87616.0,429.0
2025-09-08,26,drift52,88901.0,87616.0,1285.0
2025-09-08,26,seasonal_naive,87416.0,87616.0,-200.0
2025-09-08,26,seasonal_delta,89128.0,87616.0,1512.0
2025-09-08,26,ets,88022.91410542639,87616.0,406.91410542638914
2025-09-15,13,naive,87578.0,86962.0,616.0
2025-09-15,13,drift52,87871.0,86962.0,909.0
2025-09-15,13,seasonal_naive,85960.0,86962.0,-1002.0
2025-09-15,13,seasonal_delta,87132.0,86962.0,170.0
2025-09-15,13,ets,87109.84768006041,86962.0,147.84768006041122
2025-09-15,26,naive,87578.0,87751.0,-173.0
2025-09-15,26,drift52,88164.0,87751.0,413.0
2025-09-15,26,seasonal_naive,87556.0,87751.0,-195.0
2025-09-15,26,seasonal_delta,88728.0,87751.0,977.0
2025-09-15,26,ets,87892.42250320046,87751.0,141.4225032004615
2025-09-22,13,naive,87459.0,86838.0,621.0
2025-09-22,13,drift52,87692.25,86838.0,854.25
2025-09-22,13,seasonal_naive,85877.0,86838.0,-961.0
2025-09-22,13,seasonal_delta,86810.0,86838.0,-28.0
2025-09-22,13,ets,85751.6625930524,86838.0,-1086.3374069475976
2025-09-22,26,naive,87459.0,87710.0,-251.0
2025-09-22,26,drift52,87925.5,87710.0,215.5
2025-09-22,26,seasonal_naive,87684.0,87710.0,-26.0
2025-09-22,26,seasonal_delta,88617.0,87710.0,907.0
2025-09-22,26,ets,86430.03875773506,87710.0,-1279.961242264937
2025-09-29,13,naive,87336.0,86596.0,740.0
2025-09-29,13,drift52,87515.5,86596.0,919.5
2025-09-29,13,seasonal_naive,85618.0,86596.0,-978.0
2025-09-29,13,seasonal_delta,86336.0,86596.0,-260.0
2025-09-29,13,ets,85862.1294047727,86596.0,-733.8705952273012
2025-09-29,26,naive,87336.0,87292.0,44.0
2025-09-29,26,drift52,87695.0,87292.0,403.0
2025-09-29,26,seasonal_naive,87919.0,87292.0,627.0
2025-09-29,26,seasonal_delta,88637.0,87292.0,1345.0
2025-09-29,26,ets,86315.67255974369,87292.0,-976.3274402563111
2025-10-06,13,naive,87294.0,86568.0,726.0
2025-10-06,13,drift52,87416.75,86568.0,848.75
2025-10-06,13,seasonal_naive,85689.0,86568.0,-879.0
2025-10-06,13,seasonal_delta,86180.0,86568.0,-388.0
2025-10-06,13,ets,85932.91296265162,86568.0,-635.0870373483776
2025-10-13,13,naive,87432.0,86692.0,740.0
2025-10-13,13,drift52,87533.0,86692.0,841.0
2025-10-13,13,seasonal_naive,85853.0,86692.0,-839.0
2025-10-13,13,seasonal_delta,86257.0,86692.0,-435.0
2025-10-13,13,ets,86037.31730892762,86692.0,-654.6826910723757
2025-10-13,26,naive,87432.0,86191.0,1241.0
2025-10-13,26,drift52,87634.0,86191.0,1443.0
2025-10-13,26,seasonal_naive,88081.0,86191.0,1890.0
2025-10-13,26,seasonal_delta,88485.0,86191.0,2294.0
2025-10-13,26,ets,86252.52969372124,86191.0,61.52969372124062
2025-10-20,13,naive,87427.0,86936.0,491.0
2025-10-20,13,drift52,87417.5,86936.0,481.5
2025-10-20,13,seasonal_naive,86068.0,86936.0,-868.0
2025-10-20,13,seasonal_delta,86030.0,86936.0,-906.0
2025-10-20,13,ets,86309.56535131145,86936.0,-626.4346486885479
2025-10-20,26,naive,87427.0,86073.0,1354.0
2025-10-20,26,drift52,87408.0,86073.0,1335.0
2025-10-20,26,seasonal_naive,88082.5,86073.0,2009.5
2025-10-20,26,seasonal_delta,88044.5,86073.0,1971.5
2025-10-20,26,ets,86329.93164127048,86073.0,256.9316412704793
2025-10-27,13,naive,87413.0,87212.0,201.0
2025-10-27,13,drift52,87799.5,87212.0,587.5
2025-10-27,13,seasonal_naive,86463.0,87212.0,-749.0
2025-10-27,13,seasonal_delta,88009.0,87212.0,797.0
2025-10-27,13,ets,86536.93819913358,87212.0,-675.0618008664169
2025-10-27,26,naive,87413.0,85704.0,1709.0
2025-10-27,26,drift52,88186.0,85704.0,2482.0
2025-10-27,26,seasonal_naive,88084.0,85704.0,2380.0
2025-10-27,26,seasonal_delta,89630.0,85704.0,3926.0
2025-10-27,26,ets,86367.04683145898,85704.0,663.0468314589816
2025-11-03,13,naive,86888.0,87249.0,-361.0
2025-11-03,13,drift52,87161.5,87249.0,-87.5
2025-11-03,13,seasonal_naive,86802.0,87249.0,-447.0
2025-11-03,13,seasonal_delta,87896.0,87249.0,647.0
2025-11-03,13,ets,86640.95285082475,87249.0,-608.0471491752542
2025-11-10,13,naive,86958.0,87312.0,-354.0
2025-11-10,13,drift52,87241.0,87312.0,-71.0
2025-11-10,13,seasonal_naive,86941.0,87312.0,-371.0
2025-11-10,13,seasonal_delta,88073.0,87312.0,761.0
2025-11-10,13,ets,86680.95401642294,87312.0,-631.0459835770598
2025-11-10,26,naive,86958.0,85911.0,1047.0
2025-11-10,26,drift52,87524.0,85911.0,1613.0
2025-11-10,26,seasonal_naive,88087.0,85911.0,2176.0
2025-11-10,26,seasonal_delta,89219.0,85911.0,3308.0
2025-11-10,26,ets,86440.80450193204,85911.0,529.8045019320416
2025-11-17,13,naive,87179.0,87433.0,-254.0
2025-11-17,13,drift52,87490.5,87433.0,57.5
2025-11-17,13,seasonal_naive,87094.0,87433.0,-339.0
2025-11-17,13,seasonal_delta,88340.0,87433.0,907.0
2025-11-17,13,ets,87191.96932966472,87433.0,-241.0306703352835
2025-11-17,26,naive,87179.0,85992.0,1187.0
2025-11-17,26,drift52,87802.0,85992.0,1810.0
2025-11-17,26,seasonal_naive,88103.0,85992.0,2111.0
2025-11-17,26,seasonal_delta,89349.0,85992.0,3357.0
2025-11-17,26,ets,86818.45862143303,85992.0,826.4586214330338
2025-11-24,13,naive,87332.0,87367.0,-35.0
2025-11-24,13,drift52,87655.5,87367.0,288.5
2025-11-24,13,seasonal_naive,87199.0,87367.0,-168.0
2025-11-24,13,seasonal_delta,88493.0,87367.0,1126.0
2025-11-24,13,ets,87226.12316427221,87367.0,-140.8768357277877
2025-12-01,13,naive,87063.0,87352.0,-289.0
2025-12-01,13,drift52,87314.0,87352.0,-38.0
2025-12-01,13,seasonal_naive,87316.0,87352.0,-36.0
2025-12-01,13,seasonal_delta,88320.0,87352.0,968.0
2025-12-01,13,ets,87264.20530071766,87352.0,-87.79469928234175
2025-12-01,26,naive,87063.0,85920.0,1143.0
2025-12-01,26,drift52,87565.0,85920.0,1645.0
2025-12-01,26,seasonal_naive,87864.0,85920.0,1944.0
2025-12-01,26,seasonal_delta,88868.0,85920.0,2948.0
2025-12-01,26,ets,86746.37582676166,85920.0,826.3758267616649
2025-12-08,13,naive,87056.0,87616.0,-560.0
2025-12-08,13,drift52,87297.75,87616.0,-318.25
2025-12-08,13,seasonal_naive,87416.0,87616.0,-200.0
2025-12-08,13,seasonal_delta,88383.0,87616.0,767.0
2025-12-08,13,ets,87189.47215949197,87616.0,-426.52784050803166
2025-12-08,26,naive,87056.0,85936.0,1120.0
2025-12-08,26,drift52,87539.5,85936.0,1603.5
2025-12-08,26,seasonal_naive,87441.0,85936.0,1505.0
2025-12-08,26,seasonal_delta,88408.0,85936.0,2472.0
2025-12-08,26,ets,86802.11739422803,85936.0,866.1173942280293
2025-12-15,13,naive,86962.0,87751.0,-789.0
2025-12-15,13,drift52,87212.5,87751.0,-538.5
2025-12-15,13,seasonal_naive,87556.0,87751.0,-195.0
2025-12-15,13,seasonal_delta,88558.0,87751.0,807.0
2025-12-15,13,ets,88168.6145017437,87751.0,417.61450174369384
2025-12-15,26,naive,86962.0,85848.0,1114.0
2025-12-15,26,drift52,87463.0,85848.0,1615.0
2025-12-15,26,seasonal_naive,87032.0,85848.0,1184.0
2025-12-15,26,seasonal_delta,88034.0,85848.0,2186.0
2025-12-15,26,ets,87893.61132954915,85848.0,2045.6113295491523
2025-12-22,13,naive,86838.0,87710.0,-872.0
2025-12-22,13,drift52,87078.25,87710.0,-631.75
2025-12-22,13,seasonal_naive,87684.0,87710.0,-26.0
2025-12-22,13,seasonal_delta,88645.0,87710.0,935.0
2025-12-22,13,ets,88088.09209979848,87710.0,378.09209979847947
2025-12-22,26,naive,86838.0,85808.0,1030.0
2025-12-22,26,drift52,87318.5,85808.0,1510.5
2025-12-22,26,seasonal_naive,87041.0,85808.0,1233.0
2025-12-22,26,seasonal_delta,88002.0,85808.0,2194.0
2025-12-22,26,ets,88025.4477385917,85808.0,2217.447738591698
2025-12-29,13,naive,86596.0,87292.0,-696.0
2025-12-29,13,drift52,86840.5,87292.0,-451.5
2025-12-29,13,seasonal_naive,87919.0,87292.0,627.0
2025-12-29,13,seasonal_delta,88897.0,87292.0,1605.0
2025-12-29,13,ets,87972.77438637514,87292.0,680.7743863751384
2025-12-29,26,naive,86596.0,85761.0,835.0
2025-12-29,26,drift52,87085.0,85761.0,1324.0
2025-12-29,26,seasonal_naive,87334.0,85761.0,1573.0
2025-12-29,26,seasonal_delta,88312.0,85761.0,2551.0
2025-12-29,26,ets,88092.8471376002,85761.0,2331.847137600198
2026-01-05,26,naive,86568.0,85840.0,728.0
2026-01-05,26,drift52,87007.5,85840.0,1167.5
2026-01-05,26,seasonal_naive,87488.0,85840.0,1648.0
2026-01-05,26,seasonal_delta,88367.0,85840.0,2527.0
2026-01-05,26,ets,88146.03831991687,85840.0,2306.038319916872
2026-01-12,13,naive,86692.0,86191.0,501.0
2026-01-12,13,drift52,86901.75,86191.0,710.75
2026-01-12,13,seasonal_naive,88081.0,86191.0,1890.0
2026-01-12,13,seasonal_delta,88920.0,86191.0,2729.0
2026-01-12,13,ets,86799.94635030579,86191.0,608.9463503057923
2026-01-12,26,naive,86692.0,86037.0,655.0
2026-01-12,26,drift52,87111.5,86037.0,1074.5
2026-01-12,26,seasonal_naive,87618.0,86037.0,1581.0
2026-01-12,26,seasonal_delta,88457.0,86037.0,2420.0
2026-01-12,26,ets,86988.03578064869,86037.0,951.0357806486863
2026-01-19,13,naive,86936.0,86073.0,863.0
2026-01-19,13,drift52,87153.0,86073.0,1080.0
2026-01-19,13,seasonal_naive,88082.5,86073.0,2009.5
2026-01-19,13,seasonal_delta,88950.5,86073.0,2877.5
2026-01-19,13,ets,86786.45693260868,86073.0,713.4569326086785
2026-01-19,26,naive,86936.0,86098.0,838.0
2026-01-19,26,drift52,87370.0,86098.0,1272.0
2026-01-19,26,seasonal_naive,87835.0,86098.0,1737.0
2026-01-19,26,seasonal_delta,88703.0,86098.0,2605.0
2026-01-19,26,ets,87097.54863842751,86098.0,999.5486384275137
2026-01-26,13,naive,87212.0,85704.0,1508.0
2026-01-26,13,drift52,87399.25,85704.0,1695.25
2026-01-26,13,seasonal_naive,88084.0,85704.0,2380.0
2026-01-26,13,seasonal_delta,88833.0,85704.0,3129.0
2026-01-26,13,ets,86800.7762845758,85704.0,1096.776284575797
2026-01-26,26,naive,87212.0,86267.0,945.0
2026-01-26,26,drift52,87586.5,86267.0,1319.5
2026-01-26,26,seasonal_naive,87966.0,86267.0,1699.0
2026-01-26,26,seasonal_delta,88715.0,86267.0,2448.0
2026-01-26,26,ets,87181.03706556164,86267.0,914.0370655616425
2026-02-02,26,naive,87249.0,86495.0,754.0
2026-02-02,26,drift52,87472.5,86495.0,977.5
2026-02-02,26,seasonal_naive,88007.0,86495.0,1512.0
2026-02-02,26,seasonal_delta,88454.0,86495.0,1959.0
2026-02-02,26,ets,87208.35296522318,86495.0,713.352965223181
2026-02-09,13,naive,87312.0,85911.0,1401.0
2026-02-09,13,drift52,87404.75,85911.0,1493.75
2026-02-09,13,seasonal_naive,88087.0,85911.0,2176.0
2026-02-09,13,seasonal_delta,88458.0,85911.0,2547.0
2026-02-09,13,ets,87091.46560446182,85911.0,1180.4656044618168
2026-02-09,26,naive,87312.0,86536.0,776.0
2026-02-09,26,drift52,87497.5,86536.0,961.5
2026-02-09,26,seasonal_naive,88238.0,86536.0,1702.0
2026-02-09,26,seasonal_delta,88609.0,86536.0,2073.0
2026-02-09,26,ets,87383.35241742992,86536.0,847.3524174299237
2026-02-16,13,naive,87433.0,85992.0,1441.0
2026-02-16,13,drift52,87517.75,85992.0,1525.75
2026-02-16,13,seasonal_naive,88103.0,85992.0,2111.0
2026-02-16,13,seasonal_delta,88442.0,85992.0,2450.0
2026-02-16,13,ets,86972.25309491652,85992.0,980.253094916523
2026-02-16,26,naive,87433.0,86722.0,711.0
2026-02-16,26,drift52,87602.5,86722.0,880.5
2026-02-16,26,seasonal_naive,88273.0,86722.0,1551.0
2026-02-16,26,seasonal_delta,88612.0,86722.0,1890.0
2026-02-16,26,ets,87421.82730189241,86722.0,699.8273018924083
2026-02-23,26,naive,87367.0,86843.0,524.0
2026-02-23,26,drift52,87451.0,86843.0,608.0
2026-02-23,26,seasonal_naive,88348.5,86843.0,1505.5
2026-02-23,26,seasonal_delta,88516.5,86843.0,1673.5
2026-02-23,26,ets,87497.16216714625,86843.0,654.162167146249
2026-03-02,13,naive,87352.0,85920.0,1432.0
2026-03-02,13,drift52,87361.0,85920.0,1441.0
2026-03-02,13,seasonal_naive,87864.0,85920.0,1944.0
2026-03-02,13,seasonal_delta,87900.0,85920.0,1980.0
2026-03-02,13,ets,86922.02945041122,85920.0,1002.0294504112244
2026-03-09,13,naive,87616.0,85936.0,1680.0
2026-03-09,13,drift52,87666.0,85936.0,1730.0
2026-03-09,13,seasonal_naive,87441.0,85936.0,1505.0
2026-03-09,13,seasonal_delta,87641.0,85936.0,1705.0
2026-03-09,13,ets,87438.16447561502,85936.0,1502.16447561502
2026-03-16,13,naive,87751.0,85848.0,1903.0
2026-03-16,13,drift52,87799.75,85848.0,1951.75
2026-03-16,13,seasonal_naive,87032.0,85848.0,1184.0
2026-03-16,13,seasonal_delta,87227.0,85848.0,1379.0
2026-03-16,13,ets,87453.57440605843,85848.0,1605.5744060584257
2026-03-23,13,naive,87710.0,85808.0,1902.0
2026-03-23,13,drift52,87716.5,85808.0,1908.5
2026-03-23,13,seasonal_naive,87041.0,85808.0,1233.0
2026-03-23,13,seasonal_delta,87067.0,85808.0,1259.0
2026-03-23,13,ets,87532.03559777184,85808.0,1724.0355977718427
2026-03-30,13,naive,87292.0,85761.0,1531.0
2026-03-30,13,drift52,87135.25,85761.0,1374.25
2026-03-30,13,seasonal_naive,87334.0,85761.0,1573.0
2026-03-30,13,seasonal_delta,86707.0,85761.0,946.0
2026-03-30,13,ets,87584.24321828227,85761.0,1823.2432182822668
2026-04-13,13,naive,86191.0,86037.0,154.0
2026-04-13,13,drift52,85718.5,86037.0,-318.5
2026-04-13,13,seasonal_naive,87618.0,86037.0,1581.0
2026-04-13,13,seasonal_delta,85728.0,86037.0,-309.0
2026-04-13,13,ets,87636.76665915642,86037.0,1599.7666591564193
2026-04-20,13,naive,86073.0,86098.0,-25.0
2026-04-20,13,drift52,85570.625,86098.0,-527.375
2026-04-20,13,seasonal_naive,87835.0,86098.0,1737.0
2026-04-20,13,seasonal_delta,85825.5,86098.0,-272.5
2026-04-20,13,ets,87753.4061454298,86098.0,1655.4061454298062
2026-04-27,13,naive,85704.0,86267.0,-563.0
2026-04-27,13,drift52,85109.0,86267.0,-1158.0
2026-04-27,13,seasonal_naive,87966.0,86267.0,1699.0
2026-04-27,13,seasonal_delta,85586.0,86267.0,-681.0
2026-04-27,13,ets,87857.63179257831,86267.0,1590.6317925783078
2026-05-11,13,naive,85911.0,86536.0,-625.0
2026-05-11,13,drift52,85367.0,86536.0,-1169.0
2026-05-11,13,seasonal_naive,88238.0,86536.0,1702.0
2026-05-11,13,seasonal_delta,86062.0,86536.0,-474.0
2026-05-11,13,ets,87898.70773949561,86536.0,1362.707739495614
2026-05-18,13,naive,85992.0,86722.0,-730.0
2026-05-18,13,drift52,85464.25,86722.0,-1257.75
2026-05-18,13,seasonal_naive,88273.0,86722.0,1551.0
2026-05-18,13,seasonal_delta,86162.0,86722.0,-560.0
2026-05-18,13,ets,87870.8226187111,86722.0,1148.8226187110995
